priority,show,exhibitor,amazon_presence_summary,smartscout_brand,monthly_revenue_usd,total_products,avg_rating,total_reviews,primary_subcategory,amazon_url,search_term,org_type_flag,smartscout_checked,match_confidence,other_candidates,google_amazon_presence,google_note,amazon_direct_search,amazon_direct_search_note,amazon_brand_name,amazon_store_url,amazon_sold_by,amazon_verified,SS_Brand_Match,SS_Match_Confidence,SS_Category,SS_Subcategory,SS_Monthly_Revenue,SS_TTM_Revenue,SS_Total_Products,SS_Total_Reviews,SS_Avg_Rating,SS_Avg_Price,SS_Avg_Sellers,SS_Single_Seller_Name,SS_Amazon_1P_Pct,SS_MoM_Growth,SS_12M_MoM_Growth,SS_Has_Storefront,SS_Storefront_URL,SS_Top_Products,SS_Seller_Coverage,SS_Seller_Count,SS_Seller_Type,SS_Reseller_Share_Pct,Angle,Angle_Data_Points,Subject,Email,QA_Flags,Processed_At
1 - Confirmed on Amazon,FNCE 2025,Life Extension,YES on Amazon (SmartScout),Life Extension,15056755.95,631.0,4.5,467763.0,Magnesium Mineral Supplements,,Life Extension,,Yes,exact,Life ExtensionAurola (unrelated),,,Not needed,,,,,SmartScout,Life Extension,exact,Health & Household,Magnesium Mineral Supplements,14988387.83,193566295.33,630,467862,4.5,31.23,1.7,Amazon.com,81.6,0.027,0.2,False,,"Life Extension Neuro-Mag Magnesium L-Threonate, 90 Vegetarian Capsules | B006P536E6 | $2,016,213; Life Extension NAD+ Cell Regenerator and Resveratrol Elite, 30 Capsules | B08PMJFLP8 | $724,548; Life Extension Magnesium Glycinate, 90 Capsules | B0DMTV24LR | $370,728; Life Extension Super K, Vitamin K1 and K2, 90 Softgels | B07RL1J9BV | $364,111; Life Extension Ultra Prostate Formula with Saw Palmetto, 60 Softgels | B076S1MKDY | $345,710",Amazon.com: 81.6%; Life Extension Buyers Club: 8.9%; Peak10 Health LLC: 8.5%; RS E.commerce LLC: 0.3%; DealsonAmzon: 0.3%,10,Amazon 1P,9.5,"Large brand: Amazon 1P ~82%, third-party reseller Peak10 Health ~8.5% (~$1.3M/mo); narrow reseller angle",Amazon 1P 81.6%; Peak10 Health 8.5% share = ~$1.28M/mo; monthly rev ~$15.0M,Life Extension reseller share on Amazon,"Hi {{first_name}},

Saw that Life Extension exhibited at FNCE last year.

From what we can see, Amazon itself sells about 80% of your volume on the marketplace, and one third-party seller, Peak10 Health, is moving roughly $1.3M a month of your products on its own. That is a lot of pricing and content sitting outside your direct control.

We manage Amazon for brands end to end, including strategy, content, advertising, inventory and operations, and we work in 1P, 3P or hybrid setups.

Open to a 20 minute look at the reseller side specifically?

Yoni
","very large brand (>$5M/mo), narrow ask used",2026-09-25T14:36:48
1 - Confirmed on Amazon,FNCE 2025,"Orgain, LLC",YES on Amazon (SmartScout),Orgain,14551655.23,212.0,4.37,280964.0,Sports Nutrition Protein Powder Blends,,Orgain,,Yes,exact,OrgainOrganic Nutritional Shake (0),,,Not needed,,,,,SmartScout,Orgain,exact,Health & Household,Sports Nutrition Protein Powder Blends,15210524.8,198048732.29,185,305086,4.37,39.15,1.56,Amazon.com,99.7,-0.107,0.153,True,https://www.amazon.com/stores/Orgain/page/23B0D55F-4E42-4EB7-AAD7-235C4F96E4E3,"Orgain Organic Vegan 21g Protein Powder, Vanilla Bean, 2.03 lb | B00J074W7Q | $1,990,031; Orgain Organic Vegan Protein Powder, Creamy Chocolate Fudge, 2.03 lb | B00J074W94 | $1,334,562; Orgain Organic Vegan 21g Protein + Superfoods Powder, Vanilla Bean, 2.02lb | B07PXNNFGT | $869,569; Orgain Hydrolyzed Collagen Peptides Powder, Unflavored, 1lb | B07BL69CD2 | $810,966; Orgain Organic Kids Protein Nutritional Shake, Chocolate, 12 Count | B00BKL4KKY | $557,423","Amazon.com: 99.7%; Whole Foods Market: 0.1%; SwiftCreek: 0.1%; Carpe Diem Trading, Inc: 0.0%; G Dreamer: 0.0%",6,Amazon 1P,0.3,"Large brand: ~100% Amazon 1P, no 3P layer; hybrid angle",Amazon 1P 99.7%; monthly rev ~$15.2M; MoM -10.7%,Orgain's Amazon setup,"Hi {{first_name}},

Saw that Orgain exhibited at FNCE last year.

Looking at your listings, essentially all of Orgain's Amazon revenue, somewhere around $15M a month, runs through Amazon as the vendor. There is no 3P layer underneath it, so pricing, inventory and buying decisions sit entirely with Amazon.

We manage Amazon for brands end to end, and that includes hybrid setups where 1P stays where it works and specific products move to Seller Central for margin or control.

Would a 20 minute conversation on the hybrid option be worth your time?

Yoni
","very large brand (>$5M/mo), narrow ask used",2026-09-25T14:36:48
1 - Confirmed on Amazon,FNCE 2025,NOW Foods,YES on Amazon (SmartScout),NOW Foods,8888202.84,1390.0,4.57,766420.0,Blended Vitamin & Mineral Supplements,,NOW Foods,,Yes,exact,"Now Foods: Gluten Digest ($840, 1 product); NOW Foods Food Products (0)",,,Not needed,,,,,SmartScout,NOW Foods,exact,Health & Household,Blended Vitamin & Mineral Supplements,8767706.94,122925053.49,1394,790374,4.57,41.46,3.68,,60.6,0.009,0.171,True,https://www.amazon.com/stores/NOW/page/7C89AA39-7209-4289-AA91-6D186B43F3C6,"NOW Supplements, Psyllium Husk Caps 500mg, 200 Veg Caps | B005P0XUAM | $500,500; NOW Supplements, Psyllium Husk Caps 500mg, 500 Veg Caps | B0013OW2KS | $323,329; NOW Supplements, NAC 600 mg with Selenium, 250 Veg Capsules | B0013OUQ3S | $318,743; Now Foods Magnesium Glycinate, 240 Tablets | B0CB984SHQ | $211,964; NOW Foods Supplements, Glycine 1,000 mg, 100 Veg Capsules | B002J0RHTQ | $194,774",Amazon.com: 60.6%; Highland Health Foods: 11.4%; Green Valley Health Market LLC: 10.3%; Nutri Catalog: 7.1%; Vitamins4Beauty: 1.5%,10,Mixed,34.9,"Large brand: third-party resellers ~39% of Amazon revenue (Highland Health Foods, Green Valley Health Market, Nutri Catalog)",Amazon 1P 60.6%; Highland Health Foods 11.4% + Green Valley 10.3% = ~$1.87M/mo; reseller share ~39%; monthly rev ~$8.8M,NOW Foods third-party sellers on Amazon,"Hi {{first_name}},

Saw that NOW Foods exhibited at FNCE last year.

From what we can see, roughly 40% of NOW's Amazon revenue is going through third-party sellers rather than Amazon or NOW directly. Highland Health Foods and Green Valley Health Market alone look like about $1.9M a month combined, each on a large chunk of your catalog.

At that size, that is a meaningful piece of pricing, content and Buy Box you don't control.

We manage Amazon for brands end to end, including strategy, content, advertising, inventory and operations.

Open to a 20 minute look at the reseller picture specifically?

Yoni
","very large brand (>$5M/mo), narrow ask used",2026-09-25T14:36:48
1 - Confirmed on Amazon,FNCE 2025,OWYN,YES on Amazon (SmartScout),OWYN Only What You Need,2852429.14,74.0,4.18,23413.0,Protein Drinks,,OWYN,,Yes,exact,,,,Not needed,,,,,SmartScout,OWYN Only What You Need,exact,Health & Household,Protein Drinks,2852429.14,37102670.92,74,23413,4.18,62.57,2.01,Only What You Need,90.1,-0.153,-0.065,False,,"OWYN 32g Chocolate Flavored Protein Shake, 12 Ct | B08B2J4DKZ | $359,474; OWYN Dark Chocolate Flavored 20g Protein Shake, 12 Ct | B0764GPB51 | $344,480; OWYN 32g Pro Elite Vanilla Flavored Protein Shake, 12 Ct | B08B7B3CF8 | $254,205; OWYN Chocolate Flavored 30g Protein Powder, 2.96 LB | B0CV87Q4VJ | $198,541; OWYN Vanilla Flavored 30g Protein Powder, 2.96 LB | B0CV8N9HWF | $194,866",Amazon.com: 90.1%; Alegacy: 2.9%; East Coast Fulfillment VA: 1.4%; Top shelf Goods: 1.3%; lu lu auto shop: 0.9%,10,Amazon 1P,8.9,Amazon 1P ~90% with negative 12-month trend and no storefront flagged,Amazon 1P 90.1%; monthly rev ~$2.85M; 12M MoM growth -6.5%; Has Storefront false,OWYN's Amazon channel,"Hi {{first_name}},

Saw that OWYN exhibited at FNCE last year.

From what we can see, OWYN is doing somewhere around $2.8M a month on Amazon, with about 90% of it going through Amazon as the vendor. We also don't see a brand store attached to the listings, which is unusual at that volume, and the trailing 12 month trend looks slightly negative.

We manage Amazon for brands end to end, including strategy, content, advertising, inventory and operations, and we run 1P, 3P and hybrid setups depending on what the product needs.

Would it make sense to have a quick conversation?

Yoni
",,2026-09-25T14:36:48
1 - Confirmed on Amazon,FNCE 2025,Huel,YES on Amazon (SmartScout),Huel,2637907.45,76.0,3.89,5886.0,Sports Nutrition Protein Powder Blends,,Huel,,Yes,exact,,,,Not needed,,,,,SmartScout,Huel,exact,Health & Household,Sports Nutrition Protein Powder Blends,2638034.5,19066089.45,76,5169,3.89,54.66,1.21,,0,0.143,0.703,True,https://www.amazon.com/stores/Huel/page/B0885F23-B036-4EEA-8724-D20A8C60E234,"Huel Black Edition | Chocolate 40g Vegan Protein Powder | B0BF5STD3J | $295,511; Huel Black Edition Ready-to-Drink | Meal Replacement Protein Shake | B0FVYFSHQN | $194,170; Huel Black Edition | Vanilla | 40g Vegan Protein Powder | B085W7MZHR | $184,049; Huel Black Edition | Chocolate Peanut Butter | 40g Vegan Protein Powder | B0G62ZNV71 | $180,870; Huel Black Edition Ready-to-Drink | Meal Replacement Protein Shake | B0D2DXRXHR | $134,896",Huel Inc: 99.3%; PRIME PHARMA: 0.2%; Moon Merch LLC: 0.2%; Smart Selections Co.: 0.1%; NexxtDay: 0.1%,9,Brand direct,0.7,Strong growing brand direct; weak review base and sub-4 rating for the volume,"Brand direct (Huel Inc) 99.3%; monthly rev ~$2.64M; 12M MoM +70%; 5,169 reviews across 76 products; avg rating 3.89",Huel reviews and ratings on Amazon,"Hi {{first_name}},

Saw that Huel exhibited at FNCE last year.

From what we can see, Huel is doing roughly $2.6M a month on Amazon, all sold direct, and the trailing 12 month trend is strongly up. The one thing that stands out is the review side: about 5,000 reviews across the whole catalog and an average rating under 4 stars, which is low for that volume and will cap conversion as ad spend grows.

We help brands build and grow their Amazon business, managing everything from strategy and setup through content, advertising, inventory and day-to-day operations.

Open to a short call on the review and content side?

Yoni
",,2026-09-25T14:36:48
1 - Confirmed on Amazon,FNCE 2025,OLIPOP,YES on Amazon (SmartScout),Olipop,2448854.4,113.0,4.39,16874.0,Soda Soft Drinks,,OLIPOP,,Yes,exact,,,,Not needed,,,,,SmartScout,Olipop,exact,Grocery & Gourmet Food,Soda Soft Drinks,2441591.9,34430449.29,113,16875,4.39,20.48,1.84,WishingUWell,84.3,-0.238,0.892,True,https://www.amazon.com/stores/OLIPOP/page/13DF7D6C-D88B-4C36-AC1E-B8599E9EEB60,"OLIPOP 6g Fiber Prebiotic Soda, Vintage Cola, 12 Pack | B0DJN5B63J | $183,249; OLIPOP Prebiotic Soda, Favorites Variety, 12 Pack | B0DWH3NDP5 | $179,317; OLIPOP Prebiotic Soda, Crisp Apple, 12 Pack | B0FD16JTPQ | $168,732; OLIPOP Prebiotic Soda, Cream Soda, 12 Pack | B0DJN77TCS | $131,318; OLIPOP Prebiotic Soda, Classic Grape, 12 Pack | B0DJN7B6HC | $126,855",Amazon.com: 84.3%; OLIPOP: 10.7%; Whole Foods Market: 2.4%; Spray and Pray LLC: 1.1%; EWill: 0.5%,10,Amazon 1P,4.8,Amazon 1P ~84% with brand's own 3P account at ~11%; hybrid split angle,Amazon 1P 84.3%; OLIPOP seller 10.7%; monthly rev ~$2.44M,OLIPOP's 1P and 3P split,"Hi {{first_name}},

Saw that OLIPOP exhibited at FNCE last year.

Looking at your listings, OLIPOP is doing roughly $2.4M a month on Amazon, and about 85% of that is Amazon selling as the vendor. Your own seller account is on there too, but only at around 10% of the volume, so the pricing and inventory decisions on the core 12 packs still sit with Amazon.

We manage Amazon for brands end to end, including hybrid 1P/3P setups at the product level, so a brand keeps vendor where it works and takes control where it doesn't.

Would a 20 minute conversation on the hybrid split be worth your time?

Yoni
",,2026-09-25T14:36:48
1 - Confirmed on Amazon,FNCE 2025,McGraw Hill,YES on Amazon (SmartScout),McGraw-Hill Education,2125950.0,4649.0,4.48,614954.0,Pathology Clinical Chemistry,,McGraw Hill,,Yes,close,"McGraw Hill-Ascent and Blackstone Publishing ($674.56); McGraw Hill Irwin ($199.08); McGraw-Hill Education TAB ($2,326.93)",,matched via retry 'McGraw-Hill',Not needed,,,,,SmartScout,McGraw-Hill Education,exact,Books,Pathology Clinical Chemistry,2122801.66,6901700.97,4621,612109,4.49,76.6,9.4,,21.2,0.246,-0.98,False,,"First Aid for the USMLE Step 1 2026 | 1264775784 | $17,703; Principles And Practice of Mechanical Ventilation, Third Edition | 0071736263 | $12,318; Atlas of Emergency Medicine, Fifth Edition | 1260134946 | $9,206; Tintinalli's Emergency Medicine, 9th Edition | 1260019934 | $8,204; Goldfrank's Toxicologic Emergencies, Eleventh Edition | 1259859614 | $8,008",Amazon.com: 21.2%; McGrawHill: 7.2%; ColumbusTextbooks: 6.7%; Tome Dealers: 4.5%; bookhunter188: 3.6%,10,Mixed,24.0,"Publisher: ~70% of Amazon revenue via textbook resellers, Amazon 21%, own account 7%","Amazon 21.2%; McGrawHill seller 7.2%; reseller share ~72%; monthly rev ~$2.12M; 4,621 products",McGraw Hill titles on Amazon,"Hi {{first_name}},

Saw that McGraw Hill exhibited at FNCE last year.

From what we can see, McGraw Hill titles do somewhere around $2M a month on Amazon, but only about a fifth of that goes through Amazon directly and under 10% through your own seller account. The rest, roughly 70%, is textbook resellers like ColumbusTextbooks and Tome Dealers.

Some of that is the used book market and unavoidable. But the new copy Buy Box, pricing and listing content on the top titles is something a publisher can take back.

We manage Amazon for brands end to end, including strategy, content, advertising, inventory and operations.

Open to a short call on it?

Yoni
","education publisher, weaker fit for consumer brand pitch; reseller share includes used-book sellers",2026-09-25T14:36:48
1 - Confirmed on Amazon,FNCE 2025,Perelel,YES on Amazon (SmartScout),Perelel,1838346.66,24.0,4.25,2233.0,Prenatal Vitamins,https://www.amazon.com/stores/Perelel/page/CC2F5569-8B43-4FF7-A1D7-2001CA697B27,Perelel,,Yes,exact,,Yes,Amazon storefront found,Not needed,,,,,SmartScout,Perelel,exact,Health & Household,Prenatal Vitamins,1838346.66,14171589.92,24,2233,4.25,54.44,0.88,,0,0.045,4.485,True,https://www.amazon.com/stores/Perelel/page/CC2F5569-8B43-4FF7-A1D7-2001CA697B27,"Perelel Conception Fertility Prenatal Vitamins | B0CPKSZJGM | $358,083; Perelel 2nd Trimester Prenatal Vitamins | B0CSGXY5V5 | $237,567; Perelel 1st Trimester Prenatal Vitamins | B0CSH5PMHQ | $236,215; Perelel Mom Multi Postnatal Vitamins | B0CPL9CTT8 | $230,045; Perelel 3rd Trimester Prenatal Vitamins | B0CSGZLNY4 | $176,926",Perelel Health: 100%,1,Brand direct,0,Strong growing brand direct; thin review base for the volume,"Brand direct (Perelel Health) 100%; monthly rev ~$1.84M; 12M MoM +449%; 2,233 reviews on 24 products",Perelel's next stage on Amazon,"Hi {{first_name}},

Saw that Perelel exhibited at FNCE last year.

From what we can see, Perelel is doing roughly $1.8M a month on Amazon, all sold direct through your own account, and growth over the last year has been steep. What stands out is that the whole catalog sits on about 2,000 reviews, which is thin for that volume and makes every listing more dependent on ad spend than it needs to be.

We help brands build and grow their Amazon business, managing everything from strategy and setup through content, advertising, inventory and day-to-day operations.

Is it worth a short call on where the channel goes from here?

Yoni
",,2026-09-25T14:36:48
1 - Confirmed on Amazon,FNCE 2025,Microbiome Labs,YES on Amazon (SmartScout),Microbiome Labs,1836680.8,34.0,4.54,6959.0,Probiotic Nutritional Supplements,,Microbiome Labs,,Yes,exact,,,,Not needed,,,,,SmartScout,Microbiome Labs,exact,Health & Household,Probiotic Nutritional Supplements,1836680.8,26851693.84,34,6959,4.54,68,1.5,FortressBrand,0,-0.085,0.457,True,https://www.amazon.com/stores/MicrobiomeLabs/page/7D152897-8F9E-4787-A2FE-3BE9D1940825,"Microbiome Labs MegaSporeBiotic Daily Probiotic, 60 Ct | B07TJ4TH8Q | $611,752; Microbiome Labs Mega SporeBiotic Daily Probiotic, 180 Ct | B08YP9TKVR | $340,779; Microbiome Labs Mega IgG2000 Capsules, 120 Capsules | B0871XRYQK | $118,313; Microbiome Labs Mega IgG2000 Gut Health Powder, 2.1 Ounces | B09Z143WS7 | $107,044; Microbiome Labs HU58, Bacillus Subtilis, 60 Ct | B087N2NPM9 | $84,185",Front Row Group: 90.3%; Vital Supplements Supplies: 4.0%; upup365: 3.4%; Supply Distributor: 2.3%,4,Third-party resellers,100.0,Distributor (Front Row Group) sells ~90%; brand not selling direct; distributor-model angle,Front Row Group 90.3%; brand direct 0%; monthly rev ~$1.84M; 12M MoM +46%,Microbiome Labs distributor setup on Amazon,"Hi {{first_name}},

Saw that Microbiome Labs exhibited at FNCE last year.

From what we can see, Microbiome Labs does roughly $1.8M a month on Amazon, and about 90% of it is sold by Front Row Group rather than by the brand or Amazon. That means the listings, pricing and ad spend are most likely running through them, not you.

We work with brands either as the exclusive Amazon distributor or as the team running the brand's own account, covering content, advertising, inventory and operations either way.

Worth comparing what that looks like against the current setup?

Yoni
","Front Row Group is a known Amazon distributor/agency, treated as third party per rules",2026-09-25T14:36:48
1 - Confirmed on Amazon,FNCE 2025,"Kate Farms, Inc.",YES on Amazon (SmartScout),Kate Farms,1471376.91,67.0,4.31,5886.0,Meal Replacement Drinks,,Kate Farms,,Yes,exact,,,,Not needed,,,,,SmartScout,Kate Farms,exact,Grocery & Gourmet Food,Meal Replacement Drinks,1471376.91,16952788.59,67,5886,4.31,58.25,1.45,Kate Farms,95.3,-0.031,0.751,True,https://www.amazon.com/stores/KateFarms/page/CACAA8EF-B651-4525-A60D-0B0F21A134AF,"KATE FARMS Organic High Protein Chocolate Shake, 25g Protein, 12 Pack | B0F712555N | $164,949; KATE FARMS Organic Plant Based Pediatric 1.2 Sole Source Vanilla, Pack of 12 | B07DVZZMRK | $119,579; KATE FARMS Organic 1.4 High Calorie Shake, Chocolate, 12 Pack | B0BCXBPXDS | $78,249; KATE FARMS Organic 1.4 High Calorie Shake, Vanilla, 12 Pack | B08F82M84H | $78,124; KATE FARMS Organic Nutrition Shake, Chocolate, 16g Protein, 12 Pack | B08FNSZP6X | $61,429",Amazon.com: 95.3%; 3R ENTERPRISE: 2.2%; Kate Farms: 1.2%; Food Deals Supply: 0.7%; Amazon Resale: 0.2%,6,Amazon 1P,3.3,"Amazon 1P ~95%, brand's own account ~1%; hybrid angle",Amazon 1P 95.3%; Kate Farms seller 1.2%; monthly rev ~$1.47M; 12M MoM +75%,Kate Farms 1P exposure on Amazon,"Hi {{first_name}},

Saw that Kate Farms exhibited at FNCE last year.

Looking at your listings, Kate Farms is doing about $1.5M a month on Amazon and roughly 95% of it runs through Amazon as the vendor. Your own seller account is there but only on a handful of offers, so there is no real 3P layer if Amazon cuts a PO or shifts pricing on the shakes.

We manage Amazon for brands end to end, including hybrid 1P/3P setups where the vendor relationship stays and specific products move to Seller Central for control.

Would a 20 minute conversation on the hybrid option be worth your time?

Yoni
",,2026-09-25T14:36:48
1 - Confirmed on Amazon,FNCE 2025,Four Sigmatic,YES on Amazon (SmartScout),Four Sigmatic,1440770.33,125.0,4.28,65161.0,Ground Coffee,,Four Sigmatic,,Yes,exact,,,,Not needed,,,,,SmartScout,Four Sigmatic,exact,Grocery & Gourmet Food,Ground Coffee,1440770.33,23054352.63,125,65161,4.28,35.42,2.3,Amazon.com,61.8,-0.078,-0.108,False,,"Four Sigmatic Organic Focus Mushroom Ground Coffee, Dark Roast, 12oz | B0756D1D39 | $225,108; Four Sigmatic Mushroom Coffee K-Cups, 24 Count | B0883VBNHC | $189,467; Four Sigmatic Gut Health Organic Ground Coffee, Medium Roast, 12oz | B087YHP3HQ | $104,123; Four Sigmatic Organic Plant-Based Protein Powder, Creamy Cacao | B08GN81SLF | $55,920; Four Sigmatic Organic Vegan Protein Powder, Vanilla | B08GNB94B9 | $54,700",Amazon.com: 61.8%; Montaukave: 23.1%; KOJAT: 6.0%; Pantry Provisions: 3.0%; GrandioseGoods: 2.7%,6,Mixed,35.8,Third-party resellers ~38% (Montaukave 23% and growing) while brand trend is down,"Amazon 1P 61.8%; Montaukave 23.1% = ~$331k/mo on 41 offers, MoM +6.4 pts; reseller share ~38%; 12M MoM -10.8%",Four Sigmatic third-party sellers,"Hi {{first_name}},

Saw that Four Sigmatic exhibited at FNCE last year.

From what we can see, close to 40% of Four Sigmatic's Amazon revenue is going through third-party sellers. One of them, Montaukave, looks like roughly $330k a month on about 40 of your listings, and their share is growing month over month while the brand's overall trend is slightly down.

That is pricing, Buy Box and content on your best sellers sitting with someone else.

We manage Amazon for brands end to end, including strategy, content, advertising, inventory and operations.

Open to a 20 minute look at the reseller side?

Yoni
",,2026-09-25T14:36:48
1 - Confirmed on Amazon,FNCE 2025,Lakanto,YES on Amazon (SmartScout),Lakanto,1436990.55,147.0,4.26,207056.0,Stevia Sugar Substitutes,,Lakanto,,Yes,exact,,,,Not needed,,,,,SmartScout,Lakanto,exact,Grocery & Gourmet Food,Stevia Sugar Substitutes,1436990.55,19967626.63,147,207056,4.26,41.44,1.72,Lakanto,3.0,-0.076,0.048,False,,"Lakanto Classic Monk Fruit Sweetener with Allulose, 3 LB | B0CLBVY6VY | $203,039; Lakanto Classic Monk Fruit Sweetener with Erythritol, 5 Lb | B098H7XWQ6 | $184,974; Lakanto Classic Monk Fruit Sweetener with Erythritol, 3 lb | B01LDNBAC4 | $99,207; Lakanto Liquid Monk Fruit Extract Drops, Original, 1.76 Fl Oz | B072P5SQMN | $92,843; Lakanto Classic Monk Fruit Sweetener, 1.76 lb Pack of 3 | B09RSSPLK3 | $49,346",Saraya USA (Lakanto): 89.6%; Amazon.com: 3.0%; Whole Foods Market: 2.8%; HAVE A GREAT DAY!: 1.7%; KOJAT: 1.1%,6,Brand direct,6.3,"Brand direct, large review base, flat 12-month trend and down last month; under-worked channel",Brand direct (Saraya USA) 89.6%; monthly rev ~$1.44M; 207k reviews; 12M MoM +4.8%; MoM -7.6%,Lakanto's Amazon trend,"Hi {{first_name}},

Saw that Lakanto exhibited at FNCE last year.

From what we can see, Lakanto does roughly $1.4M a month on Amazon, sold direct, with over 200,000 reviews across the catalog. The trend over the last 12 months is close to flat though, and last month was down, which for a brand with that review base usually means the channel is being maintained rather than pushed.

We manage Amazon for brands end to end, including strategy, content, advertising, inventory and operations. We helped MouthWatchers grow from roughly $40K a month to $1M a month, and it wasn't just ad spend.

Would it make sense to have a quick conversation?

Yoni
",trimmed for length,2026-09-25T14:36:48
1 - Confirmed on Amazon,FNCE 2025,OP2 Labs,YES on Amazon (SmartScout),Frog Fuel,1402568.0,6.0,4.47,7833.0,Sports Nutrition Ready to Drink Protein,https://www.amazon.com/s?i=merchant-items&me=A44HE9518P51,OP2 Labs,,Yes,close,,Yes,matched via retry 'Frog Fuel' (OP2 Labs product brand); OP2 Labs merchant storefront found,Not needed,,,,,SmartScout,Frog Fuel,exact,Health & Household,Sports Nutrition Ready to Drink Protein,1402568,17471408.65,6,7833,4.47,54,1,OP2 Labs,0,-0.129,0.184,True,https://www.amazon.com/stores/FrogFuel/page/EA28CE4E-B4B8-4778-82FF-561094E343B9,"Frog Fuel Power Liquid Protein Shot, 15g Protein, Berry, 24 pk | B010C3MQC4 | $851,520; Frog Fuel Power Energized Protein Shot, 80mg Caffeine, Berry, 24 pk | B07XGCT1TS | $251,952; Frog Fuel Ultra Energy Gel & Pre Workout Shot, 120mg Caffeine, 24 pk | B00I0MLM48 | $196,368; Frog Fuel Reset Liquid Sleep Supplement Shot, 24 pk | B07L18DT1B | $45,056; Frog Fuel Ultra Energy Gel, Caffeine Free, Berry, 24 pk | B00I0MGP2W | $45,024",OP2 Labs: 100%,1,Brand direct,0,"Strong brand direct, revenue concentrated in one listing out of six",Brand direct (OP2 Labs) 100%; monthly rev ~$1.40M; 6 products; top ASIN B010C3MQC4 ~$852k/mo,Frog Fuel's concentration on Amazon,"Hi {{first_name}},

Saw that OP2 Labs exhibited at FNCE last year.

From what we can see, Frog Fuel does roughly $1.4M a month on Amazon off only six listings, all sold direct, and one 24 pack of the Power protein shot is about $850k of that on its own. It works, but it means one listing losing rank or getting hit by a competitor moves the whole business.

We help brands build and grow their Amazon business, managing everything from strategy and setup through content, advertising, inventory and day-to-day operations.

Open to a short call on protecting and widening that base?

Yoni
",,2026-09-25T14:36:48
1 - Confirmed on Amazon,FNCE 2025,Primal Kitchen,YES on Amazon (SmartScout),Primal Kitchen,1223704.8,172.0,4.22,54943.0,Collagen Supplements,,Primal Kitchen,,Yes,exact,"Primal Kitchen's ($212.08, 1 product); Primal Kitchen / Primal Blueprint (0); Primal Kitchen Organic (0)",,,Not needed,,,,,SmartScout,Primal Kitchen,exact,Grocery & Gourmet Food,Collagen Supplements,1223704.8,16787887.64,172,54943,4.22,23.92,5.56,,24.3,-0.029,0.156,True,https://www.amazon.com/stores/PrimalKitchen/page/341775E3-9486-4E2A-9753-0A93E82A8146,"Primal Kitchen Vanilla Collagen Fuel Drink Mix, 20 Ounces | B07YN3XN7F | $77,920; Primal Kitchen Mayo made with Avocado Oil, 12 Ounces | B00ZAD36ZS | $74,482; Primal Kitchen Organic Unsweetened Squeeze Ketchup, 18.5 OZ | B0B18FYSC7 | $66,407; Primal Kitchen Vanilla Collagen Fuel Drink Mix, 14.4 Ounces | B071ZG164V | $47,978; Primal Kitchen, Buffalo Sauce, 8.5 Ounce | B08HJLD2RH | $44,697",Whole Foods Market: 32.6%; Primal Blueprint: 32.0%; Amazon.com: 24.3%; YSSG Deals: 2.8%; TheNewMall: 1.9%,6,Mixed,38.5,"Revenue split three ways (Whole Foods 33%, own Primal Blueprint account 32%, Amazon 1P 24%); fragmented control",Whole Foods Market 32.6%; Primal Blueprint 32.0%; Amazon 1P 24.3%; monthly rev ~$1.22M,Primal Kitchen's three-way Amazon split,"Hi {{first_name}},

Saw that Primal Kitchen exhibited at FNCE last year.

Looking at your listings, Primal Kitchen's Amazon revenue, roughly $1.2M a month, is split three ways: about a third through Whole Foods Market's Amazon storefront, a third through your own Primal Blueprint account, and a quarter through Amazon as the vendor. Three sellers on the same catalog usually means pricing that drifts, ads that compete with each other and content nobody fully owns.

We manage Amazon for brands end to end, including hybrid 1P/3P setups decided at the product level.

Would a 20 minute conversation on cleaning up that split be worth your time?

Yoni
",Whole Foods Market counted as third party per rules; it is Amazon-owned,2026-09-25T14:36:48
1 - Confirmed on Amazon,FNCE 2025,NuGo Nutrition,YES on Amazon (SmartScout),NuGo,1196431.27,100.0,4.42,11283.0,Sports Nutrition Protein Bars,,NuGo Nutrition,,Yes,exact,,,searched 'NuGo',Not needed,,,,,SmartScout,NuGo,exact,Health & Household,Sports Nutrition Protein Bars,1196431.27,16105068.48,100,11283,4.42,35,2.03,Amazon.com,98.4,-0.005,0.154,True,https://www.amazon.com/stores/NuGoNutrition/page/481E51A5-9207-47DC-B4B0-8E60A512B46D,"NuGo Dark, Pretzel w/SS, 12g Vegan Protein Bar, 24 Count | B07V7HKP8N | $238,909; NuGo Dark, Chocolate Chip, 12g Vegan Protein Bar, 24 Count | B07V5DZ9MX | $104,983; NuGo Dark, Mint Chocolate Chip, 13g Vegan Protein Bar, 24 CT | B07V4BCFJ4 | $81,683; NuGo Slim, Crunchy Peanut Butter, 16g Vegan Protein Bar, 24 ct | B088JQDW9S | $73,655; NuGo Slim, Chocolate Mint, 17g Vegan Protein Bar, 24 ct | B088GYH4KF | $70,812",Amazon.com: 98.4%; Whole Foods Market: 0.9%; TheNewMall: 0.2%; We've Got You covered: 0.2%; Modernparty: 0.1%,6,Amazon 1P,1.5,"Amazon 1P ~98%, no seller layer; hybrid angle",Amazon 1P 98.4%; monthly rev ~$1.20M; top ASIN NuGo Dark Pretzel 24ct ~$239k/mo,NuGo's 1P exposure on Amazon,"Hi {{first_name}},

Saw that NuGo exhibited at FNCE last year.

From what we can see, NuGo does roughly $1.2M a month on Amazon and nearly all of it, around 98%, is Amazon selling as the vendor. The NuGo Dark 24 packs carry most of that. There is no seller account underneath, so if Amazon trims a PO or reprices a flavor, there is nothing to catch it.

We manage Amazon for brands end to end, including hybrid setups where 1P stays for the volume SKUs and specific products move to Seller Central for margin and control.

Would a 20 minute conversation on the hybrid option be worth your time?

Yoni
",,2026-09-25T14:36:48
1 - Confirmed on Amazon,FNCE 2025,"GOYA FOODS INC. , Goya BetterForYou line",YES on Amazon (SmartScout),goya,1090695.25,947.0,4.45,190618.0,Mexican Seasonings,,"GOYA FOODS INC. , Goya BetterForYou line",,Yes,exact,"Amegoya, POIUGOYA, rockgoya, Goyappin (unrelated)",,matched via retry 'Goya',Not needed,,,,,SmartScout,goya,exact,Grocery & Gourmet Food,Mexican Seasonings,1091056.56,14215734.37,947,190623,4.45,32.12,2.35,,64.2,0.076,-0.013,True,https://www.amazon.com/stores/Goya/page/A77AE1AA-DC0C-4085-8C45-F76F342AA2F0,"Goya Foods Chick Peas, Garbanzo Beans, 15.5 Ounce (Pack of 8) | B07TL6CDMX | $48,575; Goya Black Beans, 15.5 Ounce Pack of 8 | B01ALQKTKS | $37,126; Goya Sazon Seasoning With Azafran 3.52 Ounce (Pack of 3) | B0B94PSYR4 | $25,432; Goya Foods Red Kidney Beans, 15.5 Ounce (Pack of 8) | B078NCN36G | $24,027; Goya Thai Jasmine Rice 5 lbs | B0047249YA | $21,991",Amazon.com: 64.2%; Authorized Goya Seller: 11.9%; HAVE A GREAT DAY!: 4.5%; Product Planet Inc: 2.6%; Flexi Ventures 26 Years On-Line: 2.2%,6,Mixed,10.8,Large catalog with ~24% third-party reseller share; BetterForYou line not visible among top sellers,Amazon 1P 64.2%; Authorized Goya Seller 11.9%; reseller share ~24%; 947 products; monthly rev ~$1.09M,Goya BetterForYou on Amazon,"Hi {{first_name}},

Saw that Goya exhibited at FNCE last year.

Looking at Goya's Amazon listings overall, roughly a quarter of the revenue is going through third-party sellers rather than Amazon or the authorized Goya account, spread across a catalog of about 950 products. The top sellers are still pantry staples like chickpeas and black beans, and we don't see the BetterForYou products anywhere near the top of the catalog.

We manage Amazon for brands end to end, including strategy, content, advertising, inventory and operations.

Would a 20 minute look at how BetterForYou could be built out on Amazon be useful?

Yoni
",exhibitor is the BetterForYou line; SmartScout data covers the whole Goya brand; final QA: opener normalized to standard FNCE line,2026-09-25T14:36:48
1 - Confirmed on Amazon,FNCE 2025,Pendulum,YES on Amazon (SmartScout),Pendulum,1081696.58,7.0,4.19,3369.0,Probiotic Nutritional Supplements,,Pendulum,,Yes,exact,"Healing with Pendulum, Pendulum Ent. (unrelated)",,,Not needed,,,,,SmartScout,Pendulum,exact,Health & Household,Probiotic Nutritional Supplements,1081696.58,18731493.6,7,3369,4.19,88.95,1.14,"Pendulum Therapeutics, Inc.",0,0.002,0.612,True,https://www.amazon.com/stores/Pendulum/page/4FA52738-E3C8-4508-B5E0-CA2D0653EB9F,"Pendulum Akkermansia Probiotic with Prebiotic Fiber, 30 Capsules | B0B3GF96C3 | $326,528; Pendulum Metabolic Daily Multi-Strain Probiotic, 30 Capsules | B0BRM7S31J | $304,209; Pendulum Akkermansia Probiotic, 90 Capsules | B0CGJWF7SN | $182,515; Pendulum GLP-1 Probiotic, 30 Capsules | B0CY3VZDYP | $124,874; Pendulum Metabolic Daily with Akkermansia, 90 Servings | B0CGKG1WTN | $113,930","Pendulum Therapeutics, Inc.: 100%",1,Brand direct,0,Strong growing brand direct on seven listings; protect and scale,Brand direct 100%; monthly rev ~$1.08M; 7 products; 12M MoM +61%; avg price ~$89,Pendulum's growth on Amazon,"Hi {{first_name}},

Saw that Pendulum exhibited at FNCE last year.

From what we can see, Pendulum is doing roughly $1.1M a month on Amazon off seven listings, all sold direct, with strong growth over the last year. Akkermansia and Metabolic Daily carry most of it. At that pace the questions become how much of the growth is paid, how you hold the GLP-1 and Akkermansia search terms, and whether Subscribe & Save is doing its job on a $90 product.

We help brands launch, manage and grow on Amazon, supporting the full channel from strategy through execution.

Open to a short call to compare notes on it?

Yoni
",,2026-09-25T14:36:48
1 - Confirmed on Amazon,FNCE 2025,Jones & Bartlett Learning,YES on Amazon (SmartScout),Jones & Bartlett Learning,906972.37,873.0,4.57,117055.0,Firefighting & Prevention,,Jones & Bartlett Learning,,Yes,exact,"Jones & Bartlett Learning, LLC (0)",,,Not needed,,,,,SmartScout,Jones & Bartlett Learning,exact,Books,Firefighting & Prevention,905662.52,2160626.55,869,116651,4.57,83.81,8.55,,18.1,0.673,-0.979,False,,"Ugly's Electrical References, 2026 Edition | 1284315754 | $10,956; Emergency Care and Transportation of the Sick and Injured | 128432513X | $9,649; Nancy Caroline's Emergency Care in the Streets | 128425674X | $9,346; Sanders' Paramedic Textbook with Navigate Essentials Access | 1284277534 | $6,806; NASM Essentials of Personal Fitness Training | 1284200884 | $5,088",itemspopularsonlineaindemand: 31.4%; Amazon.com: 18.1%; New-Books: 6.2%; Tome Dealers: 4.5%; studentbargains3: 4.4%,6,Mixed,50.6,"Publisher: ~82% via resellers, largest seller a third party at 31%, no publisher account visible",itemspopularsonlineaindemand 31.4%; Amazon 18.1%; reseller share ~82%; monthly rev ~$906k; 869 products,Jones & Bartlett titles on Amazon,"Hi {{first_name}},

Saw that Jones & Bartlett Learning exhibited at FNCE last year.

From what we can see, Jones & Bartlett titles do somewhere around $900k a month on Amazon, and only about a fifth of that is sold by Amazon itself. The largest seller of your books there is a third-party reseller at roughly 30%, and we don't see a Jones & Bartlett seller account at all.

For a publisher that means the new copy Buy Box, pricing and content on your top titles are largely in other hands.

We manage Amazon for brands end to end, including strategy, content, advertising, inventory and operations.

Open to a short call on it?

Yoni
","education publisher, weaker fit for consumer brand pitch; reseller share includes used-book sellers; trimmed for length",2026-09-25T14:36:48
1 - Confirmed on Amazon,FNCE 2025,Jovial Foods,YES on Amazon (SmartScout),Jovial,902621.01,171.0,4.49,47750.0,Wheat Flours & Meals,,Jovial Foods,,Yes,close,"Jovial Foods (0 rev, 1 product); Jovial Crushed Tomatoes (6x18.3 Oz) ($13,041.47, 1 product)",,matched via retry 'Jovial',Not needed,,,,,SmartScout,Jovial,exact,Grocery & Gourmet Food,Wheat Flours & Meals,890670.15,13675512.26,171,47734,4.49,34.53,1.77,Healthy Pantry,4.6,0.026,0.252,False,,"Jovial Organic Einkorn Unbleached All Purpose Flour, 10 Lb | B00K1GFA76 | $68,504; Jovial Organic Einkorn Unbleached All Purpose Flour, 32 Oz | B007SM6NWC | $49,473; Jovial Organic Einkorn All Purpose Flour, 32 Oz, 5 Pack | B00JS3YX9E | $47,513; Jovial Organic Einkorn All Purpose Flour, 32 Oz, 2 Pack | B01N3KS5EM | $37,901; Jovial, Pasta Brown Rice Fusilli Organic, 12 Ounce | B005K0K45Q | $31,667",LUMlNlZE: 60.2%; Whole Foods Market: 31.7%; Amazon.com: 4.6%; Kenovah Shop: 1.3%; SWC 360: 1.2%,6,Third-party resellers,94.8,"No brand account; one third-party seller (LUMlNlZE) at ~60%, Whole Foods ~32%",LUMlNlZE 60.2%; Whole Foods Market 31.7%; Amazon 4.6%; brand direct 0%; monthly rev ~$891k,Who is selling Jovial on Amazon,"Hi {{first_name}},

Saw that Jovial Foods exhibited at FNCE last year.

Looking at your listings, Jovial does roughly $900k a month on Amazon, but we don't see a Jovial seller account anywhere in it. About 60% is sold by a single third-party seller called LUMlNlZE, another 30% or so through Whole Foods Market's Amazon storefront, and Amazon itself is under 5%.

So the einkorn flour and pasta listings, the pricing and the content are effectively being run by a reseller.

We manage Amazon for brands end to end, including strategy, content, advertising, inventory and operations.

Would it make sense to have a quick conversation about taking that back?

Yoni
",,2026-09-25T14:36:48
1 - Confirmed on Amazon,Las Vegas Souvenir & Resort Gift Show 2026,HydraPeak,YES on Amazon (SmartScout),Hydrapeak,901028.28,612.0,4.45,44265.0,Insulated Food Jars,,HydraPeak,,Yes,exact,,,,Not needed,,,,,SmartScout,Hydrapeak,exact,Kitchen & Dining,Insulated Food Jars,896008.92,9601555.91,613,44292,4.46,24.52,1.21,Amazing Deals Online,0,0.078,0.036,True,https://www.amazon.com/stores/HYDRAPEAK/page/0ECE05EB-E2A1-4744-AF86-E913E70AB4A6,"Hydrapeak 25oz Stainless Steel Vacuum Insulated Food Jar (Black) | B09RNFZRWV | $140,787; Hydrapeak 25oz Stainless Steel Vacuum Insulated Food Jar (Navy) | B09RP7Q8W1 | $81,895; Hydrapeak 18oz Stainless Steel Vacuum Insulated Food Jar Kids (Navy) | B0BB3KD2JD | $55,896; Hydrapeak 32oz Stainless Steel Vacuum Insulated Food Jar (Black) | B0CNQ986VR | $51,502; Hydrapeak 25oz Stainless Steel Vacuum Insulated Food Jar (Ivory) | B0CLY1LWNW | $42,912",Amazing Deals Online: 99.4%; Prost Enterprise: 0.1%; WHOLESALES: 0.1%; Mitchell Great Finds: 0.1%; The Grateful Merchant: 0.1%,6,Brand direct,0.4,"Single seller account, big catalog, flat 12-month growth; under-worked catalog",Amazing Deals Online 99.4% (treated as brand's own account); 613 products; 12M MoM +3.6%; monthly rev ~$896k; avg rating 4.46,Hydrapeak's catalog on Amazon,"Hi {{first_name}},

Saw you're exhibiting at the Las Vegas Souvenir & Resort Gift Show next week.

From what we can see, Hydrapeak does roughly $900k a month on Amazon, sold through a single seller account, with over 600 listings and a 4.5 average rating. The food jars carry most of it. Growth over the last 12 months looks close to flat though, which with that catalog size usually means a lot of listings are sitting there without ads, content or inventory attention.

We manage Amazon for brands end to end, including strategy, content, advertising, inventory and operations.

Is it worth a short call on getting more out of the catalog?

Yoni
","seller 'Amazing Deals Online' (460 offers, 99%) assumed to be Hydrapeak's own account; verify",2026-09-25T14:36:48
1 - Confirmed on Amazon,Las Vegas Souvenir & Resort Gift Show 2026,Blue 84/Aksels/Altered Latitudes/Zephyr Headwear,YES on Amazon (SmartScout),Blue 84,779757.59,31040.0,4.55,35109.0,Sports Fan T-Shirts,,Blue 84,,Yes,exact,Reserve Collection by Blue 84 (85 products),,,Not needed,,,,,SmartScout,Blue 84,exact,Sports & Outdoors,Sports Fan T-Shirts,779757.59,21588074.22,31040,35109,4.55,50.46,0.72,Amazon.com,99.6,0.137,-0.367,True,https://www.amazon.com/stores/Blue84CollegeApparel/page/4709319C-9784-4190-B3EB-1A06B83FB7F5,"Blue 84 Men's Ohio State Buckeyes Tri-Blend T-Shirt Vintage Icon Heather Grey, Large | B08YRV9362 | $3,834; Blue 84 Men's Ohio State Buckeyes Tri-Blend T-Shirt Vintage Icon Heather Grey, X-Large | B08YRV4PW7 | $3,576; Ohio State Buckeyes Tri-Blend T-Shirt Vintage Icon Team Color, Large | B09P2SMQ9T | $3,487; Blue 84 Men's Maryland Terrapins Crewneck Sweatshirt Cursive Team Color, Small | B08ZJ8SBY4 | $2,600; Blue 84 NCAA Penn State Nittany Lions Mens T Shirt Line Up, X-Large | B08PPFWJSY | $2,312",Amazon.com: 99.6%; Atlantic Coast Promotional: 0.2%; MOT LLC: 0.0%; JCC Distribution: 0.0%; papayaya.store: 0.0%,6,Amazon 1P,0.4,Amazon 1P ~100% across a huge catalog with negative 12-month trend; hybrid angle,"Amazon 1P 99.6%; 31,040 products; monthly rev ~$780k; 12M MoM -36.7%",Blue 84's Amazon trend,"Hi {{first_name}},

Saw you're exhibiting at the Las Vegas Souvenir & Resort Gift Show next week.

Looking at Blue 84's listings, essentially all of your Amazon revenue, roughly $780k a month, is Amazon selling as the vendor across a catalog of about 30,000 college apparel listings. The trend over the last 12 months looks negative, and with 1P only, the levers to fix that, pricing, ads, content and which SKUs get stocked, mostly sit on Amazon's side.

We manage Amazon for brands end to end, including hybrid 1P/3P setups where specific lines move to Seller Central for control.

Would a 20 minute conversation on the hybrid option be worth your time?

Yoni
","exhibitor lists multiple brands (Aksels, Altered Latitudes, Zephyr Headwear); only Blue 84 queried",2026-09-25T14:36:48
1 - Confirmed on Amazon,FNCE 2025,Fishwife Tinned Seafood Co.,YES on Amazon (SmartScout),Fishwife,776050.17,43.0,4.41,3557.0,Canned & Packaged Sardines,,Fishwife Tinned Seafood,,Yes,exact,,,matched via retry 'Fishwife',Not needed,,,,,SmartScout,Fishwife,exact,Grocery & Gourmet Food,Canned & Packaged Sardines,776050.17,10540501.16,43,3557,4.41,40.18,0.93,,22.1,-0.283,2.089,True,https://www.amazon.com/stores/FishwifeTinnedSeafoodCo/page/A926DD9F-879A-4641-93A0-50E0A5B9D78E,"Fishwife Sardine Quad (Lemon & Hot Pepper) | B0CPTGWQCY | $91,390; Fishwife Smoked Salmon with Fly (3-Pack) | B0CPT9DZ7P | $88,162; Fishwife Sardines with Preserved Lemon (1-Pack) | B0BXYN9W4V | $56,948; Fishwife Albacore Tuna in Olive Oil (1-Pack) | B0CRZ8YBN9 | $50,490; Fishwife Smoked Salmon with Fly (1-Pack) | B0BXYQV5KQ | $46,848",Fishwife Tinned Seafood Co.: 56.8%; Amazon.com: 22.1%; Whole Foods Market: 20.8%; New Life Advisors: 0.3%; Natural Nutrient: 0%,5,Mixed,21.1,"Fast-growing brand with mixed seller base (direct 57%, Amazon 1P 22%, Whole Foods 21%); 1P share rising",Fishwife direct 56.8% (MoM -12.2 pts); Amazon 22.1% (MoM +13.8 pts); Whole Foods 20.8%; monthly rev ~$776k; 12M MoM +209%,Fishwife's Amazon seller mix,"Hi {{first_name}},

Saw that Fishwife exhibited at FNCE last year.

From what we can see, Fishwife is doing roughly $780k a month on Amazon and has grown a lot over the last year. About 55% is through your own account, with the rest split between Amazon as the vendor and Whole Foods Market's Amazon storefront. Amazon's share jumped last month while your direct share dropped, and once 1P takes the Buy Box on the sardine and salmon packs, the pricing moves with it.

We manage Amazon for brands end to end, including hybrid 1P/3P setups decided at the product level.

Open to a short call on keeping control of that mix?

Yoni
",trimmed for length,2026-09-25T14:36:48
1 - Confirmed on Amazon,Las Vegas Souvenir & Resort Gift Show 2026,MasterPieces Inc.,YES on Amazon (SmartScout),MasterPieces,764142.15,2663.0,4.58,99375.0,Jigsaw Puzzles,,MasterPieces,,Yes,exact,European Masterpieces (different),,,Not needed,,,,,SmartScout,MasterPieces,exact,Toys & Games,Jigsaw Puzzles,763197.43,14721414.25,2664,99008,4.58,18.77,2.4,"MasterPieces, Inc.",2.9,-0.009,0.157,True,https://www.amazon.com/stores/MasterPieces/page/6FFD7CF1-3646-4711-A01A-4ECD04EE4BC5,"MasterPieces Puzzle Glue with Wide Plastic Spreader, 2 Pack | B00A8WMDUU | $40,649; MasterPieces 1000 Piece Jigsaw Puzzle Mom's Pantry | B07CPR6HLD | $23,650; MasterPieces NFL Gameday Board Game | B0DN24ZBLZ | $9,438; MasterPieces 1000 Piece Jigsaw Puzzle, National Parks of America | B06XCB5RQX | $7,472; MasterPieces MLB-Opoly Junior | B0716XXQ2J | $6,350","MasterPieces, Inc.: 86.4%; Amazon.com: 2.9%; Angel Seller: 2.1%; Toynk Toys: 1.4%; Zero Pack: 1.2%",6,Brand direct,5.4,"Brand direct with a 2,600-listing long tail; top product is puzzle glue; catalog under-merchandised","MasterPieces, Inc. 86.4%; 2,664 products; monthly rev ~$763k; top ASIN puzzle glue ~$41k/mo; avg rating 4.58",MasterPieces catalog on Amazon,"Hi {{first_name}},

Saw you're exhibiting at the Las Vegas Souvenir & Resort Gift Show next week.

From what we can see, MasterPieces does roughly $760k a month on Amazon, sold direct, across about 2,600 listings with a 4.6 average rating. The top seller is puzzle glue at around $40k a month, and after the first few puzzles the revenue per listing drops off fast. That is a long tail of licensed puzzles and games that mostly isn't being advertised or merchandised.

We manage Amazon for brands end to end, including strategy, content, advertising, inventory and operations.

Is it worth a short call on getting more out of the catalog?

Yoni
",trimmed for length,2026-09-25T14:36:48
1 - Confirmed on Amazon,FNCE 2025,LesserEvil Snacks,YES on Amazon (SmartScout),Lesserevil,704978.97,96.0,4.31,11872.0,Popped Popcorn,,LesserEvil Snacks,,Yes,exact,,,searched 'LesserEvil',Not needed,,,,,SmartScout,Lesserevil,exact,Grocery & Gourmet Food,Popped Popcorn,717270.09,10449783.69,96,11878,4.31,23.63,3.99,,35.2,0.026,0.066,True,https://www.amazon.com/stores/LesserEvilSnacks/page/4348D983-90A0-4492-85AF-7A4A04CF2115,"Lesserevil Organic Real Cheddar Space Balls 10Ct, 6 OZ | B0FRSZS2C3 | $132,075; LESSEREVIL Organic Himalayan Pink Salt Popcorn 10Ct, 4.6 OZ | B0FRSYTMZ5 | $117,733; LesserEvil Himalayan Pink Salt Organic Popcorn, 4.6 Oz, Pack of 3 | B09126PS6Y | $61,231; LesserEvil Himalayan Gold Organic Popcorn, 4.6 Oz, Pack of 3 | B0912QKMD2 | $51,202; Lesserevil Organic Himalayan Gold Popcorn 10Ct, 4.6 OZ | B0FRT2HWX7 | $50,591",Whole Foods Market: 51.2%; Amazon.com: 35.2%; WhyPayMoreOnline: 3.9%; supreme7: 3.0%; TheNewMall: 2.7%,6,Mixed,61.3,No brand seller account; Whole Foods 51% + Amazon 1P 35%; no 3P layer,Whole Foods Market 51.2%; Amazon 35.2%; brand direct 0%; monthly rev ~$717k,LesserEvil's seller mix on Amazon,"Hi {{first_name}},

Saw that LesserEvil exhibited at FNCE last year.

Looking at your listings, LesserEvil does roughly $700k a month on Amazon, and about half of it is sold through Whole Foods Market's Amazon storefront, with another third through Amazon as the vendor. We don't see a LesserEvil seller account in the mix, so there is no 3P layer for pricing, ads or new launches like the Space Balls 10 count.

We manage Amazon for brands end to end, including hybrid 1P/3P setups where the vendor relationship stays and specific products get a direct seller layer.

Would a 20 minute conversation on that be worth your time?

Yoni
",,2026-09-25T14:36:48
1 - Confirmed on Amazon,Las Vegas Souvenir & Resort Gift Show 2026,Inis the Energy of the Sea,YES on Amazon (SmartScout),Inis the Energy of the Sea,673038.45,35.0,4.75,49936.0,Men's Cologne,,Inis the Energy of the Sea,,Yes,exact,,,,Not needed,,,,,SmartScout,Inis the Energy of the Sea,exact,Beauty & Personal Care,Men's Cologne,673038.45,10035219.11,35,49936,4.75,25.56,2.23,,0,0.002,0.379,True,https://www.amazon.com/stores/InistheEnergyoftheSea/page/99133043-9BE8-43E1-B81D-918D81B22741,"Inis the Energy of the Sea Cologne for Men and Women, 3.3 fl oz | B000OTZLFG | $127,855; Inis Revitalizing Seaweed Body Lotion, 16.9 fl oz | B015QJ7JYE | $73,929; Inis Reed Diffuser Oil Refill, 3.3 fl oz | B01DEIOSHK | $51,570; Inis Cologne for Men and Women, 0.5 fl oz | B00GFPYXWU | $43,300; Inis Reed Diffuser Set with Fragrance Oil | B01BIFQO6Y | $43,282",Inis the Energy of the Sea: 100%,1,Brand direct,0,"Strong brand direct with excellent reviews; revenue concentrated in the cologne, rest of line under-scaled","Brand direct 100%; monthly rev ~$673k; 49,936 reviews; avg rating 4.75; cologne 3.3oz ~$128k/mo",Inis beyond the cologne on Amazon,"Hi {{first_name}},

Saw you're exhibiting at the Las Vegas Souvenir & Resort Gift Show next week.

From what we can see, Inis is doing roughly $670k a month on Amazon, all sold direct, with about 50,000 reviews and a 4.75 average rating on 35 listings. The cologne carries most of it, and the lotion and diffusers are well behind, which usually means the ads and content are built around one hero rather than the range.

We help brands build and grow their Amazon business, managing everything from strategy and setup through content, advertising, inventory and day-to-day operations.

Open to a short call on scaling the rest of the line?

Yoni
",,2026-09-25T14:36:48
1 - Confirmed on Amazon,FNCE 2025,Oscar Mayer,YES on Amazon (SmartScout),Oscar Mayer,665145.81,68.0,4.49,132991.0,Bacon,,Oscar Mayer,,Yes,exact,OSCAR MAYER At The Neighborhood Corner Store (0),,,Not needed,,,,,SmartScout,Oscar Mayer,exact,Grocery & Gourmet Food,Bacon,666026.47,6603538.7,67,132511,4.49,13.49,1.03,,98.4,0.118,3.116,False,,"Oscar Mayer Naturally Hardwood Smoked Bacon, 16 oz Pack | B000Q6U3E6 | $49,464; Oscar Mayer Deli Fresh, Oven Roasted Turkey Breast, 16 oz Family Pack | B00408BEEO | $42,688; Oscar Mayer Hot Dogs, 10 ct Pack, Classic Weiners | B000RYDFFG | $38,415; Oscar Mayer Gluten Free Fully Cooked Turkey Bacon, 12 oz | B000R4B8NW | $35,276; Oscar Mayer Deli Lunch Meat, Bologna, 16 oz Package | B00MCLKC4Y | $35,225",Amazon.com: 98.4%; Ever Fresh Market: 0.4%; Salutem Solutions: 0.4%; FoodserviceDirect Inc.: 0.2%; Wholebasket: 0.2%,6,Amazon 1P,1.3,"Amazon 1P ~98%, no brand store flagged; large CPG, narrow content/brand store angle",Amazon 1P 98.4%; monthly rev ~$666k; Has Storefront false; 12M MoM +312%,Oscar Mayer's Amazon brand presence,"Hi {{first_name}},

Saw that Oscar Mayer exhibited at FNCE last year.

From what we can see, Oscar Mayer does roughly $650k a month on Amazon, essentially all of it through Amazon as the vendor, with bacon, Deli Fresh turkey and hot dogs at the top. Growth over the last year looks strong, but we don't see a brand store on the listings, and with 1P only, content, pricing and which SKUs stay in stock are decided on Amazon's side.

We manage Amazon for brands end to end, including strategy, content, advertising, inventory and operations.

Would a 20 minute look at the brand store and content side be worth your time?

Yoni
",large CPG brand (Kraft Heinz); narrow ask used,2026-09-25T14:48:19
1 - Confirmed on Amazon,FNCE 2025,Kiwi Biosciences (FODZYME),YES on Amazon (SmartScout),FODZYME,600169.02,2.0,4.3,915.0,Multi-Enzyme Nutritional Supplements,,Kiwi Biosciences,,Yes,exact,,,matched via retry 'FODZYME' (product brand),Not needed,,,,,SmartScout,FODZYME,exact,Health & Household,Multi-Enzyme Nutritional Supplements,600169.02,6604280.13,2,915,4.3,75.99,1,Kiwi Biosciences,0,0.013,,True,https://www.amazon.com/stores/FODZYMEEnzymesforFODMAPs/page/C40CDEFC-DA1E-4BFA-8CF5-4193E05A9FA3,"FODZYME On-The-Go Digestive Enzymes, 30 Dose | B0BRHZ429S | $308,443; FODZYME Home Kit Digestive Enzymes, 60 Dose | B0BSP42YHD | $291,726",FODZYME: 100%,1,Brand direct,0,Strong brand direct on two listings; thin review base at a high price point,Brand direct 100%; monthly rev ~$600k; 2 products; 915 reviews; avg price ~$76,FODZYME's two listings on Amazon,"Hi {{first_name}},

Saw that Kiwi Biosciences exhibited at FNCE last year.

From what we can see, FODZYME is doing roughly $600k a month on Amazon off just two listings, sold direct, at about $75 a unit. That is a strong base for two products. The whole channel sits on under 1,000 reviews though, and at that price point the review count and the content on the page do most of the convincing.

We help brands build and grow their Amazon business, managing everything from strategy and setup through content, advertising, inventory and day-to-day operations.

Open to a short call on the review and Subscribe & Save side?

Yoni
",profile pulled via query_analytics fallback; Amazon 1P % and 12M growth not returned by that query,2026-09-25T14:48:19
1 - Confirmed on Amazon,Las Vegas Souvenir & Resort Gift Show 2026,Sourcebooks,YES on Amazon (SmartScout),"Sourcebooks, Inc.",558216.28,3871.0,4.45,7715126.0,New Adult & College Romance,,Sourcebooks,,Yes,exact,"Sourcebooks Explore, Sourcebooks Jabberwocky, Sourcebooks Wonderland, Sourcebooks Fire Ltd (imprints)",,,Not needed,,,,,SmartScout,"Sourcebooks, Inc.",exact,Books,New Adult & College Romance,555275.87,8934516.38,3839,7647398,4.45,19.87,10.34,,85.8,-0.079,-0.91,False,,"My Calm Down Book: A Sensory Book to Help Kids Calm Their Bodies | 1464221561 | $12,450; The Pumpkin Thief (The Leaf Thief) | 146426807X | $8,699; The Complete Off-Campus Series Set | 1464221715 | $5,738; Fiske Guide to Colleges 2027 | 146426287X | $4,528; Baby University Complete for Babies Board Book Set | 1728232309 | $3,781",Amazon.com: 85.8%; Blackstone_Publishing: 1.6%; Raghman Traders Ltd: 1.2%; LuminaryBooks: 0.7%; Shakespeare Book House: 0.3%,6,Amazon 1P,4.1,"Publisher: Amazon 1P ~86% across 3,800 titles; ads, A+ and gift-season stock sit on the publisher side","Amazon 1P 85.8%; 3,839 products; monthly rev ~$555k; 12M MoM -91%",Sourcebooks gift titles on Amazon,"Hi {{first_name}},

Saw you're exhibiting at the Las Vegas Souvenir & Resort Gift Show next week.

Looking at Sourcebooks titles on Amazon, we see somewhere around $550k a month across roughly 3,800 listings, with about 85% sold by Amazon itself. That is normal for a publisher, but the levers a brand would usually pull, sponsored ads on the top titles, A+ content and keeping gift-driven books like the sensory board books in stock ahead of Q4, sit on the publisher's side, not Amazon's.

We manage Amazon for brands end to end, including strategy, content, advertising, inventory and operations.

Open to a short call on the gift and kids titles specifically?

Yoni
","book publisher, weaker fit for consumer brand pitch",2026-09-25T14:48:19
1 - Confirmed on Amazon,Las Vegas Souvenir & Resort Gift Show 2026,Logo Brands,YES on Amazon (SmartScout),Logo Brands,554202.4,2690.0,4.49,32696.0,Sports Fan Canopies,,Logo,,Yes,exact,searched 'Logo Brands' (search term 'Logo' too generic),,,Not needed,,,,,SmartScout,Logo Brands,exact,Sports & Outdoors,Sports Fan Canopies,647126.61,7022579.12,2690,32841,4.49,46.91,1.59,,81.7,0.117,0.768,True,https://www.amazon.com/stores/LogoBrands/page/1902AC74-2F73-4171-91DF-D951F7224D52,"Logo Brands USA Men's National Soccer 40 oz Tumbler with Handle | B0F64HJJ18 | $32,176; Logo Brands NCAA Tennessee Volunteers 7ft Inflatable Yard Mascot | B0C7J9CL3P | $13,476; Logo Brands NCAA Alabama Crimson Tide 7ft Inflatable Yard Mascot | B0C7J89X1D | $12,294; Logo Brands NCAA LSU Tigers 7ft Inflatable Yard Mascot | B0C7J63Q2Z | $10,430; Logo Brands NCAA Georgia Bulldogs 7ft Inflatable Yard Mascot | B0CXY8PXCQ | $9,868",Amazon.com: 81.7%; My Team Outlet (USA Seller): 3.2%; Vagabond Exchange: 2.3%; Yard Inflatables Inc: 2.0%; Paragon Trading Post: 1.8%,6,Amazon 1P,10.9,Amazon 1P ~82% with ~18% spread across several third-party sellers carrying 100+ listings each,"Amazon 1P 81.7%; reseller share ~18% (My Team Outlet 3.2%, Vagabond Exchange 2.3%); 2,690 products; monthly rev ~$647k; 12M MoM +77%",Logo Brands seller mix on Amazon,"Hi {{first_name}},

Saw you're exhibiting at the Las Vegas Souvenir & Resort Gift Show next week.

From what we can see, Logo Brands does roughly $650k a month on Amazon across about 2,700 licensed listings, with strong growth over the last year. About 80% runs through Amazon as the vendor. The other 20% or so is spread over a handful of third-party sellers like My Team Outlet and Vagabond Exchange, each carrying 100 plus of your listings at their own prices.

We manage Amazon for brands end to end, including hybrid 1P/3P setups and pricing control.

Would a 20 minute look at the seller side be worth your time?

Yoni
",trimmed for length,2026-09-25T14:48:19
1 - Confirmed on Amazon,FNCE 2025,Nutricia North America,YES on Amazon (SmartScout),NUTRICIA PEPTICATE,548016.14,3.0,4.6,459.0,Powder Baby Formula,https://www.amazon.com/Health-Household-Nutricia-North-America/s?rh=n%3A3760901%2Cp_4%3ANutricia%2BNorth%2BAmerica,Nutricia,,Yes,close,"Nutricia ($2,140.40, 4 products); Nutricia North America (0 rev, 3 products)",Yes,Amazon brand pages found,Not needed,,,,,SmartScout,NUTRICIA PEPTICATE,exact,Baby Products,Powder Baby Formula,537301.4,5738747.68,3,475,4.6,222.48,0.67,Amazon.com,100,0.316,1.461,True,https://www.amazon.com/stores/Pepticate/page/20A8D3F2-7B39-49E6-A9D0-0582931EEC62,"Pepticate Hypoallergenic Infant Formula 0-12 Months 13.2oz 4 Pack | B0CZ7N9BQH | $431,732; Pepticate Hypoallergenic Infant Formula 0-12 Months 13.2oz | B0CZ7MV2BC | $105,570; Pepticate Hypoallergenic Infant Formula, 13.2 Ounce (Pack of 12) | B0HH6WRQKX | $0",Amazon.com: 100%,1,Amazon 1P,0,"Pepticate line: Amazon 1P 100%, two active listings, thin reviews at a $200+ price point",Amazon 1P 100%; monthly rev ~$537k; 3 products (2 active); 475 reviews; avg price ~$222; 12M MoM +146%,Pepticate on Amazon,"Hi {{first_name}},

Saw that Nutricia North America exhibited at FNCE last year.

Looking at your listings, the Pepticate line is doing roughly $540k a month on Amazon, entirely through Amazon as the vendor, and growing fast over the last year. It is essentially two listings and under 500 reviews, which for a $200 plus hypoallergenic formula is thin, and with 1P only the content, pricing and stock decisions sit with Amazon.

We manage Amazon for brands end to end, including strategy, content, advertising, inventory and operations, in 1P, 3P or hybrid setups.

Would a 20 minute conversation about the medical nutrition range on Amazon make sense?

Yoni
","SmartScout brand record covers the Pepticate line only, not all Nutricia products",2026-09-25T14:48:19
1 - Confirmed on Amazon,Las Vegas Souvenir & Resort Gift Show 2026,"Wild Republic / K&M International, Inc.",YES on Amazon (SmartScout),Wild Republic,516072.92,849.0,4.66,382523.0,Stuffed Animals & Teddy Bears,,Wild Republic,,Yes,exact,,,,Not needed,,,,,SmartScout,Wild Republic,exact,Toys & Games,Stuffed Animals & Teddy Bears,515642.37,10760072.55,847,382563,4.66,18.1,2.71,Amazon.com,56.4,0.019,-0.23,True,https://www.amazon.com/stores/WildRepublic/page/9244E541-6F8D-417C-863A-E4749C8C23AE,"Wild Republic Huggers Bald Eagle Stuffed Animal - 8"" | B01N1A3BUH | $8,253; Wild Republic Raccoon Plush, Cuddlekins 8 Inches | B00705X85M | $7,209; Wild Republic Huggers Orange Tabby Cat Stuffed Animal - 8"" | B01M158UZA | $7,113; Wild Republic E-Team X Shark Set Playset, 4-Piece Set | B00TV3NHC0 | $5,614; Wild Republic Rooster Plush, Hug'Ems 7 inches | B07BPPW3BG | $5,528",Amazon.com: 56.4%; Tuckers Toy Shop: 35.4%; Express Shipping: 2.2%; First In Kites & Toys: 0.9%; VirVentures: 0.7%,6,Mixed,39.9,One third-party seller (Tuckers Toy Shop) holds ~35%; Amazon 1P ~56%; negative 12-month trend,Tuckers Toy Shop 35.4% on 513 offers; Amazon 1P 56.4%; monthly rev ~$516k; 12M MoM -23%; 382k reviews,Wild Republic reseller share on Amazon,"Hi {{first_name}},

Saw you're exhibiting at the Las Vegas Souvenir & Resort Gift Show next week.

From what we can see, Wild Republic does roughly $500k a month on Amazon, and about 35% of it is sold by one third-party seller, Tuckers Toy Shop, across 500 plus of your listings. Amazon itself is the other 55% or so, and the 12 month trend is down. So a large piece of pricing and Buy Box on a catalog with nearly 400,000 reviews is in a reseller's hands.

We manage Amazon for brands end to end, including strategy, content, advertising, inventory and operations.

Open to a 20 minute look at the seller side?

Yoni
",trimmed for length,2026-09-25T14:48:19
1 - Confirmed on Amazon,Las Vegas Souvenir & Resort Gift Show 2026,Ben Kaufman Sales,YES on Amazon (SmartScout),BEN KAUFMAN SALES CO,469795.65,285.0,4.28,51955.0,Beach Towels,,Ben Kaufman,,Yes,exact,Ben Kaufman Sales (0 products),,,Not needed,,,,,SmartScout,BEN KAUFMAN SALES CO,exact,Home & Kitchen,Beach Towels,469795.65,7308749.86,285,51955,4.28,114.33,0.82,Ben Kaufman Sales,0,-0.192,-0.166,True,https://www.amazon.com/stores/BENKAUFMANSALESCO/page/7346F583-A6AA-4616-83A4-1231B7678D2D,"Kaufman - Soft Oversized Beach Towels in Bulk, Velour Striped (4 Pack) | B00HR9WU1O | $89,935; Ben Kaufman Terry Cabana Striped Towels - 6 Pack | B00QL6D18K | $72,017; BEN KAUFMAN SALES CO Terry Beach & Pool Towel - Pack of 4 | B00MOIF416 | $35,017; Ben Kaufman Joey Velour Multi-Color Stripe Beach & Pool Towel - 4 Pack | B06XRM37FB | $33,851; Kaufman - Colorful Racing Striped Beach & Pool Towel - 480 Pack | B0CTWDLJ31 | $30,093",Ben Kaufman Sales: 100%; Pattern Direct: 0%,2,Brand direct,0,"Brand direct, large review base, declining 12-month and last-month trend; under-worked channel","Brand direct 100%; monthly rev ~$470k; 51,955 reviews; 12M MoM -16.6%; MoM -19.2%",Kaufman's Amazon trend,"Hi {{first_name}},

Saw you're exhibiting at the Las Vegas Souvenir & Resort Gift Show next week.

From what we can see, Kaufman does roughly $470k a month on Amazon, all sold direct, with about 50,000 reviews across the towel catalog. The trend over the last 12 months is down though, and last month was down again. With a review base like that, a slide usually comes from ads, content and inventory not being worked, not from the product.

We manage Amazon for brands end to end, including strategy, content, advertising, inventory and operations.

Would it make sense to have a quick conversation?

Yoni
",trimmed for length,2026-09-25T14:48:19
1 - Confirmed on Amazon,Las Vegas Souvenir & Resort Gift Show 2026,Robotime LLC,YES on Amazon (SmartScout),ROBOTIME,467118.07,273.0,4.5,29719.0,Toy Kitchen Sets,,Robotime,,Yes,exact,,,,Not needed,,,,,SmartScout,ROBOTIME,exact,Toys & Games,Toy Kitchen Sets,466035.66,14052214.93,273,29722,4.5,54.67,0.93,Robotime Online,32.3,-0.06,0.082,True,https://www.amazon.com/stores/ROBOTIMEBuildingThingstoLife/page/1E67245D-2A0F-40CD-94AB-9BEDB4B11AEC,"ROBOTIME Wooden Dollhouse with 29 Pcs Furniture, 6 Rooms | B0CZJQNRH4 | $18,921; ROBOTIME Wooden Play Kitchen Set with Cutting Food | B0CLGBP3SX | $17,419; ROBOTIME Baby Doll Crib, Wooden Doll Bed (Pink) | B0CPHXVZ6R | $10,959; ROBOTIME Motorized Wooden Puzzles for Adults - Marble Spaceport | B0CYGLVB4P | $10,285; ROBOTIME Wooden Dollhouse with 24 Pcs Furniture, Pink | B0CP2BXSSH | $9,572",Global Premier Collections: 47.0%; Amazon.com: 32.3%; Robotime Online: 20.3%; Craftime: 0.2%; ivaluemart: 0.1%,5,Mixed,47.4,Third-party seller (Global Premier Collections) holds ~47%; brand's own account only ~20%; Amazon 1P ~32%,Global Premier Collections 47.0% on 116 offers; Amazon 32.3%; Robotime Online 20.3%; monthly rev ~$466k,Who is selling Robotime on Amazon,"Hi {{first_name}},

Saw you're exhibiting at the Las Vegas Souvenir & Resort Gift Show next week.

Looking at your listings, Robotime does roughly $470k a month on Amazon, but your own Robotime Online account is only about 20% of it. Nearly half is sold by a third-party seller, Global Premier Collections, across 100 plus listings, and about a third is Amazon as the vendor. That means three different sellers setting prices on the same dollhouses and kitchen sets.

We manage Amazon for brands end to end, including hybrid 1P/3P setups decided at the product level.

Would a 20 minute conversation on consolidating that be worth your time?

Yoni
",,2026-09-25T14:48:19
1 - Confirmed on Amazon,FNCE 2025,Lifeway Foods,YES on Amazon (SmartScout),LifeWay,434208.18,46.0,4.32,19145.0,Kefir,,Lifeway Foods,,Yes,exact,"Lifeway Kefir ($383.40, 3 products); LifeWay Press (unrelated publisher)",,searched 'Lifeway',Not needed,,,,,SmartScout,LifeWay,exact,Grocery & Gourmet Food,Kefir,432452.3,3353493.66,46,19200,4.3,28.94,1.07,Lifeway Christian Resources,58.5,0.099,2.199,True,https://www.amazon.com/stores/Lifeway/page/205E0490-6E1B-4B68-B379-9C6071FB17EA,"Lifeway Organic Low Fat Kefir, Plain, 32 Ounce | B000QJC5KI | $59,196; Lifeway Low Fat Kefir, Plain, 32 oz | B000QJ7CRE | $48,445; Lifeway Low Fat Kefir, Strawberry, 32 oz | B00LOAW7U6 | $46,018; Lifeway, Kefir Plain Unsweetened Organic, 32 Fl Oz | B013JL49PI | $38,549; Lifeway Organic Whole Milk Kefir, Mixed Berry, 32 Fl Oz | B01DF1O088 | $30,969",Amazon.com: 58.5%; Whole Foods Market: 40.1%; The Keto Storehouse: 0.6%; Eternity Essentials: 0.3%; Parthenon Foods: 0.2%,6,Mixed,41.4,Refrigerated brand sold only via Amazon 1P and Whole Foods; no brand seller layer,Amazon 1P 58.5%; Whole Foods Market 40.1%; brand direct 0%; monthly rev ~$432k; 12M MoM +220%,Lifeway kefir on Amazon,"Hi {{first_name}},

Saw that Lifeway exhibited at FNCE last year.

From what we can see, Lifeway kefir does roughly $430k a month on Amazon, split between Amazon as the vendor and Whole Foods Market's Amazon storefront, with strong growth over the last year. For a refrigerated product that mix makes sense. What we don't see is a brand layer on top, meaning a Lifeway seller account, which is usually where content and advertising get owned.

We manage Amazon for brands end to end, including strategy, content, advertising, inventory and operations.

Would a 20 minute look at the content and advertising side be worth your time?

Yoni
",SmartScout 'Single Seller Name' shows unrelated Lifeway Christian Resources; ignored; trimmed for length,2026-09-25T14:48:19
1 - Confirmed on Amazon,FNCE 2025,Impossible Foods,YES on Amazon (SmartScout),Impossible Foods,429875.64,19.0,4.56,13367.0,Frozen Nuggets & Tenders,,Impossible Foods,,Yes,exact,Impossible Foods Inc. (0 products),,,Not needed,,,,,SmartScout,Impossible Foods,exact,Grocery & Gourmet Food,Frozen Nuggets & Tenders,429409.71,3777442.58,19,13368,4.57,16.5,1.26,FoodserviceDirect Inc.,71.2,0.485,0.314,True,https://www.amazon.com/stores/ImpossibleFoods/page/B6C0D5AD-F789-4FA4-811A-785022183923,"Impossible, Frozen Chicken Nuggets Plant Based, 13.5 Ounce | B09C15QWT4 | $102,468; Impossible, Frozen Chicken Patties Plant Based, 13.5 Ounce | B09SKZH9TG | $53,472; Impossible, Burger Patties Meat from Plants, Frozen, 6 Patti, 24 Ounce | B09C15M76H | $47,261; Impossible Homestyle Plant Based Meatballs, 14 Ounce | B09DFF96K8 | $44,385; Impossible, Burger Patties Grilled, 21.6 Ounce | B0DLBQ7VGC | $37,910",Amazon.com: 71.2%; Whole Foods Market: 28.6%; RocketDSD: 0.3%,3,Amazon 1P,28.8,Frozen brand on Amazon 1P (~71%) and Whole Foods (~29%); vendor-side management angle,Amazon 1P 71.2%; Whole Foods Market 28.6%; 19 products; monthly rev ~$429k; 12M MoM +31%,Impossible Foods vendor side on Amazon,"Hi {{first_name}},

Saw that Impossible Foods exhibited at FNCE last year.

Looking at your listings, Impossible does roughly $430k a month on Amazon, about 70% through Amazon as the vendor and the rest through Whole Foods Market's Amazon storefront, with the nuggets as the clear leader. Growth over the last year looks solid. With 19 listings and no seller layer, the content, ads and which SKUs Amazon keeps buying are the main things left to manage.

We manage Amazon for brands end to end, and we handle the vendor side too, from forecasting to chargebacks.

Would a 20 minute conversation on the vendor side be worth your time?

Yoni
",products pulled via query_analytics fallback; trimmed for length,2026-09-25T14:48:19
1 - Confirmed on Amazon,Las Vegas Souvenir & Resort Gift Show 2026,LazyOne,YES on Amazon (SmartScout),Lazy One,427621.16,3202.0,4.69,101430.0,Men's Pajama Bottoms,,LazyOne,,Yes,exact,matched on retry 'Lazy One',,,Not needed,,,,,SmartScout,Lazy One,exact,"Clothing, Shoes & Jewelry",Men's Pajama Bottoms,428153.19,15365981.22,3195,101490,4.69,28.37,1.5,LazyOne,0,-0.182,-0.307,True,https://www.amazon.com/stores/LazyOne/page/1DF90DC5-51D9-41E7-9F4E-96992E42C8CA,"Lazy One Wearable Hooded Blanket for Kids (Dinosaur) | B06ZYK56MW | $20,786; Lazy One Men's Pajama Shorts (Bigfoot, L) | B08VFC3W7S | $4,684; Lazy One Wearable Hooded Blanket for Kids (Bigfoot) | B0DSLYTW3R | $3,421; Lazy One Men's Pajama Shorts (Bigfoot, XL) | B08VF9GN6V | $2,441; Lazy One Men's Pajama Shorts (Bigfoot, M) | B08VF995KY | $2,397",LazyOne: 100.0%; BA&M Gifts: 0.0%; Aneka LLC: 0.0%; DECORATORS CHOICE: 0.0%,4,Brand direct,0.0,Brand direct with huge catalog and reviews but declining trend; under-managed catalog,"Brand direct 100%; 3,195 products; 101,490 reviews; avg rating 4.69; monthly rev ~$428k; 12M MoM -31%; MoM -18%",LazyOne's Amazon trend,"Hi {{first_name}},

Saw you're exhibiting at the Las Vegas Souvenir & Resort Gift Show next week.

From what we can see, LazyOne does roughly $430k a month on Amazon, sold direct, across about 3,200 listings with over 100,000 reviews and a 4.7 rating. The 12 month trend is down though, and the top seller is the kids hooded blanket rather than the pajamas the brand is known for. That usually means a big catalog running on its own without ads, content or inventory being managed.

We manage Amazon for brands end to end, including strategy, content, advertising, inventory and operations.

Would it make sense to have a quick conversation before Q4?

Yoni
",trimmed for length,2026-09-25T14:48:19
1 - Confirmed on Amazon,Las Vegas Souvenir & Resort Gift Show 2026,The Petting Zoo dba Zoologee,YES on Amazon (SmartScout),The Petting Zoo,385885.94,523.0,4.72,36702.0,Stuffed Animals & Teddy Bears,,Petting Zoo,,Yes,exact,,,,Not needed,,,,,SmartScout,The Petting Zoo,exact,Toys & Games,Stuffed Animals & Teddy Bears,388130.71,7014832.01,516,36646,4.72,18.84,1.72,The Petting Zoo,0,0.076,0.161,True,https://www.amazon.com/stores/ZoologeebyThePettingZoo/page/1A03C591-CE2F-4DD4-B44E-5D9900831DE0,"The Petting Zoo Tiger Stuffed Animal Plushie, Wild Onez, 9 in | B0914T3KNM | $13,215; The Petting Zoo Floppy Horse Stuffed Animal, Wild Onez, 8 in | B0B5KMJML3 | $13,184; The Petting Zoo Lash'z Giraffe Stuffed Animal Plushie, 12 in | B07PF1NRKW | $11,014; The Petting Zoo Hedgehog Stuffed Animal Plushie, Babiez, 6 in | B0BTMZQ7V9 | $10,160; The Petting Zoo Lion Stuffed Animal Plushie, Babiez, 6 in | B09X6RX16J | $9,171",The Petting Zoo: 99.8%; Bayside Emporium LLC: 0.2%,2,Brand direct,0.2,Steady brand direct with a 500-listing catalog; revenue flattens fast after the top plush,Brand direct 99.8%; 516 products; monthly rev ~$388k; top ASINs ~$9k to $13k/mo; avg rating 4.72; 12M MoM +16%,The Petting Zoo catalog on Amazon,"Hi {{first_name}},

Saw you're exhibiting at the Las Vegas Souvenir & Resort Gift Show next week.

From what we can see, The Petting Zoo does roughly $390k a month on Amazon, all sold direct, across about 500 listings with a 4.7 average rating and steady growth over the last year. The top plush each do around $10k to $13k a month, and it flattens out quickly after that, which is typical when only a few listings get ads and content attention.

We manage Amazon for brands end to end, including strategy, content, advertising, inventory and operations.

Open to a short call on getting more out of the catalog ahead of Q4?

Yoni
",trimmed for length,2026-09-25T14:48:19
1 - Confirmed on Amazon,FNCE 2025,Jackson's,YES on Amazon (SmartScout),Jackson's,353078.96,61.0,4.42,5650.0,Potato Chips & Crisps,,Jackson's,,Yes,exact,"Jackson's Honest (0 rev, 6 products); Jackson's Chips (0)",,,Not needed,,,,,SmartScout,Jackson's,exact,Grocery & Gourmet Food,Potato Chips & Crisps,350385.61,4892355.43,61,5657,4.42,28.88,1.72,Jackson's Food Company,0,0.01,0.155,True,https://www.amazon.com/stores/Jacksons/page/0C3BFA19-2613-4D8B-9093-C64A9BA50A60,"Jackson's Sweet Potato Kettle Chips, Sea Salt, Avocado Oil (1.5oz, 10ct) | B09Z5W82RD | $52,785; Jackson's Chips, Sea Salt Avocado Oil Sweet Potato Chips, 5 Ounce | B0CXW7WW79 | $23,996; Jackson's Sweet Potato Kettle Chips Variety Pack (1.5oz, 10ct) | B0DX44ZZW1 | $23,256; Jackson's Classic Potato Kettle Chips, Sea Salt (1.5oz, 10ct) | B0DYRF3ZZZ | $18,177; Jackson's Sweet Potato Kettle Chips, Sea Salt (7oz, 6ct) | B0DYVT62KY | $16,699",Jackson's Food Company: 70.3%; Jackson's Naturals: 17.1%; The Online Grocery Store: 9.7%; Whole Foods Market: 1.7%; J&C Global Sourcing LLC: 0.7%,6,Brand direct,12.5,Volume shifted between two brand seller accounts last month; a third-party seller picking up ~10%,Jackson's Food Company 70.3% (MoM +70 pts); Jackson's Naturals 17.1% (MoM -79 pts); The Online Grocery Store 9.7%; monthly rev ~$350k,Jackson's seller accounts on Amazon,"Hi {{first_name}},

Saw that Jackson's exhibited at FNCE last year.

Looking at your listings, Jackson's does roughly $350k a month on Amazon and has grown well over the last year. Two things stand out: the volume moved almost entirely from one Jackson's seller account to another last month, and a third-party seller, The Online Grocery Store, is picking up close to 10% of the sales. Account moves like that are exactly when reviews, rank and Buy Box get lost if the transition isn't managed closely.

We manage Amazon for brands end to end, including strategy, content, advertising, inventory and operations.

Would it make sense to have a quick conversation?

Yoni
",,2026-09-25T14:48:19
1 - Confirmed on Amazon,Las Vegas Souvenir & Resort Gift Show 2026,Safari Ltd.,YES on Amazon (SmartScout),Safari Ltd.,341609.28,879.0,4.58,114892.0,Kids' Play Animal Figures,,Safari,,Yes,exact,"Safariland, Warner Safari, Northern Safari (different brands)",,,Not needed,,,,,SmartScout,Safari Ltd.,exact,Toys & Games,Kids' Play Animal Figures,341609.28,6404791.8,879,114892,4.58,14.04,1.23,,0.1,0.067,-0.02,True,https://www.amazon.com/stores/SafariLtd/page/7D6A9C94-16AB-4244-A3BD-820E1B9C9DD6,"Safari Ltd. Friendly Fairies Super Toob - 12 Miniature Fairy Figurines | B07BYJTP3Z | $5,624; Safari Ltd. Continental Army Designer TOOB | B006HEIJ1U | $3,966; Safari Ltd. Knights and Dragons Toob | B000BNC90A | $3,959; Safari Ltd. USA Super Toob - 12 American Landmark Figures | B00Q6ZFXVO | $3,886; Safari Ltd. Around the World Toob - 10 Landmark Figurines | B0081GG6KI | $3,583",Safari Ltd.: 99.1%; Red Parasol: 0.3%; Ozone Toys: 0.2%; Draben's Toyland: 0.1%; Avalanche Brands: 0.1%,6,Brand direct,0.7,"Brand direct, flat growth, revenue spread thin across ~900 listings with big review base","Brand direct 99.1%; 879 products; 114,892 reviews; monthly rev ~$342k; top ASIN ~$5.6k/mo; 12M MoM -2%",Safari Ltd catalog on Amazon,"Hi {{first_name}},

Saw you're exhibiting at the Las Vegas Souvenir & Resort Gift Show next week.

From what we can see, Safari Ltd does roughly $340k a month on Amazon, sold direct, across nearly 900 listings with over 100,000 reviews. Growth over the last 12 months is flat, and no single listing does more than about $6k a month, so the revenue is spread thin. That usually means the Toobs and figures are selling on brand recognition rather than on ads or content.

We manage Amazon for brands end to end, including strategy, content, advertising, inventory and operations.

Is it worth a short call on getting more out of the catalog?

Yoni
",trimmed for length,2026-09-25T14:48:19
1 - Confirmed on Amazon,Las Vegas Souvenir & Resort Gift Show 2026,Gulf Coast Panama Jack,YES on Amazon (SmartScout),Panama Jack,307341.36,292.0,4.54,23912.0,Lip Balms & Moisturizers,,Gulf Coast Panama Jack,,Yes,close,exhibitor is the Gulf Coast licensee/distributor of the Panama Jack brand,,,Not needed,,,,,SmartScout,Panama Jack,exact,Beauty & Personal Care,Lip Balms & Moisturizers,307341.36,4662122.48,292,23912,4.54,42.4,1.29,"Panama Jack, Inc.",0.4,-0.325,0.135,True,https://www.amazon.com/stores/PanamaJack/page/2F1C88BF-B629-4776-88CC-C92471EA86F6,"Panama Jack Sunscreen Lip Balm SPF 45, 4 Pack | B08G5YPWR3 | $37,548; Panama Jack Sunscreen Lip Balm SPF 45, 5 Pack | B0CTVK6SVQ | $23,331; Mesh Crown Safari Men's Sun Hat, UPF 50+ (Khaki, Large) | B0BVN83ZVX | $10,137; Panama Jack Continuous Spray Sunscreen SPF 15, 5.5 OZ (Pack of 12) | B07SY9W6NX | $7,386; Panama Jack Sunscreen Lip Balm SPF 45 | B0CVMFX8NJ | $6,084","Panama Jack, Inc.: 99.2%; Amazon.com: 0.4%; SWIFTCHOICE: 0.2%; bestbrandsupply: 0.1%; premier liquidations: 0%",5,Brand direct,0.3,Brand direct sun care with strong lip balm leaders; sharp seasonal drop last month; off-season plan angle,Brand direct 99.2%; monthly rev ~$307k; MoM -32.5%; 12M MoM +13.5%; top ASIN lip balm 4 pack ~$38k/mo,Panama Jack's off-season on Amazon,"Hi {{first_name}},

Saw you're exhibiting at the Las Vegas Souvenir & Resort Gift Show next week.

From what we can see, Panama Jack does roughly $300k a month on Amazon, sold direct, with the SPF lip balm multipacks as the clear leaders and growth over the last year in the low double digits. Last month was down about a third, the usual seasonal drop for sun care, and that is typically when ad budgets and inventory get pulled back too far and listings lose rank.

We manage Amazon for brands end to end, including strategy, content, advertising, inventory and operations.

Open to a short call on the off-season plan?

Yoni
",exhibitor is Gulf Coast Panama Jack (likely licensee); SmartScout data is the Panama Jack brand overall; trimmed for length,2026-09-25T14:48:19
1 - Confirmed on Amazon,Las Vegas Souvenir & Resort Gift Show 2026,Jerzees,YES on Amazon (SmartScout),Jerzees,306199.54,1926.0,4.42,191005.0,Men's Polo Shirts,,Jerzees,,Yes,exact,,,,Not needed,,,,,SmartScout,Jerzees,exact,"Clothing, Shoes & Jewelry",Men's Polo Shirts,306199.54,8889652.01,1924,191004,4.42,16.32,7.24,,62.7,0.244,-0.328,True,https://www.amazon.com/stores/JERZEES/page/2ABFD786-DD4A-42AF-A748-04069EE84A71,"Jerzees Men's NuBlend Fleece Hoodie, Black, Large | B00T7U6QXY | $4,016; Jerzees Mens Dri-Power Long Sleeve T-Shirt, White, Large | B00O2TEYT8 | $3,856; Jerzees Men's Dri-Power Cotton Blend Long Sleeve Tees, Black, Large | B00T7TXS2W | $3,741; Jerzees Men's Short Sleeve Polo Shirts, Dri-Power, Black, 5X-Large | B0F1Z5XWDL | $3,668; Jerzees Men's NuBlend Fleece Hoodie, Black, X-Large | B00T7U6R88 | $3,085",Amazon.com: 62.7%; Grit & Garb: 13.8%; officialalldayshirts: 9.7%; DEALS BIZARRE: 3.2%; kiwisota: 2.4%,6,Mixed,30.7,"Third-party resellers ~37% (Grit & Garb, officialalldayshirts) with Amazon 1P ~63%; declining trend",Amazon 1P 62.7%; Grit & Garb 13.8%; officialalldayshirts 9.7%; reseller share ~37%; monthly rev ~$306k; 12M MoM -33%; 191k reviews,Jerzees third-party sellers on Amazon,"Hi {{first_name}},

Saw you're exhibiting at the Las Vegas Souvenir & Resort Gift Show next week.

Looking at Jerzees listings on Amazon, roughly $300k a month, about 60% is sold by Amazon as the vendor and close to 40% by third-party sellers like Grit & Garb and officialalldayshirts, each carrying hundreds of your SKUs at their own prices. The trend over the last 12 months is down, and with nearly 200,000 reviews on the catalog that is a lot of brand equity being traded on by resellers.

We manage Amazon for brands end to end, including strategy, content, advertising, inventory and operations.

Open to a 20 minute look at the reseller side?

Yoni
",Jerzees is a Fruit of the Loom brand,2026-09-25T14:48:19
1 - Confirmed on Amazon,Las Vegas Souvenir & Resort Gift Show 2026,Rhode Island Novelty / Adventure Planet,YES on Amazon (SmartScout),Rhode Island Novelty,285614.9,453.0,4.11,206579.0,Gags & Practical Joke Toys,,Rhode Island Novelty,,Yes,exact,,,,Not needed,,,,,SmartScout,Rhode Island Novelty,exact,Toys & Games,Gags & Practical Joke Toys,287412.81,4876382.08,450,206200,4.11,16.77,5.03,,5.4,-0.02,-0.036,True,https://www.amazon.com/stores/RhodeIslandNovelty/page/E872043F-F0CF-4D77-B5C0-3C23C236B916,"Smile Tooth 2 Minute Sand Timer Assorted Colors (2 Pack) | B0155CENLY | $10,615; Rhode Island Novelty Deluxe Black Magician Butler Formal Costume Top Hat | B002RHPSYM | $9,873; Rhode Island Novelty 7 Inch x 8 Inch Hollywood Movie Clapboard | B000IT1EEO | $9,301; Rhode Island Novelty 15-inch Wide Animal Den Brachiosaurus Plush | B0181QGN46 | $8,732; Rhode Island Novelty Plastic Jewel Rings, 24 Count Assortment | B00629TPG8 | $6,571",Libros Judios: 25.6%; What America Buys: 8.1%; Zack's Edu Castle: 6.3%; Discount Party and Novelty: 5.6%; Amazon.com: 5.4%,6,Mixed,50.6,No brand seller account; ~95% via third-party resellers (Libros Judios 26%); Amazon 1P ~5%,Libros Judios 25.6%; What America Buys 8.1%; Amazon 5.4%; brand direct 0%; monthly rev ~$287k; 206k reviews,Who sells Rhode Island Novelty on Amazon,"Hi {{first_name}},

Saw you're exhibiting at the Las Vegas Souvenir & Resort Gift Show next week.

From what we can see, Rhode Island Novelty products do roughly $290k a month on Amazon, but we don't see a Rhode Island Novelty seller account in the mix at all. The biggest seller is a third party called Libros Judios at about a quarter of the volume, followed by a string of other resellers, with Amazon itself around 5%. That is a catalog with over 200,000 reviews run by other people.

We manage Amazon for brands end to end, including strategy, content, advertising and operations.

Would it make sense to talk about taking that back?

Yoni
",exhibitor also lists Adventure Planet; only Rhode Island Novelty queried; trimmed for length,2026-09-25T14:48:19
1 - Confirmed on Amazon,Las Vegas Souvenir & Resort Gift Show 2026,"Spoontiques, Inc.",YES on Amazon (SmartScout),Spoontiques,277592.63,850.0,4.6,118423.0,Stepping Stones,,Spoontiques,,Yes,exact,,,,Not needed,,,,,SmartScout,Spoontiques,exact,"Patio, Lawn & Garden",Stepping Stones,277592.63,6357246.95,850,118423,4.6,22.3,2.41,,66.9,-0.05,-0.018,True,https://www.amazon.com/stores/Spoontiques/page/02DDC05F-48B6-46FA-B106-84C4C9B764C4,"Spoontiques Snoopy Wind Chime - Outdoor Garden Decor | B0DTPDBH2V | $19,149; Spoontiques Bronze Angel Stepping Stone | B075MJQNXS | $9,541; Spoontiques Peanuts Eyeglass Case | B0BY81NV9J | $4,969; Spoontiques Ruby Slippers Stepping Stone - Wizard of Oz | B008JGUQ2Y | $4,765; Spoontiques Peanuts 40oz Glitter Acrylic Travel Mug | B0DDL5HWN1 | $4,068",Amazon.com: 66.9%; Hour Loop: 17.5%; KART IT: 4.2%; Spoontiques: 2.6%; ReLIVE Life: 1.4%,6,Mixed,24.4,Amazon 1P ~67% plus a reseller (Hour Loop) at ~17%; brand's own account under 3%,Amazon 1P 66.9%; Hour Loop 17.5% on 370 offers; Spoontiques seller 2.6%; reseller share ~30%; monthly rev ~$278k; 118k reviews,Spoontiques seller mix on Amazon,"Hi {{first_name}},

Saw you're exhibiting at the Las Vegas Souvenir & Resort Gift Show next week.

Looking at your listings, Spoontiques does roughly $280k a month on Amazon, about two thirds through Amazon as the vendor, and your own seller account is under 3% of it. A third-party seller, Hour Loop, carries close to 20% across 370 of your listings, and growth over the last 12 months is flat. So pricing and Buy Box on the licensed items are decided by Amazon and a reseller, not you.

We manage Amazon for brands end to end, including hybrid 1P/3P setups.

Open to a 20 minute look at the seller side?

Yoni
",trimmed for length,2026-09-25T14:48:19
1 - Confirmed on Amazon,FNCE 2025,Mooala Brands,YES on Amazon (SmartScout),Mooala,238994.17,25.0,4.12,3180.0,Almond Milks,,Mooala,,Yes,exact,,,,Not needed,,,,,SmartScout,Mooala,exact,Grocery & Gourmet Food,Almond Milks,238994.17,3046505.08,25,3180,4.12,31.6,3.12,Mooala Brands,1.7,0.023,0.363,True,https://www.amazon.com/stores/Mooala/page/042603D4-FA5F-4D14-91FB-385707AAFBA4,"Mooala Organic Simple Almond Milk, 32oz, 6 pack | B0CGJ87VQ3 | $42,021; Mooala Organic Simple Oat Milk, 32oz, 6 pack | B0CGJ7PMBG | $33,291; Mooala Organic Simple Almond Milk Vanilla, 32oz, 6 pack | B0DJ1NGY3S | $30,028; Mooala Organic Original Bananamilk, 32 FL Oz (Pack of 6) | B08BJGTJDG | $26,317; MOOALA Organic Bananamilk, 48 FZ | B078134TSV | $13,989",Mooala Brands: 78.5%; K2 Peaks: 8.8%; Whole Foods Market: 3.8%; DEALZ 4 US INC.: 2.8%; FKCGL Goods: 1.7%,6,Brand direct,17.2,Growing brand direct with ~20% now leaking to third-party sellers; K2 Peaks jumped to ~9% on one listing,"Mooala Brands 78.5%; K2 Peaks 8.8% (MoM +8.8 pts, 1 offer); reseller share ~20%; monthly rev ~$239k; 12M MoM +36%",Mooala third-party sellers on Amazon,"Hi {{first_name}},

Saw that Mooala exhibited at FNCE last year.

From what we can see, Mooala does roughly $240k a month on Amazon, mostly through your own account, and has grown well over the last year. What stands out is that about 20% of the volume is now going through third-party sellers, and one of them, K2 Peaks, went from nothing to nearly 9% last month on a single listing. That is usually worth looking into before it starts pulling your price down on your own almond milk.

We manage Amazon for brands end to end, including strategy, content, advertising, inventory and operations.

Would it make sense to have a quick conversation?

Yoni
",,2026-09-25T14:48:19
1 - Confirmed on Amazon,FNCE 2025,Painterland Sisters,YES on Amazon (SmartScout),Painterland Sisters,227980.76,7.0,4.76,578.0,Greek & Icelandic Plain Yogurt,https://www.amazon.com/Painterland-Sisters-Organic-Blueberry-Icelandic/dp/B0B5VVV1Q1,Painterland Sisters,,Yes,exact,,Yes,product listings found,Not needed,,,,,SmartScout,Painterland Sisters,exact,Grocery & Gourmet Food,Greek & Icelandic Plain Yogurt,227980.76,700828.09,7,578,4.76,5.39,1,,3.4,0.244,,False,,"Painterland Sisters, Yogurt Skyr Plain Organic, 24 Ounce | B0CB1S9X8S | $94,994; Painterland Sisters, Yogurt Skyr Vanilla Bean Organic, 24 Ounce | B0CC3SXM61 | $49,609; Painterland Sisters, Yogurt Icelandic Style SKYR Strawberry Organic, 5.3 Ounce | B0B5VV53FV | $22,875; Painterland Sisters, Yogurt Skyr Savannahs Peach Organic, 5.3 Ounce | B0CB1QBC6W | $22,360; Painterland Sisters, Yogurt Icelandic Style Skyr Vanilla Organic, 5.3 Ounce | B0B5VM8Y4Y | $19,106",Whole Foods Market: 96.6%; Amazon.com: 3.4%,2,Third-party resellers,96.6,"Sold almost entirely via Whole Foods on Amazon; no brand store, thin reviews; build the brand side",Whole Foods Market 96.6%; Amazon 3.4%; 7 products; 578 reviews; avg rating 4.76; monthly rev ~$228k; Has Storefront false,Painterland Sisters on Amazon,"Hi {{first_name}},

Saw that Painterland Sisters exhibited at FNCE last year.

Looking at your listings, Painterland Sisters is doing roughly $230k a month on Amazon, nearly all of it through Whole Foods Market's Amazon storefront, with the 24 oz plain skyr alone at close to $100k. The reviews are excellent, a 4.8 average, but there are under 600 of them across seven listings and we don't see a brand store, so the products are found through Whole Foods rather than through the brand.

We manage Amazon for brands end to end, including strategy, content, advertising, inventory and operations.

Would a 20 minute conversation about building the brand side be worth your time?

Yoni
",trimmed for length,2026-09-25T14:48:19
1 - Confirmed on Amazon,FNCE 2025,Kibow Biotech LLC,YES on Amazon (SmartScout),KIBOW,227412.4,4.0,4.53,2245.0,Blended Vitamin & Mineral Supplements,,Kibow Biotech,,Yes,exact,,,matched via retry 'Kibow',Not needed,,,,,SmartScout,KIBOW,exact,Health & Household,Blended Vitamin & Mineral Supplements,227412.4,2363376.08,4,2245,4.53,68.22,0.5,Kibow Biotech Official Store,0,0.043,0.904,True,https://www.amazon.com/stores/KibowBiotechInc/page/821C77FA-134B-4313-A794-3D9E5C01B18F,"Renadyl Probiotic, 180 Capsules (1 Bottle, 1 Month Supply) | B00WA1VNI0 | $134,729; Renadyl Probiotic, 60 Capsules (1 Bottle, 1 Month Supply) | B004G230Q4 | $92,684; KIBOW 10-Pound Pack Reflective Crushed Fire Glass (unrelated brand sharing name) | B07XCTXTN2 | $0; KIBOW Propane Quick Connect Fitting (unrelated brand sharing name) | B07BNX2H5S | $0",Kibow Biotech Official Store: 100%; KIBOW: 0%,2,Brand direct,0,Strong growing brand direct on two Renadyl listings at a high price; Subscribe & Save and content angle,Brand direct 100%; monthly rev ~$227k; Renadyl 180ct ~$135k/mo + 60ct ~$93k/mo; avg price ~$68; 12M MoM +90%,Renadyl on Amazon,"Hi {{first_name}},

Saw that Kibow Biotech exhibited at FNCE last year.

From what we can see, Renadyl is doing roughly $230k a month on Amazon off two listings, sold direct through your own store, and growth over the last year looks strong. At about $70 a bottle for a monthly supply, the next questions are how much of that is on Subscribe & Save, how the kidney health search terms are being defended, and whether the listing content is doing the clinical story justice.

We manage Amazon for brands end to end, including strategy, content, advertising, inventory and operations.

Open to a short call to compare notes on it?

Yoni
",SmartScout KIBOW brand record also contains two unrelated fire-pit products with $0 revenue; trimmed for length,2026-09-25T14:48:19
1 - Confirmed on Amazon,FNCE 2025,Olyra,YES on Amazon (SmartScout),Olyra,226446.01,47.0,4.16,2909.0,Fruit Bars,https://www.amazon.com/stores/OlyraAncientGreekGrains/page/03C5CD43-12D2-4824-B8C5-FDFE34A02693,Olyra,,Yes,exact,Olyra Ancient Greek Grains (0),Yes,Amazon storefront found,Not needed,,,,,SmartScout,Olyra,exact,Grocery & Gourmet Food,Fruit Bars,226566.79,3169750.71,47,2898,4.16,23.31,0.94,,30.1,0.06,0.516,True,https://www.amazon.com/stores/OlyraAncientGreekGrains/page/03C5CD43-12D2-4824-B8C5-FDFE34A02693,"Olyra Creme Breakfast Biscuits - Dark Chocolate - Pack of 4 | B09MQYB3VD | $35,444; Olyra Fruit Bars Variety Pack (24) | B0FPRF3K7M | $31,313; Olyra Organic Vanilla Cream Filled Breakfast Biscuit, 5.3 OZ | B0DNNJJDST | $20,394; Olyra Sandwich Breakfast Biscuits Dark Chocolate (24) | B08HCYLVBN | $18,803; Olyra Sandwich Breakfast Biscuits: Vanilla (12) | B0FVG2FX5W | $15,852",OLYRA FOODS INC: 67.8%; Amazon.com: 30.1%; Whole Foods Market: 1.6%; LawCorpSales: 0.1%; iHerb: 0.1%,6,Mixed,2.0,"Hybrid brand direct (~68%) and Amazon 1P (~30%), growing; weak review base and sub-4.2 rating","OLYRA FOODS INC 67.8%; Amazon 30.1%; 47 products; 2,898 reviews; avg rating 4.16; monthly rev ~$227k; 12M MoM +52%",Olyra reviews and ratings on Amazon,"Hi {{first_name}},

Saw that Olyra exhibited at FNCE last year.

From what we can see, Olyra does roughly $230k a month on Amazon, about two thirds through your own account and a third through Amazon as the vendor, with strong growth over the last year. Running both is the right setup when it's deliberate. The thing I'd look at first is reviews: under 3,000 across 47 listings and an average rating just over 4, which is low for breakfast biscuits and will cap what ads can do.

We manage Amazon for brands end to end, including hybrid 1P/3P setups at the product level.

Would it make sense to have a quick conversation?

Yoni
",trimmed for length,2026-09-25T14:48:19
1 - Confirmed on Amazon,FNCE 2025,Kindling Snacks,YES on Amazon (SmartScout),Kindling,183595.53,19.0,4.18,1611.0,Pretzels,https://www.amazon.com/stores/Kindling/page/CB426275-2173-419A-AEE7-E9EEFC9887B1,Kindling Snacks,,Yes,exact,"Kindling Cracker, North Woods Kindling, Wildwood Kindling (unrelated)",Yes,matched via retry 'Kindling'; Amazon storefront found,Not needed,,,,,SmartScout,Kindling,exact,Grocery & Gourmet Food,Pretzels,183595.53,3395061.28,19,1611,4.18,27.73,0.95,,0,-0.281,1.84,True,https://www.amazon.com/stores/Kindling/page/CB426275-2173-419A-AEE7-E9EEFC9887B1,"Kindling Protein Pretzels, Variety Pack, 12-Pack Variety | B0DMTSDDTV | $88,600; Kindling Protein Pretzels, Sea Salt, 1.06oz Bag, 16-Pack | B0DN3H5XY8 | $32,300; Kindling Protein Pretzels, Churro, 1.06oz Bag | B0FJKH4XQK | $13,875; Kindling Protein Pretzels, Honey Mustard, 1.06oz Bag, 16-Pack | B0DN3JFSY4 | $13,750; Kindling Protein Pretzels, Dill Pickle, 1.06oz Bag, 16-Pack | B0DN34JK4F | $11,725",Kindling Snacks: 100%,1,Brand direct,0,Fast-growing brand direct that dropped ~28% last month; thin reviews and sub-4.2 rating,"Brand direct 100%; monthly rev ~$184k; MoM -28%; 12M MoM +184%; 1,611 reviews; avg rating 4.18; variety pack ~$89k/mo",Kindling's next stage on Amazon,"Hi {{first_name}},

Saw that Kindling exhibited at FNCE last year.

From what we can see, Kindling is doing roughly $180k a month on Amazon, all sold direct, with the variety pack at about half of it, and growth over the last year has been steep. Last month dropped close to 30% though, and the catalog sits on about 1,600 reviews with an average rating just over 4. Fast-growing snacks usually hit exactly this point, where ads got it here and rank, reviews and inventory have to carry it from now on.

We help brands launch, manage and grow on Amazon, from strategy through execution.

Open to a short call?

Yoni
",trimmed for length,2026-09-25T14:48:19
1 - Confirmed on Amazon,Las Vegas Souvenir & Resort Gift Show 2026,ASOBU,YES on Amazon (SmartScout),Asobu,154433.25,257.0,4.4,34182.0,Water Bottles,,ASOBU,,Yes,exact,,,,Not needed,,,,,SmartScout,Asobu,exact,Kitchen & Dining,Water Bottles,154433.25,2712725.24,257,34182,4.4,32.59,1.29,Asobu Inc.,0.1,-0.293,0.391,True,https://www.amazon.com/stores/Asobu/page/0DB52FED-F1F2-4E87-B2C6-D7A9D111B63F,"asobu Bestie Cow Water Bottle | B0F9WYLJX9 | $7,768; asobu Bestie Water Bottle, Leak Proof | B0CCLMN93C | $4,355; asobu Bestie Bunny Water Bottle | B0CCLMZ885 | $4,032; asobu Bestie Duck Water Bottle | B0F9X19GFP | $4,032; asobu Bestie Water Bottle, Leak Proof | B0CP5HM9T3 | $3,995",Asobu Inc.: 92.5%; WeRespectMAP: 3.5%; Nalmaga: 2.3%; Frontier-Deals: 0.8%; Triplenet Pricing INC: 0.4%,6,Brand direct,7.1,"Brand direct with a 250-listing catalog spread thin; no hero listing, last month down ~29%","Asobu Inc. 92.5%; 257 products; 34,182 reviews; monthly rev ~$154k; top ASIN ~$7.8k/mo; MoM -29%; 12M MoM +39%",Asobu's hero listings on Amazon,"Hi {{first_name}},

Saw you're exhibiting at the Las Vegas Souvenir & Resort Gift Show next week.

From what we can see, Asobu does roughly $150k a month on Amazon, mostly through your own account, across about 250 listings with 34,000 reviews. The Bestie character bottles lead, but no single listing does more than about $8k a month, and last month was down close to 30%. With that many SKUs, revenue spreads thin unless a few hero listings get real ad and content investment.

We manage Amazon for brands end to end, including strategy, content, advertising, inventory and operations.

Is it worth a short call on where to concentrate ahead of Q4?

Yoni
",trimmed for length,2026-09-25T14:48:19
1 - Confirmed on Amazon,Las Vegas Souvenir & Resort Gift Show 2026,"American Classics, Inc",YES on Amazon (SmartScout),American Classics,145090.67,348.0,4.62,21335.0,Men's Novelty T-Shirts,,American Classics,,Yes,exact,GAC Great American Classics (2 products),,,Not needed,,,,,SmartScout,American Classics,exact,"Clothing, Shoes & Jewelry",Men's Novelty T-Shirts,144612.9,2139025.4,348,21357,4.63,29.67,1.68,2Bhip,0,-0.081,-0.287,True,https://www.amazon.com/stores/AmericanClassics/page/0A17B4B1-F129-488B-B23A-8223EF013C2A,"American Classics Def Leppard Hysteria 1988 Tour T Shirt White LG | B07P14CPJY | $6,159; American Classics Weezer Band Photo Vintage Style Graphic T Shirt MD | B09KYG1NGS | $5,647; American Classics Def Leppard Pyromania Tour 1983 T Shirt Natural XL | B07G8PKQM9 | $3,256; American Classics Misfits Skull Crossed Arms T Shirt Natural LG | B0C3K5QZG4 | $3,102; American Classics Alice in Chains Rooster Graphic T Shirt Navy Heather LG | B0DMTLG49Y | $3,024",2Bhip: 100%,1,Brand direct,0,"Single seller account (2Bhip), declining 12-month trend, low revenue per listing on licensed tees",2Bhip 100% (treated as brand's own account); 348 products; monthly rev ~$145k; 12M MoM -29%; top ASINs ~$5k to $6k/mo; avg rating 4.63,American Classics' Amazon trend,"Hi {{first_name}},

Saw you're exhibiting at the Las Vegas Souvenir & Resort Gift Show next week.

From what we can see, American Classics does roughly $150k a month on Amazon through a single seller account, across about 350 band tee listings with a 4.6 average rating. The 12 month trend is down, and the top listings, the Def Leppard and Weezer tees, each do only around $5k to $6k a month. Licensed music apparel on Amazon is won on search and content, and the catalog looks like it is coasting.

We manage Amazon for brands end to end, including strategy, content and advertising.

Would it make sense to have a quick conversation?

Yoni
","seller '2Bhip' (327 offers, 100%) assumed to be American Classics' own account; verify; trimmed for length",2026-09-25T14:48:19
1 - Confirmed on Amazon,FNCE 2025,Magic Seasoning Blends,YES on Amazon (SmartScout),Magic Seasoning Blends,139742.94,72.0,4.68,24020.0,Meat Seasonings,,Magic Seasoning Blends,,Yes,exact,"Chef Paul Prudhomme's Magic Seasoning Blends ($751.06, 4 products); Magic Seasoning ($649.50, 1 product)",,,Not needed,,,,,SmartScout,Magic Seasoning Blends,exact,Grocery & Gourmet Food,Meat Seasonings,139907.26,1710695.41,73,24129,4.68,20.57,2.08,,0.2,0.068,0.128,True,https://www.amazon.com/stores/MagicSeasoningBlends/page/BF5C52E9-7611-471B-8982-9ED05A5B14E3,"Chef Paul Blackened Redfish Magic Seasoning Blends, 24 oz Canister | B005KRON6A | $24,157; Magic Seasonings Blends Poultry Magic Seasoning, 24 oz | B0000CDBRA | $10,987; Chef Paul Blackened Redfish Magic Seasoning Blends, 20 oz Canister | B083Q81NV8 | $7,916; Chef Paul Blackened Redfish Magic, 10 lb Package | B00B04CWOC | $6,034; Chef Paul Magic Seasonings Blends Poultry Magic, 2 oz | B0005Z8PXY | $5,482",Sebago Distribution: 94.9%; VerSure: 1.2%; JF Distributions: 1.0%; Bulldongo LLC: 0.7%; D&T Multistreams: 0.3%,6,Third-party resellers,98.4,Distributor (Sebago Distribution) sells ~95%; brand not selling direct,Sebago Distribution 94.9% on 62 offers; brand direct 0%; monthly rev ~$140k; 24k reviews; avg rating 4.68,Who sells Magic Seasoning Blends on Amazon,"Hi {{first_name}},

Saw that Magic Seasoning Blends exhibited at FNCE last year.

From what we can see, Magic Seasoning Blends does roughly $140k a month on Amazon with a 4.7 average rating, but about 95% of it is sold by a distributor, Sebago Distribution, and we don't see a brand account at all. That usually means the pricing, the listing content and any ad spend on the Blackened Redfish Magic are their call, not yours.

We work with brands either as the exclusive Amazon distributor or as the team running the brand's own account, covering content, advertising, inventory and operations either way.

Worth comparing that against the current setup?

Yoni
",,2026-09-25T15:01:35
1 - Confirmed on Amazon,Las Vegas Souvenir & Resort Gift Show 2026,University Games,YES on Amazon (SmartScout),University Games,134131.0,94.0,4.45,54140.0,Dedicated Deck Card Games,,University Games,Likely not a consumer brand,Yes,exact,,,,Not needed,,,,,SmartScout,University Games,exact,Toys & Games,Dedicated Deck Card Games,133925.97,3075950.86,94,54140,4.45,17.31,4.5,Amazon.com,95.1,0.035,-0.325,True,https://www.amazon.com/stores/UniversityGames/page/8674DBEB-7E73-46DD-8A97-FD48D350B83D,"University Games, Pizza Party Dice Game | B07SRD8JJF | $17,181; Flickin' Chicken Outdoor Yard & Lawn Game | B07SXMTSZ7 | $14,111; Ladderball Pro Steel Outdoor Lawn Toss Game Set | B00K5OFAD8 | $13,143; Great Explorations: Wonder Stars Super Kit, Glow In The Dark Ceiling Stars | B00009ENDT | $8,116; ChickenFoot Double 9 Color Dot Dominoes Travel Tin Set | B000BDJJXK | $6,524",Amazon.com: 95.1%; MyConnects: 1.5%; Yachew LTD UK: 0.4%; Moda Original LLC: 0.4%; giftsbyrenee: 0.3%,6,Amazon 1P,2.9,Amazon 1P ~95% with a negative 12-month trend; no 3P layer,Amazon 1P 95.1%; monthly rev ~$134k; 12M MoM -32.5%; 94 products; 54k reviews,University Games' Amazon trend,"Hi {{first_name}},

Saw you're exhibiting at the Las Vegas Souvenir & Resort Gift Show next week.

From what we can see, University Games does roughly $130k a month on Amazon, about 95% of it through Amazon as the vendor, and the 12 month trend is down. Pizza Party and Flickin' Chicken carry it. With 1P only, the levers to turn that around, ads, content, pricing and Q4 stock, mostly sit on Amazon's side.

We manage Amazon for brands end to end, including strategy, content, advertising, inventory and operations. That includes hybrid setups where specific games move to Seller Central.

Would a 20 minute conversation on the hybrid option be worth your time?

Yoni
",org_type_flag: Likely not a consumer brand (row flag); SmartScout shows a real consumer catalog; trimmed for length,2026-09-25T15:01:35
1 - Confirmed on Amazon,Las Vegas Souvenir & Resort Gift Show 2026,Julie & Joe by Stephen Joseph,YES on Amazon (SmartScout),Stephen Joseph,133143.74,512.0,4.58,54009.0,Stick Umbrellas,,Julie & Joe,,Yes,close,matched on parent brand Stephen Joseph; no 'Julie & Joe' brand found,,,Not needed,,,,,SmartScout,Stephen Joseph,exact,"Clothing, Shoes & Jewelry",Stick Umbrellas,129776.25,2553979.44,499,53744,4.58,23.84,1.82,Amazon.com,59.8,0.014,-0.308,True,https://www.amazon.com/stores/StephenJoseph/page/F5965292-C198-4B61-A841-EC01E588EE17,"Stephen Joseph Unisex Child Kids' Umbrella, TRANSPORTATION | B07G4LPJZ4 | $4,087; Stephen Joseph Clear Color Changing Bubble Umbrella, Princess | B0FSF62VHR | $3,874; Stephen Joseph Toddler All Over Print Nap Mat, Camo | B07YKWWLKW | $3,184; Stephen Joseph Toddler All Over Print Nap Mat, Sports | B013H28RCK | $3,145; Stephen Joseph Clear Color Changing Bubble Umbrella, Shark | B0DBK3YJ23 | $2,930",Amazon.com: 59.8%; Royal Flagship: 20.0%; Hour Loop: 15.6%; Stephen Joseph Gifts: 3.8%; Good Buy Products: 0.3%,6,Mixed,36.0,"Third-party resellers ~36% (Royal Flagship, Hour Loop) with Amazon 1P ~60%; brand's own account under 4%; declining",Amazon 1P 59.8%; Royal Flagship 20.0%; Hour Loop 15.6%; Stephen Joseph Gifts 3.8%; monthly rev ~$130k; 12M MoM -31%,Stephen Joseph third-party sellers on Amazon,"Hi {{first_name}},

Saw you're exhibiting at the Las Vegas Souvenir & Resort Gift Show next week.

Looking at Stephen Joseph's listings, roughly $130k a month on Amazon, about 60% is Amazon as the vendor and close to 35% is two third-party sellers, Royal Flagship and Hour Loop, across nearly 300 of your listings. Your own Stephen Joseph Gifts account is under 4%. The 12 month trend is down, so a shrinking channel is also one you mostly don't control.

We manage Amazon for brands end to end, including strategy, content, advertising, inventory and operations.

Open to a 20 minute look at the seller side?

Yoni
",exhibitor is the Julie & Joe line by Stephen Joseph; data covers the Stephen Joseph brand overall,2026-09-25T15:01:35
1 - Confirmed on Amazon,Las Vegas Souvenir & Resort Gift Show 2026,"American Apparel, LLC.",YES on Amazon (SmartScout),American Apparel,127915.27,684.0,4.24,9303.0,Men's T-Shirts,,American Apparel,,Yes,exact,,,,Not needed,,,,,SmartScout,American Apparel,exact,"Clothing, Shoes & Jewelry",Men's T-Shirts,127915.27,2094489.58,684,9303,4.24,19.2,9.77,,49.8,-0.323,0.237,True,https://www.amazon.com/stores/AmericanApparel/page/4DE51EC6-C162-4168-B0E4-CEFD267DDE78,"American Apparel Women's Heavyweight Cotton Boxy Cropped Muscle T-Shirt G307GD, 2-Pack, Sm | B0CZY4958V | $3,903; American Apparel unisex Tri-blend Track T-shirt Gtr401, 2-pack, Large | B07WV64ZZM | $3,868; American Apparel Heavyweight Cotton T-Shirt G1301, White 2-Pack, Large | B0C3DJR9G4 | $2,784; American Apparel Women's Heavyweight Cotton Muscle T-Shirt G307GD, 2-Pack, Large | B0CZY2XFYT | $2,171; American Apparel Women's Heavyweight Cotton Muscle T-Shirt G307GD, 2-Pack, Medium | B0CZY37VJH | $2,088",Amazon.com: 49.8%; Hejaz inc: 18.0%; Grit & Garb: 16.5%; HIGHEND FASHION: 3.8%; AmeriStyle: 3.5%,6,Mixed,43.7,"Third-party resellers ~50% (Hejaz, Grit & Garb) alongside Amazon 1P ~50%; no brand account; weak reviews","Amazon 1P 49.8%; Hejaz inc 18.0%; Grit & Garb 16.5%; reseller share ~50%; monthly rev ~$128k; 684 products; 9,303 reviews; avg rating 4.24",American Apparel third-party sellers on Amazon,"Hi {{first_name}},

Saw you're exhibiting at the Las Vegas Souvenir & Resort Gift Show next week.

From what we can see, American Apparel does roughly $130k a month on Amazon, half through Amazon as the vendor and half through third-party sellers like Hejaz and Grit & Garb, each carrying hundreds of your SKUs. We don't see a brand seller account, and the catalog sits on under 10,000 reviews with a 4.2 average, which is thin for a name that recognizable.

We manage Amazon for brands end to end, including strategy, content, advertising, inventory and operations.

Open to a 20 minute look at the seller side?

Yoni
",American Apparel is a Gildan brand,2026-09-25T15:01:35
1 - Confirmed on Amazon,FNCE 2025,General Mills,YES on Amazon (SmartScout),General Mills,122903.08,102.0,4.47,23704.0,Cold Cereal,,General Mills,,Yes,exact,"General Mills Gold Medal ($3,155.70, 3 products); General Mills India ($194.87, 1 product); GENERAL MILLS SALES INC. (0); General Mills Sales (0)",,,Not needed,,,,,SmartScout,General Mills,exact,Grocery & Gourmet Food,Cold Cereal,122903.08,1997029.49,102,23704,4.47,50.91,3.44,Amazon.com,48.4,0.087,-0.191,False,,"General Mills Cereal Variety Pack, 8 Pouches, 9.1 oz | B0FWKYZF9T | $46,782; General Mills, Cheerios Multi Grain, 12 Ounce | B0CR1T4SGM | $8,203; Immaculate Baking Organic Cinnamon Rolls with Icing, 17.5 oz | B00B03Y2G4 | $3,797; Pillsbury Mini Cinnis Soft Pull-Apart Cinnamon Rolls, 2.29 oz (Pack of 72) | B00B0453CA | $3,731; Pillsbury Freezer to Oven Chocolate Chunk Scone, 96 per case | B00B04FONS | $3,666",,0,,0,"Large CPG; SmartScout 'General Mills' brand record is a small catch-all slice (variety packs, Pillsbury foodservice); Amazon 1P ~48%; narrow ask",Amazon 1P share 48.4%; monthly rev under the General Mills brand name ~$123k; 102 products; 12M MoM -19%; seller breakdown unavailable,General Mills listings on Amazon,"Hi {{first_name}},

Saw that General Mills exhibited at FNCE last year.

Looking at the listings filed under the General Mills name itself on Amazon, rather than under Cheerios or Pillsbury, we see roughly $120k a month across about 100 products, with the new cereal variety pack doing most of it and the trend over the last year down. About half of that slice runs through Amazon as the vendor.

We manage Amazon for brands end to end, including strategy, content, advertising, inventory and operations.

I know a company your size has an Amazon team. Would a 20 minute look at one specific line be worth your time?

Yoni
",very large CPG; SmartScout brand record not representative of the portfolio; seller query failed on both fast path and query_analytics; trimmed for length,2026-09-25T15:01:35
1 - Confirmed on Amazon,FNCE 2025,Milton's,YES on Amazon (SmartScout),Milton's Craft Bakers Gluten Free,111897.57,57.0,4.09,11357.0,Cracker Assortments,,Milton's,,Yes,close,"Milton's ($39.64, 1 product); Milton's Bread ($25.14, 1 product); Milton's CRAFT BAKERS (0)",,,Not needed,,,,,SmartScout,Milton's Craft Bakers Gluten Free,exact,Grocery & Gourmet Food,Cracker Assortments,112647.57,1782186.17,57,11339,4.09,22.45,1.79,,20.8,-0.248,0.326,False,,"Milton's Organic Crackers, Multi-Grain, 6 Oz | B07FW4TMSJ | $30,424; Milton's Gluten Free Crackers, Crispy Sea Salt, 4.5 Oz | B00NSNPW90 | $18,112; Milton's Organic Crackers, Multi-Grain, 24 Oz, Pack of 1 | B08NWHZT2D | $16,628; Milton's Organic Crackers, Multi-Grain, 24 Oz, Pack of 2 | B09FFVQTCT | $9,669; Milton's Organic Crackers, Multi-Grain, 6 Oz, Pack of 3 | B07RWQ55QC | $6,950",E-Com Elite: 66.2%; Amazon.com: 20.8%; Whole Foods Market: 5.8%; Eternity Essentials: 2.6%; LUMlNlZE: 1.4%,6,Third-party resellers,76.8,A third-party seller (E-Com Elite) took ~66% of revenue last month; brand not selling direct; last month down 25%,E-Com Elite 66.2% (MoM +51.8 pts); Amazon 20.8%; Whole Foods 5.8%; brand direct 0%; monthly rev ~$113k; MoM -24.8%,Who is selling Milton's on Amazon,"Hi {{first_name}},

Saw that Milton's exhibited at FNCE last year.

From what we can see, Milton's does roughly $110k a month on Amazon, and about two thirds of it is now sold by a third-party seller called E-Com Elite, who went from a small share to the majority in a single month. Amazon as the vendor is around 20%, and we don't see a Milton's seller account. Overall revenue dropped about a quarter in the same month.

We manage Amazon for brands end to end, including strategy, content, advertising, inventory and operations.

Would it make sense to have a quick conversation about who should own those listings?

Yoni
",,2026-09-25T15:01:35
1 - Confirmed on Amazon,FNCE 2025,Pirq,YES on Amazon (SmartScout),Pirq,84403.43,19.0,4.34,601.0,Protein Drinks,https://www.amazon.com/stores/Pirq/page/5DD18443-2084-4509-A762-0EB36F39BA3A,Pirq,,Yes,exact,,Yes,Amazon storefront found,Not needed,,,,,SmartScout,Pirq,exact,Grocery & Gourmet Food,Protein Drinks,84432.61,1016737.26,19,601,4.34,22.85,3.63,,0,-0.017,7.294,True,https://www.amazon.com/stores/Pirq/page/5DD18443-2084-4509-A762-0EB36F39BA3A,"Pirq 21g Dairy Free Protein Shake, 12 Pack, Vanilla | B0CYQSFY5V | $35,364; Pirq Plant-Based Protein Shakes, Chocolate 11 Fl Oz (Pack of 4) | B0CCFSXM5T | $12,954; Pirq Plant-Based Protein Shakes, Vanilla 11 Fl Oz (Pack of 4) | B0CCG5XR14 | $9,349; Pirq Plant Based Protein Shake, 12 Pack, Strawberry | B0CKC3X552 | $5,929; Pirq Plant-Based Protein Shakes, Strawberry 11 Fl Oz (Pack of 4) | B0F7T3XMNS | $5,212",Pirq: 54.0%; Whole Foods Market: 19.5%; USTradeEnt: 8.8%; Franzy Boy Goods: 4.0%; Pro Solutions 4 U: 3.2%,6,Mixed,38.5,Fast-growing brand direct with ~25% leaking to third-party sellers (USTradeEnt and others),Pirq seller 54.0%; Whole Foods 19.5%; USTradeEnt 8.8%; reseller share ~27%; monthly rev ~$84k; 12M MoM +729%; 601 reviews,Pirq third-party sellers on Amazon,"Hi {{first_name}},

Saw that Pirq exhibited at FNCE last year.

From what we can see, Pirq is doing roughly $85k a month on Amazon and has grown fast over the last year. Your own account is only about half of it though. Whole Foods Market's Amazon storefront is another fifth, and roughly a quarter is going through third-party sellers like USTradeEnt, which for a young brand means someone else is undercutting your 12 packs while you pay for the ads.

We manage Amazon for brands end to end, including strategy, content, advertising, inventory and operations.

Open to a short call on tightening that up?

Yoni
",,2026-09-25T15:01:35
1 - Confirmed on Amazon,Las Vegas Souvenir & Resort Gift Show 2026,American Needle,YES on Amazon (SmartScout),AMERICAN NEEDLE,82637.15,481.0,4.64,13475.0,Sports Fan Baseball Caps,,American Needle,,Yes,exact,,,,Not needed,,,,,SmartScout,AMERICAN NEEDLE,exact,Sports & Outdoors,Sports Fan Baseball Caps,82546.76,2624712.66,478,13461,4.64,33.21,1.16,,0,-0.226,-0.312,True,https://www.amazon.com/stores/AmericanNeedle/page/60901FB3-0958-4CF1-BCB6-8C93486730F6,"AMERICAN NEEDLE Coors Banquet Beer Orville Adjustable Snapback Hat | B0BM3W6J23 | $2,139; AMERICAN NEEDLE Coors Beer Canvas Cappy Snapback Trucker Hat | B0BXKSYPYY | $1,994; AMERICAN NEEDLE Hiroshima Toyo Carp Ballpark Baseball Hat | B07DXJVFBK | $1,608; AMERICAN NEEDLE Archive MiLB Seattle Rainiers Baseball Dad Hat | B07Q4QKXMW | $1,536; AMERICAN NEEDLE Yomiuri Giants Ballpark Baseball Hat | B07DXDJSVY | $1,479",EPIC MENS: 57.6%; Hat Pro Shop: 40.8%; Cool Offerings: 0.9%; FreshHeads LLC: 0.2%; DBKay Sales LLC: 0.2%,6,Third-party resellers,99.7,"No brand seller account; two third-party sellers (EPIC MENS, Hat Pro Shop) hold ~98%; declining trend",EPIC MENS 57.6%; Hat Pro Shop 40.8%; brand direct 0%; monthly rev ~$83k; 12M MoM -31%; MoM -22.6%; 478 products,Who sells American Needle on Amazon,"Hi {{first_name}},

Saw you're exhibiting at the Las Vegas Souvenir & Resort Gift Show next week.

Looking at your listings, American Needle does roughly $80k a month on Amazon, and essentially all of it is sold by two third-party sellers, EPIC MENS and Hat Pro Shop, across nearly 500 listings. We don't see an American Needle account, and the 12 month trend is down about a third. So pricing, content and Buy Box on the archive and ballpark caps are all in reseller hands.

We manage Amazon for brands end to end, including strategy, content, advertising, inventory and operations.

Would it make sense to talk about taking that back?

Yoni
",trimmed for length,2026-09-25T15:01:35
1 - Confirmed on Amazon,FNCE 2025,G2G Protein Bar,YES on Amazon (SmartScout),G2G,81160.88,39.0,4.7,1982.0,Sports Nutrition Food Bars,,G2G Protein Bar,,Yes,exact,,,matched via retry 'G2G',Not needed,,,,,SmartScout,G2G,exact,Health & Household,Sports Nutrition Food Bars,76653.76,1042796.92,39,1984,4.7,54.17,1.05,G2G Protein Bar,0,0.04,-0.056,True,https://www.amazon.com/stores/G2G/page/D42B11B1-AF93-42F9-933B-D5369A830E11,"G2G Protein Bar, 8 Flavor Variety Pack, 8 Count | B08J5QX1WS | $9,743; G2G Protein Bar, Peanut Butter Chocolate Chip, 8 Count | B00AW1BDQC | $9,473; G2G Protein Bar, 8 Flavor Variety Pack, 32 Count | B08N5J3DHK | $8,033; G2G Protein Bar, Peanut Butter Chocolate Chip, 32 Count | B08VLX9SZX | $6,629; G2G Protein Bar, Peanut Butter Chocolate Chip, 16 Count | B08VM7JGNX | $6,485",G2G Protein Bar: 100%,1,Brand direct,0,"Brand direct, strong rating, small and slightly declining; refrigerated bars, channel not being pushed","Brand direct 100%; monthly rev ~$77k; 39 products; 1,984 reviews; avg rating 4.7; 12M MoM -5.6%",G2G on Amazon,"Hi {{first_name}},

Saw that G2G exhibited at FNCE last year.

From what we can see, G2G does roughly $75k a month on Amazon, sold direct, with a 4.7 average rating across about 40 listings. That rating is the interesting part. The volume is flat to slightly down over the last year and no single listing gets much past $10k a month, which for a product people clearly like usually means the ads, content and Subscribe & Save side has not been pushed.

We help brands build and grow their Amazon business, managing everything from strategy and setup through content, advertising, inventory and day-to-day operations.

Open to a short call?

Yoni
",,2026-09-25T15:01:35
1 - Confirmed on Amazon,Las Vegas Souvenir & Resort Gift Show 2026,Liquid Blue/The Mountain,YES on Amazon (SmartScout),Liquid Blue,80683.18,209.0,4.66,29540.0,Men's Novelty T-Shirts,,Liquid Blue,,Yes,exact,,,,Not needed,,,,,SmartScout,Liquid Blue,close,"Clothing, Shoes & Jewelry",Men's Novelty T-Shirts,79566.02,0,,,,,,,0,,,False,,"Liquid Blue Lynyrd Skynyrd Simple Man Tie Dye T-Shirt, X-Large | B00K1E4APG | $1,640; Liquid Blue Road Trippin' Short Sleeve T-shirt, Tie Dye, X-Large | B071VCRXQ5 | $1,611; Liquid Blue Men's Midnight Hour T-Shirt, Tie Dye, X-Large | B01EGQYHNO | $1,588; Liquid Blue Grateful Dead Spiral Dancing Bears Onesie, 6-12 Months | B079LR2YJX | $1,534; Liquid Blue Men's Led Zeppelin USA Tour '77 T-Shirt, Large | B00BWR07YE | $1,494",Amazon.com: 97.4%; Sunshine Daydream STL: 1.4%; Peace Resource Project: 0.3%; Trading Post Music: 0.2%; itemgroup: 0.2%,6,Amazon 1P,2.1,"Amazon 1P ~97%, brand's own account negligible; no 3P layer",Amazon 1P 97.4%; Liquid Blue seller 0.2%; seller-based monthly rev ~$80k; top ASINs ~$1.5k to $1.6k/mo,Liquid Blue's Amazon setup,"Hi {{first_name}},

Saw you're exhibiting at the Las Vegas Souvenir & Resort Gift Show next week.

From what we can see, Liquid Blue tees do somewhere around $80k a month on Amazon and about 97% of that is Amazon selling as the vendor. Your own seller account is there but barely moving anything, and no single listing does more than about $1,500 a month, which for licensed tie dye with Grateful Dead on it says the catalog is not being worked.

We manage Amazon for brands end to end, including strategy, content, advertising, inventory and operations.

Would a 20 minute conversation on a hybrid setup be worth your time?

Yoni
","profile query failed on fast path and query_analytics; revenue derived from seller totals; exhibitor also lists The Mountain, not queried; trimmed for length",2026-09-25T15:01:35
1 - Confirmed on Amazon,FNCE 2025,La Brea Bakery,YES on Amazon (SmartScout),La Brea Bakery,75110.19,10.0,4.59,11385.0,Baguette,,La Brea Bakery,,Yes,exact,,,,Not needed,,,,,SmartScout,La Brea Bakery,exact,Grocery & Gourmet Food,Baguette,75110.19,761667.01,10,11385,4.59,76.11,0.9,,98.7,-0.123,2.389,True,https://www.amazon.com/stores/LaBreaBakery/page/64847D2F-88D4-41F4-BF10-06D593D77627,"La Brea Bread, French Baguette, 12 oz | B00M8VQKAS | $39,681; La Brea Bakery Take & Bake French Sandwich Rolls, 4Pk, 12 Oz | B08YT39TVG | $18,446; La Brea, Dinner Rolls French Take Bake 6 Count, 12 Ounce | B017P00XCC | $15,982; Labrea Bakery Toasted Sunflower Honey Bread Loaf, 12 per case | B073XZHWYN | $850; Labrea Bakery Take and Bake French Bread Roll, 108 per case | B01CTR64G0 | $151",Amazon.com: 98.7%; FoodserviceDirect Inc.: 1.3%; Samita's Shopping Mall: 0%,3,Amazon 1P,1.3,Amazon 1P ~99% on three active listings; fast growth; no 3P layer or content ownership,"Amazon 1P 98.7%; monthly rev ~$75k; 3 active ASINs; 11,385 reviews; 12M MoM +239%",La Brea Bakery on Amazon,"Hi {{first_name}},

Saw that La Brea Bakery exhibited at FNCE last year.

Looking at your listings, La Brea Bakery does roughly $75k a month on Amazon, nearly all through Amazon as the vendor, and it has grown a lot over the last year. It is really three active listings, the baguette, sandwich rolls and dinner rolls, on about 11,000 reviews. With 1P only, content, pricing and stock decisions sit with Amazon.

We manage Amazon for brands end to end, including strategy, content, advertising, inventory and operations. We handle the vendor side too, from forecasting to chargebacks.

Would a 20 minute conversation on the vendor side be worth your time?

Yoni
",trimmed for length,2026-09-25T15:01:35
1 - Confirmed on Amazon,Las Vegas Souvenir & Resort Gift Show 2026,Aloe Up Sun & Skin Care Products,YES on Amazon (SmartScout),ALOE UP,70630.9,41.0,4.4,3128.0,Sunscreens,,Aloe Up Sun & Skin Care,,Yes,exact,,,,Not needed,,,,,SmartScout,ALOE UP,exact,Beauty & Personal Care,Sunscreens,70630.9,1103979.37,41,3128,4.4,22.57,2.02,ALOE UP,0.1,-0.293,0.333,True,https://www.amazon.com/stores/AloeUp/page/44D6E488-DB91-4801-9219-087F645A5C87,"Aloe Up Aloe Vera Gel, After Sun Sunburn Relief, 4 oz | B001L2MPW2 | $19,570; Aloe Up Sport Sunscreen Lotion SPF 50, 6 oz | B07N8F6TDH | $4,501; Aloe Up Dark Tanning Oil Spray SPF 4, 6 oz, 2-Pack | B0CXBYM4HD | $4,498; Aloe Up Sport Sunscreen Spray SPF 50, 6 oz | B0CWVSVZ3F | $3,841; Aloe Up Sport Sunscreen Lotion SPF 50, Non-greasy, 6 oz | B0CWVSTP87 | $3,025",ALOE UP: 96.8%; New York Golf Center: 2.1%; Hopessf: 1.0%; Amazon.com: 0.1%,4,Brand direct,3.1,Brand direct; one aloe gel listing carries the channel and the sunscreen line is under-scaled; seasonal drop,Brand direct 96.8%; monthly rev ~$71k; aloe gel ASIN B001L2MPW2 ~$19.6k/mo; next listings ~$4k/mo; MoM -29%; 12M MoM +33%,Aloe Up's sunscreen line on Amazon,"Hi {{first_name}},

Saw you're exhibiting at the Las Vegas Souvenir & Resort Gift Show next week.

From what we can see, Aloe Up does roughly $70k a month on Amazon, sold direct, with solid growth over the last year. Almost a third of it is the 4 oz aloe gel though, and the SPF 50 lotions and sprays each sit around $4k a month. Last month was down close to 30% with the season, which is when the sunscreen line loses the rank it has to buy back in spring.

We manage Amazon for brands end to end, including strategy, content, advertising, inventory and operations.

Open to a short call?

Yoni
",trimmed for length,2026-09-25T15:01:35
1 - Confirmed on Amazon,Las Vegas Souvenir & Resort Gift Show 2026,Child To Cherish,YES on Amazon (SmartScout),Child to Cherish,66222.69,128.0,4.69,20483.0,Kids' Money Banks,,Child To Cherish,,Yes,exact,,,,Not needed,,,,,SmartScout,Child to Cherish,exact,Toys & Games,Kids' Money Banks,66460.83,1153884.15,128,20483,4.69,36.78,1.35,Trademark Retail,0,-0.047,-0.23,True,https://www.amazon.com/stores/ChildtoCherish/page/F3ABB6B7-7295-4A4E-A141-6B1673E85E2F,"Child to Cherish Ceramic Princess Castle Piggy Bank for Girls | B07FWD4H6S | $7,841; Child to Cherish Ceramic Piggy Bank for Girls, Flutter Flies | B00T63RTUG | $4,607; Child to Cherish Ceramic Piggy Bank for Girls, Butterfly | B00NZ7IWWS | $4,463; Child to Cherish Ceramic Bank for Girls, Pink Dollhouse | B0CZM4L4ZV | $2,834; Child to Cherish Ceramic Piggy Bank for Girls, Daisy Green | B004NBY2QK | $2,445",Trademark Retail: 86.0%; Frontier-Deals: 5.9%; V Choices: 3.2%; UZAIFA: 2.1%; KidsStuff.com: Perfectly Safe & Natural Baby Home: 1.6%,6,Third-party resellers,99.5,Single reseller (Trademark Retail) sells ~86%; brand not direct; declining 12-month trend,"Trademark Retail 86.0% on 113 offers; brand direct 0%; monthly rev ~$66k; 12M MoM -23%; 20,483 reviews; avg rating 4.69",Who sells Child to Cherish on Amazon,"Hi {{first_name}},

Saw you're exhibiting at the Las Vegas Souvenir & Resort Gift Show next week.

Looking at your listings, Child to Cherish does roughly $65k a month on Amazon with a 4.7 average rating and about 20,000 reviews, but about 85% of it is sold by one account, Trademark Retail, and we don't see the brand selling direct. The 12 month trend is down. If that account is a partner, fine, but the pricing, content and ads on the piggy banks are then theirs to run.

We manage Amazon for brands end to end, including strategy, content, advertising, inventory and operations.

Would it make sense to have a quick conversation?

Yoni
",'Trademark Retail' may be an affiliated company; treated as third party per rules; verify; trimmed for length,2026-09-25T15:01:35
1 - Confirmed on Amazon,FNCE 2025,Intoleran - Digestive Experts,YES on Amazon (SmartScout),Intoleran,65678.49,19.0,4.25,448.0,Multi-Enzyme Nutritional Supplements,,Intoleran,,Yes,exact,,,,Not needed,,,,,SmartScout,Intoleran,exact,Health & Household,Multi-Enzyme Nutritional Supplements,65678.49,755050.01,19,448,4.25,42.7,0.95,bluehazeny,0,-0.065,0.712,True,https://www.amazon.com/stores/Intoleran-DigestiveExperts/page/3933D6DF-1699-4EAB-8191-C6C50FCA66F5,"Intoleran Starchway Digestive Enzymes - 150 Capsules | B0CNVL9116 | $15,723; Intoleran Fodmix (Quatrase 10,000) Digestive Enzymes - 108 Capsules | B0FD8MJV9G | $7,374; Intoleran Starchway Digestive Enzymes - 50 Capsules | B0B7BKJ6Y7 | $6,473; Intoleran DAO Mini Digestive Enzymes - 60 Tablets | B0CNVY6WYR | $5,868; Intoleran Fodmix (Quatrase 10,000) Digestive Enzymes - 36 Capsules | B0B7B1ZZVV | $5,749",Intoleran - Digestive Experts: 100%,1,Brand direct,0,Growing brand direct at a decent price point with very thin reviews,Brand direct 100%; monthly rev ~$66k; 19 products; 448 reviews; avg price ~$43; 12M MoM +71%,Intoleran on Amazon,"Hi {{first_name}},

Saw that Intoleran exhibited at FNCE last year.

From what we can see, Intoleran does roughly $65k a month on Amazon, sold direct, with strong growth over the last year and Starchway carrying most of it. The whole catalog sits on under 500 reviews though, which for enzymes at $40 plus a bottle makes every listing lean hard on ads. Reviews, Subscribe & Save and content are what turn that into a channel that grows on its own.

We help brands launch, manage and grow on Amazon, supporting the full channel from strategy through execution.

Open to a short call?

Yoni
",,2026-09-25T15:01:35
1 - Confirmed on Amazon,Las Vegas Souvenir & Resort Gift Show 2026,Glimmer Wish,YES on Amazon (SmartScout),Glimmer Wish,61570.34,22.0,4.07,2005.0,Hair Conditioner,,Glimmer Wish,,Yes,close,name-identical brand; subcategory (hair care) may indicate a different company,,,Not needed,,,,,SmartScout,Glimmer Wish,exact,Beauty & Personal Care,Hair Conditioner,61570.34,869501.46,22,2005,4.07,17.66,1.45,Glimmer Wish Official,0,0.104,0.164,True,https://www.amazon.com/stores/GlimmerWish/page/3ACA3136-7A43-4621-9B28-8695A71DA6C9,"Glimmer Wish Unicorn Hair Detangler Spray, 5 fl oz | B0BRMGVYR5 | $13,376; Glimmer Wish Mermaid Hair Detangler Spray, 5 fl oz | B0BRLXJCH3 | $7,486; Glimmer Wish Unicorn Kids Shampoo, 12 Fl Oz | B0B98YR1Z5 | $7,106; Glimmer Wish Unicorn Kids Body Wash, 12 Fl Oz | B0B99NKSGZ | $5,904; Glimmer Wish Unicorn Hair Detangler Brush for Kids | B0B99N66SH | $5,522",Glimmer Wish Official: 100%,1,Brand direct,0,Brand direct with a sub-4.1 average rating capping conversion; steady but small,"Brand direct 100%; monthly rev ~$62k; 22 products; 2,005 reviews; avg rating 4.07; 12M MoM +16%",Glimmer Wish ratings on Amazon,"Hi {{first_name}},

Saw you're exhibiting at the Las Vegas Souvenir & Resort Gift Show next week.

From what we can see, Glimmer Wish does roughly $60k a month on Amazon, sold direct, with the unicorn detangler spray as the clear leader. What stands out is the average rating, just over 4 across about 2,000 reviews. In kids hair care that is the difference between an ad click converting or not, and it is usually a listing and product page problem more than a product problem.

We manage Amazon for brands end to end, including strategy, content, advertising, inventory and operations.

Open to a short call on the review and content side?

Yoni
",trimmed for length,2026-09-25T15:01:35
1 - Confirmed on Amazon,FNCE 2025,Nairn's Ltd,YES on Amazon (SmartScout),Nairn's,59594.79,43.0,4.42,6018.0,Graham Crackers,,Nairn's,,Yes,exact,,,,Not needed,,,,,SmartScout,Nairn's,exact,Grocery & Gourmet Food,Graham Crackers,60134.31,918946.31,43,6018,4.42,27.71,3.02,,2.8,-0.119,-0.026,True,https://www.amazon.com/stores/nairns/page/231D3DD1-9703-4F3A-B7C4-A21DEAF55132,"Nairn's Gluten-Free Original Oat Grahams, 5.64 oz [Pack of 6] | B09L5BDD6V | $23,450; Nairn's Gluten-Free Chocolate Chip Oat Grahams, 5.64 oz [Pack of 6] | B09L58DFVG | $8,141; Nairn's Gluten Free Stem Ginger Oat Grahams, 5.64 Oz [Pack of 6] | B017RNRT4W | $7,775; Nairn's Gluten Free Original Oatcakes, 213g (Pack of 6) | B0F3DP5NL2 | $2,827; Nairn's Gluten-Free Blueberry and Raspberry Breakfast Biscuits [Pack of 3] | B0B9Q7QWXZ | $2,619",JF Distributions: 74.4%; BaristaPod - Coffee Pod Specialists: 8.6%; Epico Trading: 5.8%; Kincraig International: 3.8%; Amazon.com: 2.8%,6,Third-party resellers,94.0,UK brand sold in the US almost entirely through importers and distributors (JF Distributions ~74%); no brand account; flat,JF Distributions 74.4%; BaristaPod 8.6%; Epico Trading 5.8%; Amazon 2.8%; brand direct 0%; monthly rev ~$60k; 12M MoM -2.6%,Nairn's on Amazon US,"Hi {{first_name}},

Saw that Nairn's exhibited at FNCE last year.

From what we can see, Nairn's does roughly $60k a month on Amazon in the US, and about three quarters of it is sold by one distributor, JF Distributions, with a handful of smaller importers behind them. We don't see a Nairn's account, and the trend over the last year is flat. So the US Amazon channel for the brand is effectively whatever the distributors decide to do with it.

We work with brands either as the exclusive Amazon distributor or as the team running the brand's own account, covering content, advertising, inventory and operations either way.

Worth a conversation?

Yoni
",,2026-09-25T15:01:35
1 - Confirmed on Amazon,FNCE 2025,Microlife USA,YES on Amazon (SmartScout),Microlife,58801.05,15.0,4.35,4406.0,Automatic Arm Blood Pressure Monitors,,Microlife,,Yes,exact,MicroLife SJES (unrelated),,,Not needed,,,,,SmartScout,Microlife,exact,Health & Household,Automatic Arm Blood Pressure Monitors,58801.05,734678.28,15,4406,4.35,35.33,1.4,,0,-0.028,0.24,True,https://www.amazon.com/stores/Microlife/page/CDC6AB80-B33F-47F1-AF78-0E1D683C182E,"Microlife BPM2 Automatic Digital Upper Arm Blood Pressure Monitor | B00XQ27LTW | $16,584; Microlife Series 800 Smart Upper Arm Blood Pressure Monitor, Bluetooth | B09LL5XBR1 | $8,933; Microlife Replacement Blood Pressure Cuff (Standard Size) | B09Y698FHH | $6,372; Microlife (Deluxe Kit) Digital Peak Flow Meter | B000BH8TUA | $6,000; Microlife Series 500 Automatic Upper Arm Blood Pressure Monitor | B00XQ24PJQ | $5,711",Microlife USA: 97.7%; Ksusha shop: 1.9%; DealDogDirect: 0.4%,3,Brand direct,2.3,"Established medical device brand with a small Amazon footprint (15 listings, ~4,400 reviews) in a large category","Brand direct (Microlife USA) 97.7%; monthly rev ~$59k; 15 products; 4,406 reviews; 12M MoM +24%",Microlife's footprint on Amazon,"Hi {{first_name}},

Saw that Microlife USA exhibited at FNCE last year.

Looking at your listings, Microlife does roughly $60k a month on Amazon in the US, sold direct, across 15 listings with about 4,400 reviews. Growth over the last year looks decent, but for a brand of Microlife's standing in blood pressure monitors that is a small footprint in one of the biggest health categories on Amazon, and the BPM2 alone is over a quarter of it.

We manage Amazon for brands end to end, including strategy, content, advertising, inventory and operations.

Would it make sense to have a quick conversation about building the channel out properly?

Yoni
",,2026-09-25T15:01:35
1 - Confirmed on Amazon,Las Vegas Souvenir & Resort Gift Show 2026,Lavley,YES on Amazon (SmartScout),Lavley,57395.75,149.0,4.75,60785.0,Men's Novelty Socks,,Lavley,,Yes,exact,,,,Not needed,,,,,SmartScout,Lavley,exact,"Clothing, Shoes & Jewelry",Men's Novelty Socks,57395.75,3242635.04,149,60785,4.75,11.32,0.97,Lavley Brands,0,-0.382,-0.428,True,https://www.amazon.com/stores/Lavley/page/7B5430DC-7FB6-4496-9D84-F2AAE8898066,"Shhh I'm Reading Socks Funny Book Lover Gift | B0CB6VD9Y2 | $13,630; Keepin It Reel Fish Socks Funny Fishing Gift | B0FJPYT47M | $4,904; So Many Books So Little Time Funny Reading Socks | B07YCWR5ZF | $2,434; Lavley Book and Reading Socks for Adults (Bookmarks are for Quitters) | B0FJQ6R39M | $1,523; This Is How I Roll Bike Socks Funny Cycling Gift | B0C5PLB5V7 | $1,511",Lavley Brands: 99.7%; Blu Sky: 0.3%,2,Brand direct,0.3,Brand direct with a huge review base but a sharp decline over the last year and last month,"Brand direct 99.7%; monthly rev ~$57k; TTM ~$3.2M; 60,785 reviews; avg rating 4.75; 12M MoM -43%; MoM -38%",Lavley's Amazon trend,"Hi {{first_name}},

Saw you're exhibiting at the Las Vegas Souvenir & Resort Gift Show next week.

From what we can see, Lavley does roughly $55k a month on Amazon, sold direct, on a catalog with over 60,000 reviews and a 4.75 average. The trailing 12 months is closer to $3M, so the recent run rate is well below that, and last month was down close to 40%. A review base like that does not lose rank on its own, so it is usually ads, inventory or a listing issue.

We manage Amazon for brands end to end, including strategy, content, advertising, inventory and operations.

Is it worth a short call before Q4?

Yoni
",trimmed for length,2026-09-25T15:01:35
1 - Confirmed on Amazon,Las Vegas Souvenir & Resort Gift Show 2026,Lavley/Long Sales,YES on Amazon (SmartScout),Lavley,57395.75,149.0,4.75,60785.0,Men's Novelty Socks,,Lavley,,Yes,exact,,,,Not needed,,,,,SmartScout,Lavley,exact,"Clothing, Shoes & Jewelry",Men's Novelty Socks,57395.75,3242635.04,149,60785,4.75,11.32,0.97,Lavley Brands,0,-0.382,-0.428,True,https://www.amazon.com/stores/Lavley/page/7B5430DC-7FB6-4496-9D84-F2AAE8898066,"Shhh I'm Reading Socks Funny Book Lover Gift | B0CB6VD9Y2 | $13,630; Keepin It Reel Fish Socks Funny Fishing Gift | B0FJPYT47M | $4,904; So Many Books So Little Time Funny Reading Socks | B07YCWR5ZF | $2,434; Lavley Book and Reading Socks for Adults (Bookmarks are for Quitters) | B0FJQ6R39M | $1,523; This Is How I Roll Bike Socks Funny Cycling Gift | B0C5PLB5V7 | $1,511",Lavley Brands: 99.7%; Blu Sky: 0.3%,2,Brand direct,0.3,"Brand direct with a huge review base but a sharp decline over the last year and last month (second Lavley row, via Long Sales)","Brand direct 99.7%; monthly rev ~$57k; TTM ~$3.2M; 60,785 reviews; avg rating 4.75; 12M MoM -43%; MoM -38%",Lavley on Amazon ahead of Q4,"Hi {{first_name}},

Saw you're exhibiting at the Las Vegas Souvenir & Resort Gift Show next week.

Looking at Lavley's listings, the brand is doing roughly $55k a month on Amazon, sold direct, with more than 60,000 reviews and a 4.75 average rating. Against a trailing year closer to $3M that is a big drop, and last month alone was down close to 40%. The book lover socks still lead, but the rest of the catalog has fallen away.

We manage Amazon for brands end to end, including strategy, content, advertising, inventory and operations. Getting rank back on that much review equity is usually an ads problem.

Open to a short call?

Yoni
","duplicate brand with row 'Lavley' (Long Sales is a rep group); same data, different email; trimmed for length; trimmed for length",2026-09-25T15:01:35
1 - Confirmed on Amazon,Las Vegas Souvenir & Resort Gift Show 2026,Big Skinny Wallets,YES on Amazon (SmartScout),Big Skinny,53849.15,127.0,4.64,16626.0,Women's Wallets,,Big Skinny Wallets,,Yes,exact,,,,Not needed,,,,,SmartScout,Big Skinny,exact,"Clothing, Shoes & Jewelry",Women's Wallets,53849.15,674443.29,127,16626,4.64,33.7,1.77,Amazon.com,59.0,-0.06,-0.158,True,https://www.amazon.com/stores/BigSkinnyWallets/page/A0639CFC-0ECA-4BBB-A370-6ECD7DEE4ECC,"Big Skinny Men's Bifold Slim Wallet, Holds Up to 25 Cards, Black | B00HVKS8EM | $2,572; Big Skinny Men's RFID Blocking Bifold Wallet (Black) | B014689OQW | $2,084; Big Skinny Women's Trixie Tri-Fold Slim Wallet, Ocean Blue | B00ON6N3FG | $1,866; Big Skinny Men's Tri-Fold Slim Wallet, Black | B004AOCFZA | $1,767; Big Skinny Men's Slimline Leather Bi-Fold Slim Wallet, Black | B0048F88CU | $1,764",Amazon.com: 59.0%; Big Skinny: 40.7%; Binary Edge: 0.3%,3,Mixed,0.3,"Hybrid already (Amazon 1P ~59%, brand direct ~41%) but declining; no listing above ~$2.6k a month","Amazon 1P 59.0% (MoM -5.8 pts); Big Skinny seller 40.7% (MoM +5.6 pts); monthly rev ~$54k; 12M MoM -16%; 127 products; 16,626 reviews",Big Skinny's Amazon channel,"Hi {{first_name}},

Saw you're exhibiting at the Las Vegas Souvenir & Resort Gift Show next week.

From what we can see, Big Skinny does roughly $55k a month on Amazon, split about 60/40 between Amazon as the vendor and your own seller account, across 127 listings with a 4.6 average rating. The 12 month trend is down, and no single wallet does more than about $2,500 a month, which with 16,000 plus reviews behind the brand points to a catalog that is listed but not merchandised or advertised.

We manage Amazon for brands end to end, including strategy, content, advertising, inventory and operations.

Would it make sense to have a quick conversation?

Yoni
",trimmed for length,2026-09-25T15:01:35
1 - Confirmed on Amazon,FNCE 2025,Mondelez International,YES on Amazon (SmartScout),Mondelez International,52167.79,26.0,4.38,15850.0,Chocolate Cookies,,Mondelez,,Yes,exact,"Mondelez Global ($2,613.49, 5 products); Mondelez Global LLC ($473.85); Mondelez Canada (0)",,,Not needed,,,,,SmartScout,Mondelez International,exact,Grocery & Gourmet Food,Chocolate Cookies,52167.79,807087.26,26,15850,4.38,12.27,2.08,,91.6,-0.02,-0.096,False,,"Tate's Bake Shop Gluten Free Chocolate Chip Cookies, 7 oz | B006LRMI5G | $30,766; CLIF BUILDERS Protein Bars, Vanilla Almond, 6ct | B00QEJKCP4 | $6,821; TOBLERONE Milk Chocolate Bar with Honey and Almond Nougat, 3.52 oz | B00032FS0C | $3,330; Good Thins Garden Veggie Rice Snacks, 3.5 oz | B085DTRNHD | $3,163; EASY CHEESE American Cheese Snack, 8 oz | B000S5PHJ6 | $2,614",Amazon.com: 91.6%; Nezool Store: 1.1%; Flexi Ventures 26 Years On-Line: 1.1%; ONGARMART UK: 0.9%; JMD Wholesale NY: 0.7%,6,Amazon 1P,4.6,"Very large CPG; SmartScout 'Mondelez International' brand record is a small catch-all slice, Amazon 1P ~92%; narrow ask",Amazon 1P 91.6%; monthly rev under the Mondelez International brand name ~$52k; 26 products; 12M MoM -9.6%,Mondelez brands on Amazon,"Hi {{first_name}},

Saw that Mondelez exhibited at FNCE last year.

Looking at the listings filed under the Mondelez International name itself on Amazon, rather than under Oreo or Tate's, we see a small slice, roughly $50k a month across about 25 products, nearly all through Amazon as the vendor. It is a mixed bag, from Tate's gluten free cookies to Toblerone, and it looks like the kind of catalog corner nobody owns.

We manage Amazon for brands end to end, including strategy, content, advertising, inventory and operations.

I know Mondelez has an Amazon team. Would a 20 minute look at one line, say the better-for-you snacks, be worth your time?

Yoni
",very large CPG; SmartScout brand record not representative of the portfolio,2026-09-25T15:01:35
1 - Confirmed on Amazon,FNCE 2025,Gourmend Foods,YES on Amazon (SmartScout),Gourmend,49944.73,10.0,4.28,486.0,Packaged Chicken Broths,https://www.amazon.com/stores/GourmendFoods/page/6AD171E7-81FC-4481-A2AE-CC71EF656B98,Gourmend Foods,,Yes,exact,,Yes,matched via retry 'Gourmend'; Amazon storefront found,Not needed,,,,,SmartScout,Gourmend,exact,Grocery & Gourmet Food,Packaged Chicken Broths,49944.73,600958.21,10,486,4.28,43.59,1,Gourmend Foods,0,0.164,,True,,"Gourmend Organic Unsalted Chicken Bone Broth 16.9oz (3 Pack), Low FODMAP | B091NJYBQ1 | $19,780; Gourmend Organic Unsalted Chicken Bone Broth 16.9oz (6 Pack) | B0B6GMSVV1 | $10,998; Gourmend Organic Unsalted Chicken Bone Broth 16.9oz (Pack of 12) | B0B84JHV89 | $6,830; Gourmend Organic Garlic Chive Powder, Low FODMAP Garlic Substitute | B09M6JRFX4 | $4,642; Gourmend Organic Instant Freeze Dried Chicken Bone Broth Powder, 8 Packets | B0G7CYWQ8F | $3,949",Gourmend Foods: 100%,1,Brand direct,0,Small growing brand direct in a defensible niche (low FODMAP); thin reviews,Brand direct 100%; monthly rev ~$50k; 10 products; 486 reviews; avg rating 4.28; MoM +16%,Gourmend on Amazon,"Hi {{first_name}},

Saw that Gourmend exhibited at FNCE last year.

From what we can see, Gourmend does roughly $50k a month on Amazon, sold direct, with the 3 pack bone broth as the anchor and last month up. Low FODMAP is a niche people search for by name, which is a real advantage. The catalog sits on under 500 reviews though, so the listings still depend on ads more than they should.

We help brands launch, manage and grow on Amazon, supporting the full channel from strategy through execution.

Open to a short call on getting the next stage right?

Yoni
",profile pulled via query_analytics fallback; Amazon 1P % and 12M growth not returned,2026-09-25T15:01:35
1 - Confirmed on Amazon,FNCE 2025,Millie's Sipping Broth,YES on Amazon (SmartScout),Millie's Sipping Broth,48968.6,15.0,4.6,5669.0,Packaged Vegetable Broths,,Millie's Sipping Broth,,Yes,exact,,,,Not needed,,,,,SmartScout,Millie's Sipping Broth,exact,Grocery & Gourmet Food,Packaged Vegetable Broths,49267.43,681180.58,15,5670,4.6,24.78,2.73,"OneFarStar, LLC",0,-0.012,0.232,True,https://www.amazon.com/stores/MilliesSippingBroth/page/FB5D731A-A206-4EB3-B23B-AEC822086288,"MILLIE'S SIPPING BROTH 4 Pack Assortment - 12 Broth Bags | B092G33K5Z | $16,511; MILLIE'S SIPPING BROTH 4 Flavor Assortment - 48 Broth Bags | B0DX8CJC44 | $7,513; MILLIE'S THAI LEMONGRASS SIPPING BROTH (6 Pack - 72 Broth Bags) | B09XJJ2MN8 | $4,467; Millie's Sipping Broth Delight Pho (6 Pack of 12) | B09XJDWTGX | $3,908; MILLIE'S SPICY TORTILLA SIPPING BROTH (6 Pack - 72 Broth Bags) | B09XJGRD48 | $3,694",Millies Sipping Broth: 92.9%; Modernparty: 4.6%; DanMarkShop: 0.9%; Panorama Goods Hub: 0.8%; Healthy Grocery: 0.4%,6,Brand direct,7.0,"Steady small brand direct with a good review base; growth modest, small reseller leakage","Brand direct 92.9%; monthly rev ~$49k; 15 products; 5,670 reviews; avg rating 4.6; 12M MoM +23%",Millie's Sipping Broth on Amazon,"Hi {{first_name}},

Saw that Millie's Sipping Broth exhibited at FNCE last year.

From what we can see, Millie's does roughly $50k a month on Amazon, mostly through your own account, with about 5,700 reviews and a 4.6 average. The 4 pack assortment is a third of it. Growth over the last year is there but modest, and with a review base like that the usual gap is Subscribe & Save, ads on the fasting and keto search terms, and a few resellers picking at the edges.

We manage Amazon for brands end to end, including strategy, content, advertising, inventory and operations.

Would it make sense to have a quick conversation?

Yoni
",,2026-09-25T15:01:35
1 - Confirmed on Amazon,Las Vegas Souvenir & Resort Gift Show 2026,WindowAlert,YES on Amazon (SmartScout),WindowAlert,48707.0,45.0,4.27,38971.0,Window Stickers,,WindowAlert,,Yes,exact,,,,Not needed,,,,,SmartScout,WindowAlert,exact,Home & Kitchen,Window Stickers,48707,1177608.91,45,38971,4.27,46.98,0.67,WindowAlert,0,-0.268,0.579,True,https://www.amazon.com/stores/WindowAlert/page/5D28C7D4-75C2-4717-92AA-FDFBD77FFFD3,"WindowAlert Leaf Medley UV-Reflective Window Decals 4 Pack | B0DHJGTQGT | $7,098; WindowAlert Performance Series Modern Dots Anti-Collision Decal 4 Pack | B0F2R66KNJ | $7,057; WindowAlert Modern Dots UV Reflective Window Decals, 30 Pack | B0DZHJ4MMB | $6,288; WindowAlert Leaf Medley Anti-Collision Decals | B0096UUSPC | $4,547; WindowAlert Hummingbird Anti-Collision Window Decals | B001OE5HIG | $3,888",WindowAlert: 99.5%; mirra.n.me: 0.5%,2,Brand direct,0.5,Brand direct with a large review base; growth over the year but a sharp drop last month and a modest 4.3 rating,"Brand direct 99.5%; monthly rev ~$49k; 38,971 reviews; avg rating 4.27; MoM -26.8%; 12M MoM +58%",WindowAlert on Amazon,"Hi {{first_name}},

Saw you're exhibiting at the Las Vegas Souvenir & Resort Gift Show next week.

From what we can see, WindowAlert does roughly $50k a month on Amazon, sold direct, on a catalog with nearly 40,000 reviews. Growth over the last year looks strong, but last month dropped about a quarter, and the average rating sits at 4.3, which is lower than a category leader with that many reviews should carry. Both usually trace back to listing content and how the ads are being run.

We manage Amazon for brands end to end, including strategy, content, advertising, inventory and operations.

Open to a short call on it?

Yoni
",,2026-09-25T15:01:35
1 - Confirmed on Amazon,Las Vegas Souvenir & Resort Gift Show 2026,Ricoma International,YES on Amazon (SmartScout),RiCOMA,47408.97,3.0,3.8,5.0,Embroidery Machines,,Ricoma,,Yes,exact,RM RICOMAX (different brand),,,Not needed,,,,,SmartScout,RiCOMA,exact,"Arts, Crafts & Sewing",Embroidery Machines,47408.97,21134.99,3,5,3.8,4045.66,1.33,,0,,-0.524,False,,"Ricoma EM-1010 Commercial Embroidery Machine, 10-Needle | B0GSQRK2WN | $25,996; Ricoma EM-1010 Commercial Embroidery Machine, 10-Needle (second listing) | B0GRT7QC3D | $17,996; Ricoma Auto Open Heat Press, 16x20 | B0C6W4TQCB | $3,417",RICOMA: 100%,1,Brand direct,0,"Just launched on Amazon: three listings, five reviews, 3.8 rating, at a $4k price point","Brand direct 100%; monthly rev ~$47k; 3 products; 5 reviews; avg rating 3.8; avg price ~$4,046; TTM only ~$21k",Ricoma's Amazon launch,"Hi {{first_name}},

Saw you're exhibiting at the Las Vegas Souvenir & Resort Gift Show next week.

Looking at your listings, Ricoma looks new to Amazon. There are three listings, two of them the EM-1010 at around $4k, doing roughly $45k a month combined on a handful of units, with five reviews and a 3.8 average between them. At that price, the first 50 reviews and the A+ content decide whether the machine sells on Amazon at all.

We recently helped a brand go from no Amazon presence to a $1M+ annual run rate within six months, managing the channel end to end.

Would it make sense to have a quick conversation?

Yoni
",trimmed for length,2026-09-25T15:01:35
1 - Confirmed on Amazon,Las Vegas Souvenir & Resort Gift Show 2026,Brick Loot,YES on Amazon (SmartScout),Brick Loot,42455.89,36.0,4.42,8260.0,Toy Building Sets,,Brick Loot,,Yes,exact,,,,Not needed,,,,,SmartScout,Brick Loot,exact,Toys & Games,Toy Building Sets,42663.77,775477.32,36,8264,4.42,20.75,0.83,Brick Loot - Fast FREE Shipping from the USA,0,0.204,0.047,True,https://www.amazon.com/stores/BrickLoot/page/BB85B250-7942-4131-9CD6-4817E396B17A,"Brick Loot Random Minifigure Pack 10-Piece | B0G4XSCKW6 | $12,530; Brick Loot Titanic Building Set, 217-Pcs | B08JQR7KGH | $9,567; Brick Loot Titanic Building Set, 390-Piece | B07TQ37NW1 | $6,115; Brick Loot 10-Pack 16x16 Baseplates | B06VW7VGHR | $3,370; Brick Loot Titanic Iceberg Building Set, 319-Piece LED | B0BFBVHT4R | $2,955",Brick Loot - Fast FREE Shipping from the USA: 100%,1,Brand direct,0,"Brand direct, flat year, minifigure pack carries a third; catalog not scaling","Brand direct 100%; monthly rev ~$43k; 12M MoM +4.7%; 8,264 reviews; top ASIN minifigure pack ~$12.5k/mo",Brick Loot on Amazon,"Hi {{first_name}},

Saw you're exhibiting at the Las Vegas Souvenir & Resort Gift Show next week.

From what we can see, Brick Loot does roughly $40k a month on Amazon, sold direct, with over 8,000 reviews across about 36 listings. The random minifigure pack is close to a third of it and the Titanic sets most of the rest. Growth over the last year is basically flat, which with that review base usually means the ads and content are not being pushed.

We manage Amazon for brands end to end, including strategy, content, advertising, inventory and operations.

Is it worth a short call ahead of Q4?

Yoni
",,2026-09-25T15:23:55
1 - Confirmed on Amazon,Las Vegas Souvenir & Resort Gift Show 2026,Active COCO,YES on Amazon (SmartScout),Active COCO,39598.02,3.0,4.2,140.0,Hair Conditioner,,Active COCO,,Yes,exact,,,,Not needed,,,,,SmartScout,Active COCO,exact,Beauty & Personal Care,Hair Conditioner,39598.02,304416.86,3,140,4.2,41.99,1,,0,-0.282,,False,,"Active COCO Pre Swim Hair Protection Spray | B0FB113FGD | $39,598; Active COCO Pre Swim Hair Protection Spray (variant) | B0G5TP4MD5 | $0; Active COCO Pre Swim Hair Protection Spray (variant) | B0FK7T1Y23 | $0",Active CoCo: 100%,1,Brand direct,0,"One live listing, very few reviews, sharp seasonal drop; early-stage channel",Brand direct 100%; monthly rev ~$40k; 1 active ASIN; 140 reviews; avg rating 4.2; MoM -28%,Active COCO on Amazon,"Hi {{first_name}},

Saw you're exhibiting at the Las Vegas Souvenir & Resort Gift Show next week.

From what we can see, Active COCO is doing roughly $40k a month on Amazon off a single live listing, the pre swim spray, sold direct. That is a good number for one product with only about 140 reviews. Last month was down close to 30% with the season, and at that review count the listing depends heavily on ads to hold rank through the winter.

We help brands launch, manage and grow on Amazon, supporting the full channel from strategy through execution.

Open to a short call on the off-season and the review side?

Yoni
",,2026-09-25T15:23:55
1 - Confirmed on Amazon,Las Vegas Souvenir & Resort Gift Show 2026,GeoToys,YES on Amazon (SmartScout),Geotoys,39419.99,82.0,4.39,3720.0,Jigsaw Puzzles,,GeoToys,,Yes,exact,,,,Not needed,,,,,SmartScout,Geotoys,exact,Toys & Games,Jigsaw Puzzles,39529.87,408057.6,82,3594,4.39,18.6,1.29,Zoe's Toys,0,0.525,0.337,True,https://www.amazon.com/stores/Geotoys/page/B30AB645-EA99-491E-B63F-36930D89F0EE,"GeoPuzzle 6 Sets Individual Jigsaw Puzzles | B008R1XSPS | $8,006; GeoPuzzle World Jigsaw Puzzles, 68 Pc | B003F1E7K0 | $6,495; GeoPuzzle Country-Shaped 7-in-1 Box Jigsaw Puzzles | B0G6T4GGVN | $5,299; GeoPuzzle USA & Canada Jigsaw Puzzles, 69 Pc | B000LFUKV8 | $2,672; GeoPuzzle Europe, USA/Canada & World 3-Pack | B0H4WBGLKY | $1,800",Lidianas: 100%; Ozone Toys: 0%,2,Brand direct,0,Growing fast through a single seller account; thin reviews for the catalog,"Lidianas 100% on 82 offers (treated as brand's own account); monthly rev ~$40k; MoM +52%; 12M MoM +34%; 3,594 reviews",GeoPuzzle on Amazon,"Hi {{first_name}},

Saw you're exhibiting at the Las Vegas Souvenir & Resort Gift Show next week.

From what we can see, GeoToys does roughly $40k a month on Amazon through a single seller account, up sharply last month and over the last year. The GeoPuzzle sets carry it. The whole catalog of about 80 listings sits on around 3,600 reviews though, so the growth is still leaning on ads rather than on rank, and that is the moment to lock it in before Q4.

We manage Amazon for brands end to end, including strategy, content, advertising, inventory and operations.

Would it make sense to have a quick conversation?

Yoni
","seller 'Lidianas' (82 offers, 100%) assumed to be GeoToys' own account; SmartScout single seller field shows 'Zoe's Toys'; verify",2026-09-25T15:23:55
1 - Confirmed on Amazon,FNCE 2025,Just Better Brands,YES on Amazon (SmartScout),just better.,35654.7,3.0,4.4,1684.0,Dietary Fiber Nutritional Supplements,,Just Better,,Yes,exact,"Just Better (0, Screwdrivers - unrelated)",,,Not needed,,,,,SmartScout,just better.,exact,Health & Household,Dietary Fiber Nutritional Supplements,35654.7,592571.43,3,1684,4.4,40.99,1,JUST BETTER BRANDS,0,0.036,0.094,True,https://www.amazon.com/stores/justbetterfiber/page/7F00B91D-4706-4826-949A-EC8BA48051CC,"just better. Prebiotic Fiber Supplement, 200 Servings | B07L1D9VN6 | $19,918; just better. Prebiotic Fiber Supplement, 50 Servings | B07L1CTMKG | $12,445; just better. Prebiotic Fiber Supplement, 30 Servings | B08L8KMH15 | $3,292",JUST BETTER BRANDS: 100%,1,Brand direct,0,Single-product brand direct with modest growth; Subscribe & Save and ads angle,"Brand direct 100%; monthly rev ~$36k; 3 listings; 1,684 reviews; avg rating 4.4; 12M MoM +9%",just better. fiber on Amazon,"Hi {{first_name}},

Saw that Just Better exhibited at FNCE last year.

From what we can see, just better. does roughly $35k a month on Amazon, sold direct, across three sizes of the same fiber powder with about 1,700 reviews. Growth over the last year is in the single digits. For a daily-use product at $40 a tub, that usually means Subscribe & Save and the gut health search terms are not being worked as hard as they could be.

We manage Amazon for brands end to end, including strategy, content, advertising, inventory and operations.

Open to a short call?

Yoni
",,2026-09-25T15:23:55
1 - Confirmed on Amazon,Las Vegas Souvenir & Resort Gift Show 2026,"Huckleberry Haven, Inc",YES on Amazon (SmartScout),Huckleberry Haven,32433.31,28.0,4.22,4075.0,Jams & Preserves,,Huckleberry Haven,,Yes,exact,"Huckleberry Haven, Inc. (0 products)",,,Not needed,,,,,SmartScout,Huckleberry Haven,exact,Grocery & Gourmet Food,Jams & Preserves,32856.97,450834.17,28,4077,4.22,18.96,2.18,,0,0.108,0.157,False,,"Wild Huckleberry Licorice Twists 16 oz | B07NGPK9ZL | $5,979; Wild Montana Huckleberry Jams and Preserves (2 Pack) | B00XHTPYF2 | $4,879; Wild Huckleberry Jam, 16 ounces by Huckleberry Haven | B00PKUQ784 | $3,828; Montana Gift Crate: Huckleberry Syrup, Jam, Topping | B0000TLEY2 | $3,295; Wild Huckleberry Tea Bags From Montana (3 Pack) | B00XHUBCFW | $2,963","MetaRetail: 28.7%; Artisan Owl: 25.0%; Zentra, LLC: 12.7%; Zerbert: 7.5%; Fastest Shipping Solutions (Authorized Dealer): 6.3%",6,Third-party resellers,84.7,"No brand account; ~100% via third-party resellers (MetaRetail, Artisan Owl, Zentra)","MetaRetail 28.7%; Artisan Owl 25.0%; Zentra 12.7%; brand direct 0%; monthly rev ~$33k; 4,077 reviews",Who sells Huckleberry Haven on Amazon,"Hi {{first_name}},

Saw you're exhibiting at the Las Vegas Souvenir & Resort Gift Show next week.

Looking at your listings, Huckleberry Haven products do roughly $33k a month on Amazon, and all of it is sold by third parties. MetaRetail and Artisan Owl are about a quarter each, with a handful of smaller resellers behind them, and we don't see a Huckleberry Haven account at all. So the pricing, the content and the reviews on the jam and licorice are being built by other people.

We manage Amazon for brands end to end, including strategy, content, advertising, inventory and operations.

Would it make sense to talk about taking that back?

Yoni
",,2026-09-25T15:23:55
1 - Confirmed on Amazon,Las Vegas Souvenir & Resort Gift Show 2026,Wondery Outdoors,YES on Amazon (SmartScout),Wondery,27580.43,9.0,4.74,792.0,Water Bottles,,Wondery Outdoors,,Yes,close,"WONDERY KIDS, HIWONDERY, WonderYi (unrelated); matched on retry 'Wondery'",,,Not needed,,,,,SmartScout,Wondery,exact,Sports & Outdoors,Water Bottles,15328.53,400167.55,9,792,4.74,40.55,0.44,,0,-0.278,-0.702,True,https://www.amazon.com/stores/WonderyOutdoors/page/5FD43B52-554F-44B8-A245-490440FC1F0E,"Wondery USA National Parks Water Bottle With 63 Stickers, 32 oz - WHITE | B0BZJYXJCN | $9,156; Wondery USA National Parks Water Bottle, 32 oz - Dusty Pink | B0D27TFRGZ | $3,609; Wondery Parks of the USA bucket list Bottle | 24 oz (Ocean) | B0DXLH4MKX | $1,152; Wondery Parks of the USA bucket list Bottle | 24 oz (White) | B0DXLGGCV5 | $972; Wondery USA National Parks Water Bottle, 32 oz - OCEAN | B0CJT4VQ65 | $440",Wondery Outdoors: 100%,1,Brand direct,0,Brand direct with excellent reviews but a steep decline over the last year,Brand direct 100%; monthly rev ~$15k (seller estimate ~$28k); TTM ~$400k; 12M MoM -70%; MoM -28%; avg rating 4.74,Wondery's Amazon trend,"Hi {{first_name}},

Saw you're exhibiting at the Las Vegas Souvenir & Resort Gift Show next week.

From what we can see, Wondery is doing somewhere in the $15k to $25k a month range on Amazon now, sold direct, against a trailing year closer to $400k. That is a steep slide for a product with a 4.7 average rating, and last month was down again. The national parks bottle still leads, so it looks like rank or inventory rather than the product itself.

We manage Amazon for brands end to end, including strategy, content, advertising, inventory and operations.

Is it worth a short call to look at what changed?

Yoni
",profile monthly revenue ($15.3k) and seller total ($27.6k) disagree; email uses a range,2026-09-25T15:23:55
1 - Confirmed on Amazon,FNCE 2025,"PepsiCo, Inc.",YES on Amazon (SmartScout),PepsiCo,20317.37,16.0,4.3,1309.0,Soda Soft Drinks,,PepsiCo,,Yes,exact,PepsiCo Foods Canada ULC (0); Sabritas - PepsiCo (0),,,Not needed,,,,,SmartScout,PepsiCo,exact,Grocery & Gourmet Food,Soda Soft Drinks,20670.45,322871.31,16,1309,4.3,40.76,3.13,,1.1,-0.133,0.115,False,,"Mountain Dew Supernova 20 fl oz 24-Pack (Canada Import) | B0GX51JW41 | $6,454; Pepsico Caffeine Free Mountain Dew, Diet, 10 lbs | B003MXRLC2 | $5,967; Doritos Top N Go Nacho Cheese, 2.5 Ounce (Pack of 18) | B07NW12MMB | $1,970; Mountain Dew Kickstart Energy Drink Variety Pack - 16 Count | B00XDCP6NS | $1,886; Diet Mountain Dew - 36/12 oz. cans | B003PD4384 | $1,482",S.H.H ONLINE LC: 29.3%; DB Products LLC: 20.6%; TNAMAZ: 8.4%; AmeriFinds: 7.6%; Fast Snacks: 6.4%,6,Third-party resellers,77.6,Very large CPG; SmartScout 'PepsiCo' brand record is a small catch-all of grey-market imports sold entirely by third parties; narrow ask,"Brand record monthly rev ~$21k; reseller share ~100% (S.H.H ONLINE 29%, DB Products 21%); top ASIN a Canadian import of Mountain Dew",PepsiCo listings on Amazon,"Hi {{first_name}},

Saw that PepsiCo exhibited at FNCE last year.

Looking at the listings filed under the PepsiCo name itself on Amazon, rather than under Pepsi or Doritos, we see a small corner, roughly $20k a month, and every dollar of it is sold by third-party sellers. The top listing is a Canadian import of Mountain Dew Supernova. It is grey market by definition, and it sits in the catalog with your name on it.

We manage Amazon for brands end to end, including strategy, content, advertising, inventory and operations.

I know PepsiCo has an Amazon team. Would a 20 minute look at that unauthorized corner be worth your time?

Yoni
",very large CPG; SmartScout brand record not representative of the portfolio,2026-09-25T15:23:55
1 - Confirmed on Amazon,Las Vegas Souvenir & Resort Gift Show 2026,Xplorer Maps,YES on Amazon (SmartScout),Xplorer Maps,17702.21,213.0,4.62,1265.0,Jigsaw Puzzles,,Xplorer Maps,,Yes,exact,Ocean Explorer Maps (unrelated),,,Not needed,,,,,SmartScout,Xplorer Maps,exact,Toys & Games,Jigsaw Puzzles,17702.21,253267.32,213,1265,4.62,26.53,1.08,,0,-0.248,-0.246,True,https://www.amazon.com/stores/XplorerMaps/page/E02679FD-2C5A-43CE-AFDE-68A5D6059695,Xplorer Maps Colorado State Fleece Blanket | B08ZNSK621 | $350; Xplorer Maps Yellowstone National Park Fleece Blanket | B08X6WLFS6 | $300; Xplorer Maps Alaska Fleece Blanket | B08X6FHD13 | $300; United Arab Emirates Map Cardboard Jigsaw Puzzle - 1000 Pieces | B09FM2RKGB | $286; Xplorer Maps Tennessee Map Jigsaw Puzzle - 1000 Pieces | B0FKJD4RCF | $275,Buckeye Trading: 98.0%; Xplorer Maps: 2.0%,2,Third-party resellers,98.0,One reseller (Buckeye Trading) sells ~98%; brand's own account ~2%; declining,Buckeye Trading 98.0% on 208 offers; Xplorer Maps seller 2.0%; monthly rev ~$18k; 12M MoM -25%; 213 products,Who sells Xplorer Maps on Amazon,"Hi {{first_name}},

Saw you're exhibiting at the Las Vegas Souvenir & Resort Gift Show next week.

From what we can see, Xplorer Maps does roughly $18k a month on Amazon, and about 98% of it is sold by one account, Buckeye Trading, across 200 plus of your listings, with your own account at around 2%. The trend over the last year is down a quarter, and no single puzzle does more than a few hundred dollars a month, which for hand-drawn art with a 4.6 rating is a catalog nobody is working.

We manage Amazon for brands end to end, including strategy, content, advertising, inventory and operations.

Worth a quick conversation?

Yoni
",'Buckeye Trading' may be an affiliated company; treated as third party per rules; verify; trimmed for length,2026-09-25T15:23:55
1 - Confirmed on Amazon,Las Vegas Souvenir & Resort Gift Show 2026,Hatley USA Inc,YES on Amazon (SmartScout),Hatley,17513.91,194.0,4.7,7327.0,Boys' Rain Boots,,Hatley,,Yes,exact,Hatley Little Blue House (4 products); Little Blue House by Hatley (0 products),,,Not needed,,,,,SmartScout,Hatley,exact,"Clothing, Shoes & Jewelry",Boys' Rain Boots,17513.91,358649.75,193,7327,4.7,50.33,1.15,Amazon.com,11.3,0.847,-0.72,True,https://www.amazon.com/stores/Hatley/page/91003EC3-BE94-484F-8759-5A37AE601E3C,"Hatley Kids Button-Up Rain Jacket, Red, 6 Years | B01ELGL2A0 | $699; Hatley Kids Button-Up Rain Jacket, Classic Pink, 8 Years | B06W5HF89H | $617; Hatley Kids Button-Up Rain Jacket, Classic Pink, 7 Years | B06X1GMV2M | $601; Hatley Kids Button-Up Rain Jacket, Classic Pink, 2T | B06W5FGLV2 | $568; Hatley Kids Button-Up Rain Jacket, Red, 7 Years | B01ELGL2BY | $563",Hatley US: 88.7%; Amazon.com: 11.3%,2,Brand direct,0,Established kids brand with a small and shrinking Amazon footprint; mostly direct with a little 1P,"Hatley US 88.7%; Amazon 1P 11.3%; monthly rev ~$18k; TTM ~$359k; 12M MoM -72%; 193 products; 7,327 reviews; avg rating 4.7",Hatley's footprint on Amazon,"Hi {{first_name}},

Saw you're exhibiting at the Las Vegas Souvenir & Resort Gift Show next week.

Looking at your listings, Hatley does roughly $18k a month on Amazon in the US, mostly through your own account with a little through Amazon as the vendor, against a trailing year closer to $360k. For a brand with Hatley's recognition and a 4.7 average rating, that is a small and shrinking footprint, and no single rain jacket does more than about $700 a month.

We manage Amazon for brands end to end, including strategy, content, advertising, inventory and operations.

Would it make sense to have a quick conversation about building the US channel out properly?

Yoni
",,2026-09-25T15:23:55
1 - Confirmed on Amazon,FNCE 2025,NeuroFiber by Sorridi Therapeutics,YES on Amazon (SmartScout),NeuroFiber,16821.39,4.0,4.08,97.0,Sports Nutrition Protein Bars,https://www.amazon.com/NeuroFiber-Prebiotic-Fiber-Bars-Constipation/dp/B0FPXR34KX,NeuroFiber,,Yes,exact,,Yes,product listings found,Not needed,,,,,SmartScout,NeuroFiber,exact,Health & Household,Sports Nutrition Protein Bars,16821.39,101221.18,4,97,4.08,37.83,1,,0,0.019,,False,,"NeuroFiber Fiber Bars (Lemon Cranberry 14 Pack) | B0FPXTQR9Q | $6,020; NeuroFiber Fiber Bars (Mixed Box 14 Pack) | B0FPXR34KX | $5,980; NeuroFiber Fiber Bars (Dark Choc Cherry 14 Pack) | B0FPXT1CYX | $3,747; NeuroFiber Fiber Bars (Mixed Box 8 Pack) | B0GR6MDD3T | $1,075",NeuroFiber: 100%,1,Brand direct,0,"Early-stage launch: four listings, under 100 reviews, sub-4.1 rating",Brand direct 100%; monthly rev ~$17k; 4 products; 97 reviews; avg rating 4.08,NeuroFiber's Amazon launch,"Hi {{first_name}},

Saw that NeuroFiber exhibited at FNCE last year.

From what we can see, NeuroFiber is doing roughly $17k a month on Amazon across four bar listings, sold direct, with under 100 reviews and an average rating just over 4. That is the early stage where the next 200 reviews, the listing content and the fiber and constipation search terms decide whether it becomes a real channel.

We recently helped a brand go from no Amazon presence to a $1M+ annual run rate within six months, managing the channel end to end.

Would it make sense to have a quick conversation?

Yoni
",trimmed for length,2026-09-25T15:23:55
1 - Confirmed on Amazon,Las Vegas Souvenir & Resort Gift Show 2026,Lantern Press,YES on Amazon (SmartScout),Lantern Press,14490.38,109.0,4.62,961.0,Jigsaw Puzzles,,Lantern Press,Likely not a consumer brand,Yes,exact,Prairie Lantern Press; Magic Lantern Press; Little lantern press; Golden Lantern Press (different brands),,,Not needed,,,,,SmartScout,Lantern Press,exact,Toys & Games,Jigsaw Puzzles,14490.38,184666.64,109,961,4.62,29.03,1.35,"Lantern Press, LLC",0,-0.105,0.102,True,https://www.amazon.com/stores/LanternPress/page/1A2DD8BC-3509-4F36-B55C-85477A8D577B,"Lantern Press National Parks Puzzle, All 63 U.S. Parks, 1000 Pieces | B0CKWKNML2 | $2,310; Lantern Press National Parks Postcards, Complete Set of All 63 Parks | B077DJ5RXP | $930; Lantern Press Protect Our National Parks Playing Cards with Pine Box | B09KYG8K9S | $725; Lantern Press Grand Teton National Park 1000 Piece Puzzle | B0CKWLDT88 | $720; Lantern Press Cannon Beach Oregon Coast 1000 Piece Jigsaw Puzzle | B0CNQ84M3X | $565","Lantern Press, LLC: 100%",1,Brand direct,0,Small Amazon footprint for a large-catalog brand; sold direct; revenue thin per listing,Brand direct 100%; monthly rev ~$14.5k; 109 products; 961 reviews; avg rating 4.62; 12M MoM +10%,Lantern Press on Amazon,"Hi {{first_name}},

Saw you're exhibiting at the Las Vegas Souvenir & Resort Gift Show next week.

From what we can see, Lantern Press does roughly $15k a month on Amazon, sold direct, across about 110 listings with a 4.6 average rating. The 63 parks puzzle is the one that moves. For a company with the size of catalog Lantern Press has, that is a small footprint, and most listings sit on a handful of reviews and a few hundred dollars a month.

We manage Amazon for brands end to end, including strategy, content, advertising, inventory and operations.

Would it make sense to have a quick conversation about building the channel out?

Yoni
",org_type_flag: Likely not a consumer brand (row flag); SmartScout shows a consumer catalog,2026-09-25T15:23:55
1 - Confirmed on Amazon,Las Vegas Souvenir & Resort Gift Show 2026,THE GEOPROJECT,YES on Amazon (SmartScout),The GeoProject,12992.71,8.0,4.68,415.0,Insulated Bottles,,GEOPROJECT,,Yes,exact,,,,Not needed,,,,,SmartScout,The GeoProject,exact,Kitchen & Dining,Insulated Bottles,12992.71,177664,8,415,4.68,35.53,1.13,FoxMarketplace,0,-0.06,-0.23,False,,"THE GEOPROJECT National Parks Bottle, 32oz Black | B0D1L9W52K | $4,550; THE GEOPROJECT National Parks Sticker Water Bottle, 32oz Green | B0D2PLBGXL | $2,603; THE GEOPROJECT National Parks Bottle, 32oz Tan | B0D1LDZ1ML | $2,239; THE GEOPROJECT National Parks Sticker Pack, 63 Count | B0CZ4QHX6H | $1,689; THE GEOPROJECT National Parks Sticker Water Bottle, 32oz Tan | B0D8JV7QKM | $1,021",FoxMarketplace: 100%,1,Third-party resellers,100,Sold entirely through one account (FoxMarketplace) that is not the brand; no storefront; declining,FoxMarketplace 100% on 6 offers; brand direct 0%; monthly rev ~$13k; 12M MoM -23%; 415 reviews; Has Storefront false,The GeoProject on Amazon,"Hi {{first_name}},

Saw you're exhibiting at the Las Vegas Souvenir & Resort Gift Show next week.

Looking at your listings, The GeoProject does roughly $13k a month on Amazon, all through an account called FoxMarketplace rather than a GeoProject account, and we don't see a brand store attached. The trend over the last year is down. With a 4.7 rating on the national parks bottles, that looks like a product that is fine and a channel that nobody owns.

We manage Amazon for brands end to end, including strategy, content, advertising, inventory and operations.

Would it make sense to have a quick conversation?

Yoni
",'FoxMarketplace' may be an affiliated company; treated as third party per rules; verify,2026-09-25T15:23:55
1 - Confirmed on Amazon,Las Vegas Souvenir & Resort Gift Show 2026,Good Luck Sock,YES on Amazon (SmartScout),Good Luck Sock,12986.45,342.0,4.68,37240.0,Men's Crew Socks,,Good Luck Sock,,Yes,exact,,,,Not needed,,,,,SmartScout,Good Luck Sock,exact,"Clothing, Shoes & Jewelry",Men's Crew Socks,12986.45,1332329.76,342,37240,4.68,12.99,1.1,Good Luck Sock,0,-0.682,-0.517,True,https://www.amazon.com/stores/GoodLuckSock/page/889FD23F-F872-40F0-82F2-33BAD8B26779,"Good Luck Sock Women's Puffins Socks | B0GMDFD233 | $602; Good Luck Sock Men's Hot Wheels, Logo Socks | B0963MZ8GP | $230; Good Luck Sock Men's Hot Wheels, Logo Socks, Big & Tall | B09VH8WJJS | $208; Good Luck Sock Men's Hot Wheels, Hotrods Socks, Big & Tall | B09VH9163Y | $197; Good Luck Sock Men's F@% You! Socks | B07Z62JYM7 | $175",Good Luck Sock: 100%,1,Brand direct,0,Brand direct with a big review base and a collapse from ~$1.3M trailing year to ~$13k a month,"Brand direct 100%; monthly rev ~$13k; TTM ~$1.33M; MoM -68%; 12M MoM -52%; 37,240 reviews; 342 products",Good Luck Sock's Amazon drop,"Hi {{first_name}},

Saw you're exhibiting at the Las Vegas Souvenir & Resort Gift Show next week.

From what we can see, Good Luck Sock did about $1.3M on Amazon over the trailing year, sold direct, on a catalog with over 37,000 reviews. The current run rate is closer to $13k a month, and last month was down about two thirds. A catalog with that many reviews does not fall off like that on its own, so it is usually inventory, a suspension or ads switched off.

We manage Amazon for brands end to end, including strategy, content, advertising, inventory and operations.

Is it worth a short call to look at what happened?

Yoni
",trimmed for length,2026-09-25T15:23:55
1 - Confirmed on Amazon,Las Vegas Souvenir & Resort Gift Show 2026,Bevin Bells,YES on Amazon (SmartScout),Bevin Bells,12745.36,66.0,4.6,1374.0,Gong Percussion Instruments,,Bevin Bells,,Yes,exact,,,,Not needed,,,,,SmartScout,Bevin Bells,exact,Musical Instruments,Hand Percussion Cowbells,12745.36,201207.27,66,1374,4.6,52.02,1.05,Elbert Mountain,0,-0.316,-0.207,True,https://www.amazon.com/stores/BevinBells/page/6BA054DB-5B58-4B6C-AE92-3A2D25E3A287,"Bevin Bells Brass Trip Gong 6"" Boxing Bell | B099XD8Y1K | $1,210; Bevin Bells Steel Trip Gong 6inch Boxing Bell | B09J1P6P6H | $953; Bevin Bells Brass Trip Gong 8"" Boxing Bell | B09TLCWZ2Q | $865; Bevin Bells Solid Brass Hand Bell 10HB | B09YT9S5NW | $720; Bevin Bells Solid Brass Hand Bell 8HB | B09YT5H67Q | $540",Elbert Mountain: 82.0%; Frontier-Deals: 18.0%,2,Third-party resellers,100.0,"Sold through two accounts that are not the brand (Elbert Mountain 82%, Frontier-Deals 18%); declining",Elbert Mountain 82.0%; Frontier-Deals 18.0%; brand direct 0%; monthly rev ~$13k; 12M MoM -21%; 66 products,Who sells Bevin Bells on Amazon,"Hi {{first_name}},

Saw you're exhibiting at the Las Vegas Souvenir & Resort Gift Show next week.

From what we can see, Bevin Bells does roughly $13k a month on Amazon, and none of it is sold under a Bevin Bells account. About 80% goes through an account called Elbert Mountain and the rest through a reseller, Frontier-Deals. The trend over the last year is down. Made in USA brass bells with a 4.6 rating should be an easy gift listing to grow if someone owns it.

We manage Amazon for brands end to end, including strategy, content, advertising, inventory and operations.

Would it make sense to have a quick conversation?

Yoni
",'Elbert Mountain' may be an affiliated company; treated as third party per rules; verify,2026-09-25T15:23:55
1 - Confirmed on Amazon,Las Vegas Souvenir & Resort Gift Show 2026,Mambobaby,YES on Amazon (SmartScout),Mambobaby,11435.81,35.0,4.49,202.0,Baby Swimming Pool Floats,,Mambobaby,,Yes,exact,"MAMBOBABYFLOAT ($17,121.62, 55 products); MAMBOBABY GUARD ($10,411.41, 14 products); mambobaby australia (3 products) - likely same company sub-brands",,,Not needed,,,,,SmartScout,Mambobaby,exact,Toys & Games,Baby Swimming Pool Floats,11435.81,379967.06,35,202,4.49,78.1,0.8,,0,-0.643,7.044,False,,"Mambobaby Float Non-Inflatable Baby Float with Canopy | B0GSD65F8M | $1,100; Mambobaby Float with Canopy, Sloth Hug Design | B0F36SR916 | $900; Mambobaby Float with Canopy, Axolotl | B0GYN2CFX8 | $880; Mambobaby Float Non-Inflatable Baby Float with Canopy | B0GQ959922 | $880; Mambobaby Float Non-Inflatable Baby Float with Canopy | B0GQ9FST66 | $660",Mambobabyfloat: 100%; TTP Retail: 0%,2,Brand direct,0,"Seasonal brand direct, strong year, sharp off-season drop, very thin reviews",Brand direct 100%; monthly rev ~$11k; TTM ~$380k; MoM -64%; 12M MoM +704%; 202 reviews across 35 listings,Mambobaby's off-season on Amazon,"Hi {{first_name}},

Saw you're exhibiting at the Las Vegas Souvenir & Resort Gift Show next week.

From what we can see, Mambobaby did close to $400k on Amazon over the trailing year, sold direct, but last month dropped about two thirds with the season to around $11k. The floats are spread across 35 listings with only about 200 reviews between them, so each one has to rebuild rank from scratch every spring.

We help brands launch, manage and grow on Amazon, supporting the full channel from strategy through execution.

Open to a short call on the off-season plan?

Yoni
",,2026-09-25T15:23:55
1 - Confirmed on Amazon,Las Vegas Souvenir & Resort Gift Show 2026,E & S Pets,YES on Amazon (SmartScout),E&S Pets,11283.76,314.0,4.69,1919.0,Women's Pajama Bottoms,,E & S Pets,,Yes,exact,,,,Not needed,,,,,SmartScout,E&S Pets,exact,"Clothing, Shoes & Jewelry",Women's Pajama Bottoms,11283.76,258805.41,314,1919,4.69,25.81,1.49,,0,-0.308,-0.454,True,https://www.amazon.com/stores/ESPETS/page/FBEB9F93-65B7-4BFA-8875-04E5FBD1F662,E&S Pets SERENGETI 40 Oz Ultimate Tumbler (Poodle) | B0C6BJCJQQ | $280; SERENGETI 40 Oz Ultimate Tumbler (Goldendoodle) | B0C6BS91NK | $280; SERENGETI 24 Oz Water Bottle (Goldendoodle) | B0BY53B5RF | $270; SERENGETI 24 Oz Water Bottle (Jack Russell Terrier) | B0BY5438ZR | $270; SERENGETI 24 Oz Water Bottle (Rottweiler) | B0BY53V9S4 | $270,Petasaurus: 56.2%; Plush Puppy To Go: 28.1%; OWL HARBOR SUPPLY: 8.4%; Giftalso: 3.4%; RainingCatsandDogs: 1.3%,6,Third-party resellers,98.2,"No brand account; sold by resellers (Petasaurus 56%, Plush Puppy To Go 28%); declining",Petasaurus 56.2%; Plush Puppy To Go 28.1%; brand direct 0%; monthly rev ~$11k; 12M MoM -45%; 314 products,Who sells E&S Pets on Amazon,"Hi {{first_name}},

Saw you're exhibiting at the Las Vegas Souvenir & Resort Gift Show next week.

Looking at your listings, E&S Pets products do roughly $11k a month on Amazon, and all of it is sold by third-party accounts, mostly Petasaurus and Plush Puppy To Go, across 300 plus listings. We don't see an E&S account. The trend over the last year is down by nearly half, and no single tumbler or bottle does more than a few hundred dollars a month.

We manage Amazon for brands end to end, including strategy, content, advertising, inventory and operations.

Would it make sense to have a quick conversation?

Yoni
",'Petasaurus' may be an affiliated company; treated as third party per rules; verify,2026-09-25T15:23:55
1 - Confirmed on Amazon,Las Vegas Souvenir & Resort Gift Show 2026,Garvey Products,YES on Amazon (SmartScout),GARVEY,11240.84,15.0,4.25,3040.0,Pricemarker Labels,,Garvey,,Yes,exact,"Garvey Products Inc. ($1695.41, 2 products); Garvey Products, Inc. (0 products)",,,Not needed,,,,,SmartScout,GARVEY,exact,Office Products,Pricemarker Labels,11168.43,400520.24,15,3041,4.25,32.05,7.73,,20.7,-0.128,0.414,False,,"Cosco Jiffi-Cutter Utility Knives, Pack Of 12 | B001B0BDVS | $1,877; Garvey 090971 Pricemarker Kit, Model 22-6 | B001E685X8 | $1,877; Garvey Economy Single Edge Cutter Blade, Box of 100 | B001GXFAEQ | $1,538; Green Labels for Monarch 1131 Price Gun, 8 Rolls | B0062C0MTO | $1,483; Garvey Gx2212, Label, White Blank | B003O3KLK4 | $1,161",Amazon.com: 20.7%; Fast and Precise by Staples: 18.6%; Value Point Supply: 13.4%; Veltec: 9.4%; KC Business Supply: 8.8%,6,Mixed,54.7,B2B supplies brand sold mostly through office-supply resellers (Staples and others); Amazon 1P ~21%; no brand account,"Amazon 1P 20.7%; Fast and Precise by Staples 18.6%; Value Point Supply 13.4%; reseller share ~79%; monthly rev ~$11k; 3,041 reviews",Garvey products on Amazon,"Hi {{first_name}},

Saw you're exhibiting at the Las Vegas Souvenir & Resort Gift Show next week.

From what we can see, Garvey products do roughly $11k a month on Amazon, about a fifth through Amazon as the vendor and the rest through office-supply resellers like Staples and Value Point Supply. We don't see a Garvey seller account. For price guns and labels that people rebuy on a schedule, that means nobody is running Subscribe & Save, the content or the ads on your behalf.

We manage Amazon for brands end to end, including strategy, content, advertising, inventory and operations.

Would it make sense to have a quick conversation?

Yoni
",B2B supplies brand; SmartScout record includes some Cosco items,2026-09-25T15:23:55
1 - Confirmed on Amazon,Las Vegas Souvenir & Resort Gift Show 2026,Madd Capp Games,YES on Amazon (SmartScout),Madd Capp,10879.27,81.0,4.56,6504.0,Jigsaw Puzzles,,Madd Capp Games,,Yes,exact,searched 'Madd Capp',,,Not needed,,,,,SmartScout,Madd Capp,exact,Toys & Games,Jigsaw Puzzles,10879.27,276212.31,81,6504,4.56,20.75,5,Amazon.com,18.9,-0.072,-0.474,True,https://www.amazon.com/stores/MaddCappGamesPuzzles/page/6E46E19F-70D0-43F2-969E-37EB54DB1D93,Madd Capp I Am Hummingbird 300-Piece Puzzle | B08FBJHG4R | $848; Madd Capp I AM Lil' Axolotl 100 Piece Puzzle | B0D2FH1KVG | $646; Madd Capp I AM Trout 300 Piece Puzzle | B0CCPH1F1N | $554; I Am Blue Heron 300 Pieces | B0B88QSHHN | $353; Madd Capp I AM Longhorn 550 Piece Puzzle | B079TT8B2D | $330,KART IT: 72.9%; Amazon.com: 18.9%; Angel Seller: 3.2%; HD Treasures Hub: 1.1%; nellsmom: 1.1%,6,Third-party resellers,79.2,"One reseller (KART IT) sells ~73%, Amazon 1P ~19%, no brand account; steep decline","KART IT 72.9% on 74 offers; Amazon 18.9%; brand direct 0%; monthly rev ~$11k; TTM ~$276k; 12M MoM -47%; 6,504 reviews",Who sells Madd Capp on Amazon,"Hi {{first_name}},

Saw you're exhibiting at the Las Vegas Souvenir & Resort Gift Show next week.

From what we can see, Madd Capp puzzles do roughly $11k a month on Amazon, down about half over the last year, and nearly three quarters of it is sold by one third-party account, KART IT, with Amazon as the vendor on most of the rest. We don't see a Madd Capp account. That is a catalog with 6,500 reviews and a 4.6 rating being run by a reseller.

We manage Amazon for brands end to end, including strategy, content, advertising, inventory and operations.

Would it make sense to talk about taking that back before Q4?

Yoni
",,2026-09-25T15:23:55
1 - Confirmed on Amazon,Las Vegas Souvenir & Resort Gift Show 2026,Boxercraft,YES on Amazon (SmartScout),boxercraft,9637.34,1101.0,4.45,1426.0,Women's Pajama Bottoms,,Boxercraft,,Yes,exact,,,,Not needed,,,,,SmartScout,boxercraft,exact,"Clothing, Shoes & Jewelry",Women's Pajama Bottoms,9852.37,920590.03,1101,1426,4.45,39.41,3.85,Amazon.com,22.4,0.163,-0.602,True,https://www.amazon.com/stores/Boxercraft/page/485CAFBE-81F5-4590-8577-D753FC81ECE2,"boxercraft Men's University of Georgia Bulldogs Fleece Hoodie, 3XL | B0B74XGSSQ | $374; boxercraft Women's University of Georgia Bulldogs Fleece Out Crew, M | B0B6P55BL1 | $370; boxercraft Haley Women's Flannel Pajama Pants, XS | B0CQMHTN8B | $270; boxercraft Harley Flannel Pant for Men, Purple/White Plaid-L | B09NT6QHVL | $269; boxercraft Harley Flannel Pant for Men, Navy/Columbia Plaid-L | B09NRVRSW6 | $269",Better Way Brands LLC: 24.7%; Amazon.com: 22.4%; Boxercraft: 17.2%; Grit & Garb: 11.8%; VeeTrends: 11.6%,6,Mixed,53.3,"Fragmented: five resellers plus Amazon 1P, brand's own account ~17%; revenue collapsed over the year","Better Way Brands 24.7%; Amazon 22.4%; Boxercraft 17.2%; Grit & Garb 11.8%; VeeTrends 11.6%; monthly rev ~$10k; TTM ~$921k; 12M MoM -60%; 1,101 products",Boxercraft's Amazon channel,"Hi {{first_name}},

Saw you're exhibiting at the Las Vegas Souvenir & Resort Gift Show next week.

Looking at Boxercraft's listings, the brand did close to $900k on Amazon over the trailing year but is now around $10k a month. Your own account is under 20% of that. The rest is split between Amazon as the vendor and four or five resellers like Better Way Brands and Grit & Garb, each carrying hundreds of your listings at their own prices. That is a channel nobody controls.

We manage Amazon for brands end to end, including strategy, content, advertising, inventory and operations.

Open to a 20 minute look at the seller side?

Yoni
",trimmed for length,2026-09-25T15:23:55
1 - Confirmed on Amazon,Las Vegas Souvenir & Resort Gift Show 2026,Farcountry Press,YES on Amazon (SmartScout),Farcountry Press,9595.61,66.0,4.65,5977.0,Landscape Photography,,Farcountry Press,Likely not a consumer brand,Yes,exact,,,,Not needed,,,,,SmartScout,Farcountry Press,exact,Books,Landscape Photography,9316.14,18394.92,66,5980,4.65,17.05,11.91,Amazon.com,87.0,-0.412,-0.985,False,,Utah Wild and Beautiful | 1560374683 | $461; Along the Trail with Lewis and Clark (Third Edition) | 1560378034 | $424; The Field Guide to Yellowstone and Grand Teton National Parks | 1560375558 | $371; Glacier Unforgettable | 1560375167 | $358; A Ranger's Guide to Yellowstone Day Hikes | 156037778X | $350,Amazon.com: 87.0%; Shakespeare Book House: 3.2%; Blackstone_Publishing: 1.4%; Rextooth Studios: 0.9%; ProMediaEtc: 0.6%,6,Amazon 1P,6.6,"Regional book publisher; Amazon 1P ~87%, small volume; weak fit","Amazon 1P 87.0%; monthly rev ~$9k; 66 products; 5,980 reviews; avg rating 4.65",Farcountry Press titles on Amazon,"Hi {{first_name}},

Saw you're exhibiting at the Las Vegas Souvenir & Resort Gift Show next week.

Looking at Farcountry Press titles on Amazon, we see roughly $9k a month across about 65 books, nearly all sold by Amazon itself, with a 4.7 average rating and close to 6,000 reviews. That is normal for a regional publisher, but the things that move gift and park books, sponsored ads on the top titles, A+ content and stock ahead of travel season, sit on your side, not Amazon's.

We manage Amazon for brands end to end, including strategy, content, advertising, inventory and operations.

Open to a short call on the park and gift titles?

Yoni
","book publisher, weaker fit; org_type_flag: Likely not a consumer brand; trimmed for length",2026-09-25T15:23:55
1 - Confirmed on Amazon,FNCE 2025,Mead Johnson Nutrition,YES on Amazon (SmartScout),Mead Johnson,9342.33,3.0,4.2,22.0,Powder Baby Formula,,Mead Johnson Nutrition,,Yes,exact,"MEAD JOHNSON NUTRITIONALS (0 rev, 2 products); consumer brand is Enfamil",,searched 'Mead Johnson',Not needed,,,,,SmartScout,Mead Johnson,exact,Baby Products,Powder Baby Formula,9342.33,135341.28,3,22,4.2,175.69,6,Honest Medical,0,0.247,-0.716,False,,"Mead Johnson Phenyl-Free 2, 1 Lb, Case of 6 | B0013Y6C5Y | $8,791; Mead Johnson Phenyl-Free 2 Medical Food Powder 1 lbs | B00Q42HDX0 | $423; Mead Johnson PFD Toddler Metabolic Powder 1 Pound Can | B00YQ0OR5Y | $129",Honest Medical: 83.3%; Engoloids Medical LLC: 15.9%; 365SALE LLC: 0.7%; IRONMED: 0.1%,4,Third-party resellers,100.0,"SmartScout 'Mead Johnson' record covers only metabolic medical foods (Phenyl-Free), sold entirely by medical resellers; Enfamil not included",Honest Medical 83.3%; Engoloids Medical 15.9%; brand direct 0%; monthly rev ~$9k; 3 products; 22 reviews,Mead Johnson metabolic products on Amazon,"Hi {{first_name}},

Saw that Mead Johnson exhibited at FNCE last year.

Looking at the listings under the Mead Johnson name on Amazon, which is the metabolic line like Phenyl-Free rather than Enfamil, we see roughly $9k a month, all of it sold by medical supply resellers such as Honest Medical, with a Mead Johnson account nowhere in the mix. The listings have about 20 reviews between them.

We manage Amazon for brands end to end, including strategy, content, advertising, inventory and operations.

I know Reckitt has an Amazon team for the big brands. Would a 20 minute look at the medical nutrition corner be worth your time?

Yoni
",very large company (Reckitt); SmartScout brand record covers metabolic medical foods only,2026-09-25T15:23:55
1 - Confirmed on Amazon,Las Vegas Souvenir & Resort Gift Show 2026,Bee Bella,YES on Amazon (SmartScout),Bee Bella,9247.82,13.0,4.68,933.0,Lip Balms & Moisturizers,,Bee Bella,,Yes,exact,,,,Not needed,,,,,SmartScout,Bee Bella,exact,Baby Products,Lip Balms & Moisturizers,9247.82,162709.09,13,933,4.68,25.29,0.77,Bee Bella LLC,0,-0.065,0.015,True,https://www.amazon.com/stores/BeeBella/page/0FE7666D-9EF6-4E7E-B18F-D159E1CFC229,"Bee Bella Peppermint Lip Balm 3-Pack | B08BJCXXPN | $2,179; Bee Bella Holiday Lip Balm Gift Box, 5-Pack | B08N5DM1FZ | $1,080; Bee Bella Lip Balm Variety Gift Set, 5-Pack | B08BJC9MFX | $855; Bee Bella Pomegranate Mango Lip Balm 3-Pack | B08BJDH95Z | $836; Bee Bella Unscented Lip Balm 3-Pack | B08BJCS72S | $806",Bee Bella LLC: 100%,1,Brand direct,0,Small brand direct with strong reviews and a flat year; gift sets for Q4,Brand direct 100%; monthly rev ~$9k; 13 products; 933 reviews; avg rating 4.68; 12M MoM +1.5%,Bee Bella on Amazon,"Hi {{first_name}},

Saw you're exhibiting at the Las Vegas Souvenir & Resort Gift Show next week.

From what we can see, Bee Bella does roughly $9k a month on Amazon, sold direct, with a 4.7 average rating across about 13 listings and close to 1,000 reviews. The year is flat. The peppermint 3-pack leads and the holiday gift box is already one of the top listings, which says the gift angle works and mostly needs ads and content behind it ahead of Q4.

We help brands launch, manage and grow on Amazon, supporting the full channel from strategy through execution.

Open to a short call?

Yoni
",,2026-09-25T15:23:55
1 - Confirmed on Amazon,Las Vegas Souvenir & Resort Gift Show 2026,"Signs 4 Fun, Inc.",YES on Amazon (SmartScout),Signs 4 Fun,8803.41,18.0,4.68,6193.0,License Plate Covers,,Signs 4 Fun,,Yes,exact,,,,Not needed,,,,,SmartScout,Signs 4 Fun,exact,Automotive,License Plate Covers,8858.23,121188.36,18,6193,4.68,13.57,5.5,,0,0.23,0.002,True,https://www.amazon.com/stores/Signs4Fun/page/2707F1B8-F848-4E2F-97B4-60B5C19DD211,"Signs 4 Fun Parody Driver's License - Spongebob ID | B0CX5NFXB1 | $1,977; Signs 4 Fun Decorative Parking Sign | Elvis Shook Up | B000GD5CXQ | $1,909; Signs 4 Fun Parody License Plate - Eat More 'Possum | B00QB56SDQ | $1,461; Signs 4 Fun Parody License Plate - Chevy Truck Heartbeat | B00QB5L5FW | $1,257; Signs 4 Fun Parody License Plate | Outatime | B00QB5PGOS | $1,068",Uanna: 62.0%; BLVD-LPF COM: 13.0%; Leon the Lion: 9.4%; Hometown-Industries: 6.4%; KAP Gifts and Souvenirs: 3.5%,6,Third-party resellers,97.1,No brand account; sold by a string of resellers (Uanna 62%),"Uanna 62.0%; BLVD-LPF 13.0%; Leon the Lion 9.4%; brand direct 0%; monthly rev ~$9k; 6,193 reviews; avg rating 4.68",Who sells Signs 4 Fun on Amazon,"Hi {{first_name}},

Saw you're exhibiting at the Las Vegas Souvenir & Resort Gift Show next week.

From what we can see, Signs 4 Fun products do roughly $9k a month on Amazon, and all of it is sold by third parties, with one account, Uanna, at about 60% and five or six smaller resellers behind it. We don't see a Signs 4 Fun account. That is a catalog with over 6,000 reviews and a 4.7 rating where pricing and content are set by whoever is reselling.

We manage Amazon for brands end to end, including strategy, content, advertising, inventory and operations.

Would it make sense to talk about taking that back?

Yoni
",'Uanna' may be an affiliated company; treated as third party per rules; verify; trimmed for length,2026-09-25T15:23:55
1 - Confirmed on Amazon,Las Vegas Souvenir & Resort Gift Show 2026,"Incredible Sunvisor, Inc., The",YES on Amazon (SmartScout),The Incredible Sunvisor,7762.72,116.0,4.58,1205.0,Women's Visors,,"Incredible Sunvisor, Inc., The",,Yes,exact,,,,Not needed,,,,,SmartScout,The Incredible Sunvisor,exact,"Clothing, Shoes & Jewelry",Women's Visors,7762.72,103366.55,116,1205,4.58,14.39,2.06,All Things New Store,0,-0.407,-0.107,False,,The Incredible Sunvisor (Butterfly 14) | B0BXVHS9TM | $779; The Incredible Sunvisor Women's Flower Design (Daisy 14) | B0FM74PLVF | $160; The Incredible Sunvisor (Dolphins) | B0C5L48M52 | $150; The Incredible Sunvisor (Skins 8) | B096NHBXSL | $150; The Incredible Sunvisor Women's Flower Design (Daisy 9) | B0D6M57C65 | $146,"All Things New Store: 70.3%; The Incredible Sunvisor, Inc.: 27.1%; Clarke Sports: 2.6%",3,Third-party resellers,72.9,Reseller (All Things New Store) sells ~70% while the brand's own account sells ~27%; sharp seasonal drop,"All Things New Store 70.3% on 112 offers; The Incredible Sunvisor, Inc. 27.1%; monthly rev ~$8k; MoM -41%; 116 products",The Incredible Sunvisor on Amazon,"Hi {{first_name}},

Saw you're exhibiting at the Las Vegas Souvenir & Resort Gift Show next week.

Looking at your listings, The Incredible Sunvisor does roughly $8k a month on Amazon, but your own account is only about a quarter of it. Around 70% goes through another account, All Things New Store, which carries 112 of your listings against your 44. Two accounts on the same visors means you are competing with yourself for the Buy Box, and last month was down about 40% with the season.

We manage Amazon for brands end to end, including strategy, content, advertising, inventory and operations.

Would it make sense to have a quick conversation?

Yoni
",'All Things New Store' may be an affiliated account; treated as third party per rules; verify,2026-09-25T15:23:55
1 - Confirmed on Amazon,FNCE 2025,Global Health Products,YES on Amazon (SmartScout),Global Health Products,7360.56,4.0,4.7,77.0,Sports Nutrition Ready to Drink Protein,,Global Health,,Yes,exact,GHT GLOBAL HEALTH TRAX (unrelated); Global Health Solutions (unrelated),,,Not needed,,,,,SmartScout,Global Health Products,exact,Health & Household,Sports Nutrition Ready to Drink Protein,7360.56,56197.32,4,77,4.7,125.96,1.5,,0,0.401,1.99,True,https://www.amazon.com/stores/GlobalHealthProducts/page/3A42F22C-DE88-41D4-AEB9-8D275B4BE6C1,"PUSH 20+ Collagen Protein, Black Cherry, 60 Ct | B0G66SKXHQ | $2,080; PUSH 20+ Collagen Protein, Apple, 60 Ct | B0G67B815W | $2,080; PUSH 20+ Collagen Protein, Orange, 60 Ct | B0G66ZD8ZN | $2,080; FiberCel Fiber Powder, Unflavored, 12 oz Can | B01ENPXVT4 | $1,121","EXPRESSMED: 91.8%; global-wholesale: 7.6%; Medical Monks, Inc.: 0.6%",3,Third-party resellers,100.0,Sold only through a medical supply reseller (EXPRESSMED 92%); no brand account; very thin reviews,EXPRESSMED 91.8%; brand direct 0%; monthly rev ~$7k; 4 products; 77 reviews; 12M MoM +199%,Global Health Products on Amazon,"Hi {{first_name}},

Saw that Global Health Products exhibited at FNCE last year.

From what we can see, the PUSH collagen protein and FiberCel listings do roughly $7k a month on Amazon, and about 90% of that is sold by a medical supply reseller, EXPRESSMED, not by Global Health Products. There are fewer than 80 reviews across the four listings. Clinical nutrition products sell on Amazon when the brand owns the page, the reviews and the search terms, and right now none of that is yours.

We manage Amazon for brands end to end, including strategy, content, advertising, inventory and operations.

Would it make sense to have a quick conversation?

Yoni
",,2026-09-25T15:23:55
1 - Confirmed on Amazon,Las Vegas Souvenir & Resort Gift Show 2026,Honey House Naturals,YES on Amazon (SmartScout),Honey House Naturals,7181.39,28.0,4.4,2605.0,Body Lotions,,Honey House Naturals,,Yes,exact,,,,Not needed,,,,,SmartScout,Honey House Naturals,exact,Beauty & Personal Care,Body Lotions,7181.39,131677.6,28,2605,4.4,15.17,1.93,Honey House Naturals,0,-0.1,0.006,True,https://www.amazon.com/stores/HoneyHouseNaturals/page/3620B88A-51FC-4F07-A54D-7E48F9B0BF00,"Honey House Naturals Hawaiian Bee Bar Beeswax Lotion, 2 Oz | B002SDVHPY | $1,302; Honey House Naturals Vanilla Bee Bar, Large, 2 Ounce | B000XVA2EK | $1,213; Honey House Naturals Lip Butter Gift Set, 5 Piece | B079DXG12M | $597; Honey House Naturals Baby Belly Bar Solid Lotion Bar, 1.7 oz | B001BPH6D2 | $493; Honey House Naturals Lavender Bee Bar, Large, 2 Ounce | B004HZ8ZAG | $393",Honey House Naturals: 48.5%; HeredomUs: 40.6%; Leathnu Co.: 9.8%; TartBurners and More: 0.5%; UneekItems: 0.5%,6,Mixed,51.4,Brand's own account sells only ~49%; a reseller (HeredomUs) sells ~41% and is growing; flat year,"Honey House Naturals seller 48.5%; HeredomUs 40.6% (MoM +6.9 pts); Leathnu 9.8%; monthly rev ~$7k; 2,605 reviews; 12M MoM +0.6%",Honey House Naturals sellers on Amazon,"Hi {{first_name}},

Saw you're exhibiting at the Las Vegas Souvenir & Resort Gift Show next week.

From what we can see, Honey House Naturals does roughly $7k a month on Amazon, but your own account is only about half of it. A third-party seller, HeredomUs, is taking around 40% and growing, with another reseller behind it. On a catalog with 2,600 reviews and a flat year, that means someone else is winning the Buy Box on your Bee Bars and setting the price.

We manage Amazon for brands end to end, including strategy, content, advertising, inventory and operations.

Would it make sense to have a quick conversation?

Yoni
",,2026-09-25T15:35:53
1 - Confirmed on Amazon,Las Vegas Souvenir & Resort Gift Show 2026,Eagle Crest Industries Inc.,YES on Amazon (SmartScout),EAGLE CREST,6780.14,20.0,4.67,4965.0,Men's Baseball Caps,,Eagle Crest,,Yes,exact,,,,Not needed,,,,,SmartScout,EAGLE CREST,exact,"Clothing, Shoes & Jewelry",Men's Baseball Caps,6780.14,133305.51,20,4965,4.67,20.97,3.15,,0,-0.231,-0.48,False,,"EAGLE CREST U.S. Air Force Retired Baseball Cap Navy Blue | B00H9H0POS | $3,058; EAGLE CREST U.S. Air Force Retired Cap, Washed Denim Blue | B010GMLEUG | $397; United States Marine Corps Semper Fidelis Challenge Coin | B017O00A4O | $353; Navy Shellback Crossing the Line OD Green Low Profile Cap | B008UK6XS0 | $318; Operation Desert Storm Veteran Challenge Coin | B007HBMEE0 | $288","Armed Forces Depot: 59.4%; Hour Loop: 18.5%; Only Good Wholesale: 7.6%; Artisan Owl: 5.3%; Zentra, LLC: 4.3%",6,Third-party resellers,96.8,"No brand account; resellers hold ~100% (Armed Forces Depot 59%, Hour Loop 18%); steep decline","Armed Forces Depot 59.4%; Hour Loop 18.5%; brand direct 0%; monthly rev ~$7k; TTM ~$133k; 12M MoM -48%; 4,965 reviews",Who sells Eagle Crest on Amazon,"Hi {{first_name}},

Saw you're exhibiting at the Las Vegas Souvenir & Resort Gift Show next week.

Looking at your listings, Eagle Crest products do roughly $7k a month on Amazon, down by about half over the last year, and all of it is sold by third parties, mostly Armed Forces Depot and Hour Loop, with no Eagle Crest account. The Air Force Retired cap is close to half the volume, and nearly 5,000 reviews sit in other hands.

We manage Amazon for brands end to end, including strategy, content, advertising, inventory and operations.

Would it make sense to talk about taking that back?

Yoni
",trimmed for length,2026-09-25T15:35:53
1 - Confirmed on Amazon,Las Vegas Souvenir & Resort Gift Show 2026,Hang Loose Srl Keep Out Bracelets,YES on Amazon (SmartScout),Hang Loose Bands,6443.55,124.0,4.37,2104.0,Women's Strand Bracelets,,Hang Loose Srl Keep Out Bracelets,,Yes,close,"Hang Loose (16 products, baseball caps); Hang Loose Sports; Keep Outdoor (unrelated)",,,Not needed,,,,,SmartScout,Hang Loose Bands,exact,"Clothing, Shoes & Jewelry",Women's Strand Bracelets,5214.78,285188.24,99,298,4.45,9.99,0.98,HangLooseBands,0,-0.367,-0.174,True,https://www.amazon.com/stores/HangLooseBands/page/1115AAB2-92AC-4D8F-86EE-C14BE6F6160D,Hang Loose Bands Coastal Malibu Blue Bracelet | 6.5 - Small | B09B15JQKH | $240; Hang Loose Bands Fish Skins Brown Trout Bracelet | 7.5 - Medium | B0GGTFLDKN | $230; Hang Loose Bands Coastal Pink Sea Turtle Bracelet | 6.5 - Small | B0DFQKTRDL | $200; Hang Loose Bands Mountain Tops Bracelet | 6.5 - Small | B0CG7G927C | $200; Hang Loose Bands Coastal Navy Blue Bracelet | 7.5 - Medium | B0DFMVFXTR | $160,HangLooseBands: 100%,1,Brand direct,0,Brand direct; trailing year ~$285k but current run rate ~$5k with very few reviews across 99 listings,Brand direct 100%; monthly rev ~$5k; TTM ~$285k; MoM -37%; 99 products; 298 reviews,Hang Loose Bands on Amazon,"Hi {{first_name}},

Saw you're exhibiting at the Las Vegas Souvenir & Resort Gift Show next week.

From what we can see, Hang Loose Bands did close to $300k on Amazon over the trailing year, sold direct, but the current run rate is around $5k a month and last month was down again by more than a third. The catalog is spread across about 100 listings with under 300 reviews between them, so nothing has the rank to hold on its own once ads or inventory slip.

We manage Amazon for brands end to end, including strategy, content, advertising, inventory and operations.

Is it worth a short call to look at what changed?

Yoni
",exhibitor listed as Hang Loose Srl Keep Out Bracelets; matched to Hang Loose Bands brand,2026-09-25T15:35:53
1 - Confirmed on Amazon,Las Vegas Souvenir & Resort Gift Show 2026,L'ovedbaby,YES on Amazon (SmartScout),L'ovedbaby,5667.01,82.0,4.48,2283.0,Baby Boys' One-Piece Footies,,L'ovedbaby,,Yes,exact,,,,Not needed,,,,,SmartScout,L'ovedbaby,exact,"Clothing, Shoes & Jewelry",Baby Boys' One-Piece Footies,5667.01,68912.34,82,2283,4.48,33.88,0.89,Amazon.com,17.7,-0.177,-0.637,False,,"L'ovedbaby Unisex Baby Organic Cotton Snap Footie, Black, 0-3 Months | B077DYGT8Z | $3,083; L'ovedbaby Baby Girls Organic Snap One Piece Footies, Seafoam, 0-3 Months | B00O0O46AC | $351; L'ovedbaby Baby Girls Organic Snap One-Piece Footies, Gray, 3-6 Months | B00I14VMZY | $351; L'ovedbaby Baby Girls Organic Snap One-Piece Footies, Mauve, Preemie/NB | B00IIJA5T6 | $277; L'ovedbaby Baby Girls Organic Snap One-Piece Footies, Seafoam, Preemie/NB | B00O0O41OI | $243",Marketplace Valet: 82.3%; Amazon.com: 17.7%,2,Third-party resellers,82.3,Sold through a third-party service account (Marketplace Valet 82%) plus Amazon 1P; steep decline,"Marketplace Valet 82.3%; Amazon 17.7%; brand direct 0%; monthly rev ~$6k; TTM ~$69k; 12M MoM -64%; 2,283 reviews",L'ovedbaby on Amazon,"Hi {{first_name}},

Saw you're exhibiting at the Las Vegas Souvenir & Resort Gift Show next week.

Looking at your listings, L'ovedbaby does roughly $6k a month on Amazon, down sharply over the last year, with about 80% sold through an account called Marketplace Valet and the rest by Amazon as the vendor. One black footie is half the volume and the other 80 listings barely move. For an organic baby brand with a 4.5 rating, that is a channel nobody is actively building.

We manage Amazon for brands end to end, including strategy, content, advertising, inventory and operations.

Would it make sense to have a quick conversation?

Yoni
",Marketplace Valet is a third-party marketplace service provider; treated as third party per rules,2026-09-25T15:35:53
1 - Confirmed on Amazon,Las Vegas Souvenir & Resort Gift Show 2026,Vinrella,YES on Amazon (SmartScout),VINRELLA,4686.05,29.0,4.55,1692.0,Stick Umbrellas,,Vinrella,,Yes,exact,,,,Not needed,,,,,SmartScout,VINRELLA,exact,"Clothing, Shoes & Jewelry",Stick Umbrellas,4686.05,84492.36,29,1692,4.55,29.68,1.24,Vinrella,0,-0.284,-0.255,True,https://www.amazon.com/stores/Vinrella/page/59B0831D-4888-4B33-A228-AA765A3B2F6D,"VINRELLA Rain & Sun Bucket Hat for Women, Red | B07T43RKWQ | $560; VINRELLA Rain & Sun Bucket Hat for Women, Black | B07T5716MV | $520; Rose Labeled Wine Bottle Umbrella | B07HRXJ1X3 | $335; VINRELLA Wine Bottle Umbrella, Misty Spirits | B01N7TTWGK | $280; VINRELLA Wine Bottle Umbrella, Bloom | B08HPMKDGG | $252",Garden Works | Star Kitchen & Home: 96.9%; Vinrella: 3.1%,2,Third-party resellers,96.9,One reseller (Garden Works) sells ~97%; brand's own account ~3%; declining,"Garden Works 96.9% on 28 offers; Vinrella seller 3.1%; monthly rev ~$5k; 12M MoM -25%; 1,692 reviews",Who sells Vinrella on Amazon,"Hi {{first_name}},

Saw you're exhibiting at the Las Vegas Souvenir & Resort Gift Show next week.

From what we can see, Vinrella does roughly $5k a month on Amazon and about 97% of it is sold by one account, Garden Works, across 28 of your listings, with your own account on just two. The trend over the last year is down a quarter. The wine bottle umbrella is a natural Q4 gift listing, but right now the price and the ads are someone else's call.

We manage Amazon for brands end to end, including strategy, content, advertising, inventory and operations.

Would it make sense to talk about taking that back?

Yoni
",'Garden Works' may be an affiliated company; treated as third party per rules; verify; trimmed for length,2026-09-25T15:35:53
1 - Confirmed on Amazon,Las Vegas Souvenir & Resort Gift Show 2026,First & Main,YES on Amazon (SmartScout),First & Main,4212.2,3.0,4.7,1598.0,Stuffed Animals & Teddy Bears,,First & Main,,Yes,exact,"Calypso Studios by First & Main ($50.76, 2 products); First & Main Coffee Co. (unrelated)",,,Not needed,,,,,SmartScout,First & Main,exact,Toys & Games,Stuffed Animals & Teddy Bears,4212.2,42128.24,3,1598,4.7,22.39,5,Amazon.com,0,0.222,,False,,"First & Main 13"" Melancholy Melanie Puppy Dog | B00QSBCZXA | $2,124; First & Main 10"" Melancholy Mel Puppy Dog | B01F5XEKIO | $1,941; First & Main 8"" Brown Tender Teddy Bear | B0013FSKM6 | $147",Sunrite Gifts: 79.2%; Imperio Nygren: 11.8%; Hour Loop: 8.9%; The Mulberry Shop: 0.1%,4,Third-party resellers,100.0,No brand account; three listings sold entirely by resellers (Sunrite Gifts 79%),"Sunrite Gifts 79.2%; Imperio Nygren 11.8%; Hour Loop 8.9%; brand direct 0%; monthly rev ~$4k; 3 products; 1,598 reviews",First & Main on Amazon,"Hi {{first_name}},

Saw you're exhibiting at the Las Vegas Souvenir & Resort Gift Show next week.

Looking at your listings, First & Main is essentially three plush listings on Amazon doing roughly $4k a month, all sold by third parties, mostly Sunrite Gifts. We don't see a First & Main account, and the Melancholy puppy alone has about 1,600 reviews and a 4.7 rating. That is a brand with a proven product and almost no Amazon channel behind it.

We recently helped a brand go from no Amazon presence to a $1M+ annual run rate within six months. We manage the channel end to end.

Is Amazon something you're looking at?

Yoni
",profile pulled via query_analytics after handle renewal; trimmed for length,2026-09-25T15:35:53
1 - Confirmed on Amazon,FNCE 2025,Agoge,YES on Amazon (SmartScout),Agoge,3041.53,4.0,4.15,41.0,Sports Nutrition Hemp Protein Powders,,Agoge,,Yes,exact,,,,Not needed,,,,,SmartScout,Agoge,exact,Health & Household,Sports Nutrition Hemp Protein Powders,3041.53,18764.85,4,41,4.15,52.68,1,,0,-0.171,,False,,"Agoge USDA Organic Hemp Protein Powder, Vanilla, 20 Servings | B0GLH4F7TZ | $1,053; Agoge USDA Organic Hemp Protein Powder, Matcha, 20 Servings | B0GLH1F3KT | $945; Agoge USDA Organic Hemp Protein Powder, Chocolate, 20 Servings | B0GLHF7LP8 | $766; Agoge USDA Organic Hemp Protein Powder, Unflavored, 20 Servings | B0GLH14369 | $278",Agoge Organic Hemp Protein: 100%,1,Brand direct,0,"Early-stage launch: four listings, ~40 reviews, sub-4.2 rating",Brand direct 100%; monthly rev ~$3k; 4 products; 41 reviews; avg rating 4.15; MoM -17%,Agoge's Amazon launch,"Hi {{first_name}},

Saw that Agoge exhibited at FNCE last year.

From what we can see, Agoge is doing roughly $3k a month on Amazon across four hemp protein listings, sold direct, with about 40 reviews and an average rating just over 4. That is the very start of a channel. In protein powder the first few hundred reviews, the listing content and the organic and hemp search terms decide whether a brand gets past this stage.

We recently helped a brand go from no Amazon presence to a $1M+ annual run rate within six months. We manage the channel end to end.

Would it make sense to have a quick conversation?

Yoni
",trimmed for length,2026-09-25T15:35:53
1 - Confirmed on Amazon,Las Vegas Souvenir & Resort Gift Show 2026,The Jonsteen Co.,YES on Amazon (SmartScout),The Jonsteen Company,2747.63,9.0,4.32,5182.0,Tree Plants & Seeds,,Jonsteen,,Yes,exact,,,,Not needed,,,,,SmartScout,The Jonsteen Company,exact,"Patio, Lawn & Garden",Tree Plants & Seeds,2747.63,101797.4,9,5182,4.32,22.64,0.78,The Jonsteen Company,0,-0.017,,True,,"Giant Sequoia | Small Tree Seedling | The Jonsteen Company | B00HZR1XQG | $1,289; Giant Sequoia | Tree Seed Grow Kit | The Jonsteen Company | B019J9KMS2 | $635; Japanese Maple | Small Tree Seedling | The Jonsteen Company | B00K0NCNNY | $327; Bonsai Tree Bundle | Collection of 5 Live Tree Seedlings | B0778VH89S | $290; Dawn Redwood | Medium Tree Seedling | The Jonsteen Company | B0CHNB1MCX | $161",The Jonsteen Company: 80.4%; Japanese Maples and Evergreens: 11.9%; Atharva Brands: 7.7%,3,Brand direct,19.6,"Mostly brand direct with a strong review base, but small current volume and ~20% leaking to resellers","The Jonsteen Company 80.4%; Japanese Maples and Evergreens 11.9%; Atharva Brands 7.7%; monthly rev ~$2.7k; TTM ~$102k; 5,182 reviews",The Jonsteen Company on Amazon,"Hi {{first_name}},

Saw you're exhibiting at the Las Vegas Souvenir & Resort Gift Show next week.

From what we can see, The Jonsteen Company does roughly $3k a month on Amazon right now, against about $100k over the trailing year, mostly through your own account with about 20% going through two resellers. The Giant Sequoia seedling carries it, and the catalog has more than 5,000 reviews, which is a real asset for nine listings. It looks like the seasonal dip is being ridden out rather than worked.

We manage Amazon for brands end to end, including strategy, content, advertising, inventory and operations.

Open to a short call on the off-season plan?

Yoni
",profile and sellers pulled via query_analytics fallback; 12M growth not returned,2026-09-25T15:35:53
1 - Confirmed on Amazon,Las Vegas Souvenir & Resort Gift Show 2026,"Americaware, Inc.",YES on Amazon (SmartScout),Americaware,2588.55,13.0,4.7,675.0,Mugs,,Americaware,,Yes,exact,,,,Not needed,,,,,SmartScout,Americaware,exact,Kitchen & Dining,Mugs,2588.55,21739.76,13,675,4.7,20.84,2.69,,0,-0.4,,False,,Americaware Alaska 18oz. Emblem Coffee Mug | B0163EPOMA | $459; Americaware 18oz Big Foot Emblem Mug | B094K4Z7QN | $389; Americaware Colorado 22 oz Night Sky Silhouette Mug | B01LZGSZDH | $272; Americaware Nashville 18oz. Color Relief Coffee Mug | B01LY5YXG7 | $262; Americaware Big Foot Beige 18oz Emblem Mug | B0BNP3B44J | $215,"Artisan Owl: 53.4%; Zentra, LLC: 37.4%; AT TEN, LLC: 5.7%; Americaware Inc: 3.5%",4,Third-party resellers,96.5,"Resellers (Artisan Owl, Zentra) sell ~90%; brand's own account ~4%; last month down 40%",Artisan Owl 53.4%; Zentra 37.4%; Americaware Inc 3.5%; monthly rev ~$2.6k; MoM -40%; 675 reviews,Who sells Americaware on Amazon,"Hi {{first_name}},

Saw you're exhibiting at the Las Vegas Souvenir & Resort Gift Show next week.

Looking at your listings, Americaware mugs do roughly $2,500 a month on Amazon, and about 90% of that is sold by two resellers, Artisan Owl and Zentra. Your own account is under 5%, and last month was down 40%. Souvenir mugs are a natural Amazon gift listing, but only if the brand owns the page.

We recently helped a brand go from no Amazon presence to a $1M+ annual run rate within six months. We manage the channel end to end.

Is Amazon something you're looking at more seriously?

Yoni
",trimmed for length,2026-09-25T15:35:53
1 - Confirmed on Amazon,Las Vegas Souvenir & Resort Gift Show 2026,Jacobson Hat Company,YES on Amazon (SmartScout),Jacobson Hat Company,2476.37,10.0,4.32,3408.0,Men's Military Accessories,,Jacobson Hat,,Yes,exact,Jacobson Hat (0 products),,,Not needed,,,,,SmartScout,Jacobson Hat Company,exact,"Clothing, Shoes & Jewelry",Men's Military Accessories,2476.37,141714.77,10,3408,4.32,19.26,1.4,,0,-0.339,,False,,"100% Wool Civil War Union Kepi Replica Hat S/M | B01BMV9UOC | $1,015; Statue of Liberty Headband Green | B07XF8RRG7 | $495; Jacobson Hat Company Men's Tricorne Hat with Snaps, Black | B00BCR8IUO | $291; Jacobson Hat Company Chicken Rooster Plush Mask Hat, Red | B014U7DXNO | $257; Jacobson Hat Company French Fries Novelty Food Hat, Red | B01IWAQEUO | $195","Gettysburg Souvenirs & Gifts: 37.6%; Arlene's Costumes: 29.2%; Atharva Brands: 17.2%; Zentra, LLC: 5.0%; CostumeVille: 4.4%",6,Third-party resellers,96.9,No brand account; sold entirely by costume and souvenir resellers; trailing year ~$142k vs ~$2.5k now,"Gettysburg Souvenirs 37.6%; Arlene's Costumes 29.2%; Atharva Brands 17.2%; brand direct 0%; monthly rev ~$2.5k; TTM ~$142k; 3,408 reviews",Jacobson Hat Company on Amazon,"Hi {{first_name}},

Saw you're exhibiting at the Las Vegas Souvenir & Resort Gift Show next week.

From what we can see, Jacobson Hat Company products did about $140k on Amazon over the trailing year, but every dollar of it is sold by costume and souvenir resellers like Gettysburg Souvenirs and Arlene's Costumes. We don't see a Jacobson account. Right now it is around $2,500 a month heading into the Halloween window, and the Civil War kepi is most of that.

We manage Amazon for brands end to end, including strategy, content, advertising, inventory and operations.

Would it make sense to talk about owning that channel yourselves?

Yoni
",,2026-09-25T15:35:53
1 - Confirmed on Amazon,Las Vegas Souvenir & Resort Gift Show 2026,SEAWAG,YES on Amazon (SmartScout),Seawag,2192.32,12.0,4.58,293.0,Waterproof Cell Phone Cases,,SEAWAG,,Yes,exact,,,,Not needed,,,,,SmartScout,Seawag,exact,Cell Phones & Accessories,Waterproof Cell Phone Cases,2192.32,18715.06,12,293,4.58,31.02,1.17,,0,0.128,,False,,"SEAWAG Waterproof Pouch for Smartphone Universal Size (Orange White) | B0F1K22DQP | $378; SEAWAG Next Waterproof Phone Pouch, 2 Pack Black | B0FHJPW4JT | $350; SEAWAG Waterproof Pouch for Smartphone Universal Size (Camouflage) | B0DZ6WH23W | $261; SEAWAG Next Waterproof Phone Pouch, 1 Pack Black | B0F1MW6ZLP | $250; SEAWAG Next Waterproof Phone Pouch, 2 Pack Black and White | B0FHJYKKVM | $245",SEAWAG USA: 70.6%; Diveland CZ: 29.4%,2,Brand direct,29.4,Tiny US footprint; brand's US account ~71% with a European reseller at ~29%,SEAWAG USA 70.6%; Diveland CZ 29.4%; monthly rev ~$2k; 12 products; 293 reviews; avg rating 4.58,Seawag on Amazon US,"Hi {{first_name}},

Saw you're exhibiting at the Las Vegas Souvenir & Resort Gift Show next week.

Looking at your listings, Seawag does roughly $2k a month on Amazon in the US across a dozen pouch listings, with about 30% of that sold by a Czech reseller rather than your US account. Under 300 reviews across the catalog. For a product every beach gift shop carries, that channel has barely been started.

We recently helped a brand go from no Amazon presence to a $1M+ annual run rate within six months. We manage the channel end to end.

Is Amazon something you're looking at for the US?

Yoni
",trimmed for length,2026-09-25T15:35:53
1 - Confirmed on Amazon,Las Vegas Souvenir & Resort Gift Show 2026,Blossom Bucket,YES on Amazon (SmartScout),Blossom Bucket,1914.0,6.0,4.47,3562.0,Collectible Figurines,,Blossom Bucket,,Yes,exact,,,,Not needed,,,,,SmartScout,Blossom Bucket,exact,Home & Kitchen,Collectible Figurines,1914,105572.77,6,3562,4.47,19.75,2.83,Hour Loop,0,-0.127,,False,,Friend Like Stars Angel with Flowers Resin Tabletop Figurine | B079TJ1QYX | $914; B-E-L-I-E-V-E Nativity Resin Christmas Decoration Set of 7 Letters | B00MEHLYY8 | $287; Friends are A Gift Christmas Angel | B07HCX5SQB | $266; Blossom Bucket B-E-L-I-E-V-E Nativity Resin Christmas Decoration Set | B0F272K7MK | $237; Blossom Bucket Holy Family with Star | B00FNVKK2O | $210,Hour Loop: 96.7%; Abundantly Good: 3.3%,2,Third-party resellers,100.0,Sold almost entirely by one reseller (Hour Loop 97%); no brand account; trailing year ~$106k,"Hour Loop 96.7%; brand direct 0%; monthly rev ~$1.9k; TTM ~$106k; 3,562 reviews",Who sells Blossom Bucket on Amazon,"Hi {{first_name}},

Saw you're exhibiting at the Las Vegas Souvenir & Resort Gift Show next week.

From what we can see, Blossom Bucket did about $100k on Amazon over the trailing year, and nearly all of it is sold by one reseller, Hour Loop. We don't see a Blossom Bucket account. The angel figurines and the nativity letters carry it, on a catalog with about 3,500 reviews, and it is heading into Q4 with the pricing and content entirely in a reseller's hands.

We manage Amazon for brands end to end, including strategy, content, advertising, inventory and operations.

Would it make sense to talk about taking that back before the holidays?

Yoni
",,2026-09-25T15:35:53
1 - Confirmed on Amazon,Las Vegas Souvenir & Resort Gift Show 2026,"Earthview, Inc.",YES on Amazon (SmartScout),Earthview,1847.58,23.0,4.41,97.0,Dish Soap,,Earthview,,Yes,exact,,,,Not needed,,,,,SmartScout,Earthview,exact,Beauty & Personal Care,Dish Soap,1847.58,25846.66,23,97,4.41,101.05,1,,0,-0.155,,False,,"Earthview Fragrance Free Liquid Dish Soap, 2 Pk/ 24 oz | B086937JYN | $396; Earthview Fragrance Free Shampoo & Bodywash, 32 Fl Oz | B0BGJLHGZ1 | $282; Earthview Fragrance Free Liquid Dish Soap, 128 Fl Oz (1-Gallon) | B01E8582WU | $280; Earthview Shampoo Bodywash, 128 Fl Oz, Scent Free | B01E918RLO | $190; Earthview Fragrance Free Liquid Dish Soap, 6 Pk/ 24 oz | B0H35GDWF9 | $160",Earthview Products Company: 100%,1,Brand direct,0,"Brand direct but tiny: 23 listings, under 100 reviews, high price points",Brand direct 100%; monthly rev ~$1.8k; 23 products; 97 reviews; avg price ~$101,Earthview on Amazon,"Hi {{first_name}},

Saw you're exhibiting at the Las Vegas Souvenir & Resort Gift Show next week.

Looking at your listings, Earthview is on Amazon with about 23 products but doing under $2k a month, sold direct, with fewer than 100 reviews across the whole catalog. Fragrance free and MCS-safe is a real niche that people search for by name, and right now the listings are not built to catch it.

We recently helped a brand go from no Amazon presence to a $1M+ annual run rate within six months. We manage the channel end to end.

Is Amazon something you're looking at more seriously?

Yoni
",trimmed for length,2026-09-25T15:35:53
1 - Confirmed on Amazon,Las Vegas Souvenir & Resort Gift Show 2026,L. W. Bristol Classics,YES on Amazon (SmartScout),L W Bristol Classics,1761.98,12.0,4.67,1113.0,Trekking Poles,,L. W. Bristol Classics,,Yes,exact,,,,Not needed,,,,,SmartScout,L W Bristol Classics,exact,Sports & Outdoors,Trekking Poles,1761.98,24430.76,12,1113,4.67,15.81,1.92,Stateline Classics,0,-0.193,,False,,Grand Canyon National Park Hiking Stick Medallion | B01MZ0Q75Q | $317; Great Smoky Mountains - Bear and Cub - Hiking Stick Medallion | B07VHY8SH9 | $266; L W Bristol Classics Mount Rushmore Hiking Medallion | B005FSS15S | $224; L W Bristol Classics Yellowstone National Park Hiking Stick Medallion | B01MQFJBR4 | $180; Route 66 - Hiking Stick Medallion | B01MU1LEDT | $155,"Zentra, LLC: 61.9%; Stateline Classics: 38.1%",2,Mixed,61.9,Reseller (Zentra) sells ~62% against the brand-side account (Stateline Classics) at ~38%; small,"Zentra 61.9%; Stateline Classics 38.1%; monthly rev ~$1.8k; 1,113 reviews; avg rating 4.67",L W Bristol Classics on Amazon,"Hi {{first_name}},

Saw you're exhibiting at the Las Vegas Souvenir & Resort Gift Show next week.

From what we can see, L W Bristol hiking medallions do roughly $2k a month on Amazon, and about 60% of it is sold by a reseller, Zentra, with Stateline Classics on the rest. Both carry the same 11 listings, so they trade the Buy Box back and forth. With over 1,000 reviews and a 4.7 rating, the product is clearly liked, and the channel is just not being run.

We manage Amazon for brands end to end, including strategy, content, advertising, inventory and operations.

Would it make sense to have a quick conversation?

Yoni
",'Stateline Classics' assumed to be the brand's own account; verify,2026-09-25T15:35:53
1 - Confirmed on Amazon,FNCE 2025,Ajinomoto Cambrooke,YES on Amazon (SmartScout),Cambrooke,1248.68,3.0,2.0,1.0,Branched Chain Amino Acids Nutritional Supplements,,Ajinomoto Cambrooke,,Yes,close,matched on retry 'Cambrooke',,,Not needed,,,,,SmartScout,Cambrooke,exact,Health & Household,Branched Chain Amino Acids Nutritional Supplements,1248.68,14554.25,3,1,2,208.11,2.33,,0,3.451,,False,,"Cambrooke Essential Care JR Amino Acid-Based Nutrition Powder (Case of 6, Vanilla) | B0D4KMKFN9 | $610; Cambrooke Essential Care JR Amino Acid-Based Nutrition Powder (Case of 6, Unflavored) | B0D4KM8JJW | $532; Cambrooke Essential Care JR Amino Acid-Based Nutrition Powder (14.1 oz, Unflavored) | B0D4KLV7L9 | $107",SimplyMedical: 95.3%; IRONMED: 4.7%,2,Third-party resellers,100.0,Medical foods sold only via a medical reseller; one review at 2 stars; large parent company,SimplyMedical 95.3%; brand direct 0%; monthly rev ~$1.2k; 3 products; 1 review; avg rating 2.0,Cambrooke on Amazon,"Hi {{first_name}},

Saw that Ajinomoto Cambrooke exhibited at FNCE last year.

Looking at your listings, the Cambrooke Essential Care JR products are on Amazon at about $1,000 a month, sold almost entirely by a medical supply reseller called SimplyMedical, with a single 2 star review across the three listings. That is the whole Amazon presence for the brand as far as we can see, and it is not one Cambrooke controls.

We manage Amazon for brands end to end, including strategy, content, advertising, inventory and operations.

Would a 20 minute look at what a brand-owned setup for the medical foods could look like be worth your time?

Yoni
",large parent (Ajinomoto); SmartScout record covers Essential Care JR only,2026-09-25T15:35:53
1 - Confirmed on Amazon,Las Vegas Souvenir & Resort Gift Show 2026,Channel Craft,YES on Amazon (SmartScout),Channel Craft,1129.1,9.0,4.42,846.0,Craft Kits,,Channel Craft,,Yes,exact,,,,Not needed,,,,,SmartScout,Channel Craft,exact,"Arts, Crafts & Sewing",Craft Kits,1129.1,23505.55,9,846,4.42,18.18,2.22,,0,0.37,,False,,"Channel Craft, JJ's Pocket Knife, Wood Craft Kit | B004RIJ1IS | $858; Channel Craft Campers Knot Tying Game | B01BW2QYEA | $98; Channel Craft Canoe Wooden Knife Kit USA Tin Box | B00PX5ZY8U | $79; CHANNEL CRAFT Hero Decks - Chicago Cubs - Playing Cards | B000OLNES0 | $54; Channel Craft Ring on a String Game | B00FW6P3XQ | $40",Fifty & Co: 66.8%; Nature's Workshop Plus!: 9.4%; BrightStarWholesale: 9.1%; Buckeye Nation Sales: 4.8%; Heaven of Goods: 3.5%,6,Third-party resellers,96.6,No brand account; resellers hold ~100% (Fifty & Co 67%); one craft kit carries the volume,Fifty & Co 66.8%; brand direct 0%; monthly rev ~$1.1k; 9 products; 846 reviews,Channel Craft on Amazon,"Hi {{first_name}},

Saw you're exhibiting at the Las Vegas Souvenir & Resort Gift Show next week.

From what we can see, Channel Craft products do roughly $1,000 a month on Amazon, all through resellers, mostly one account called Fifty & Co, with no Channel Craft account. JJ's Pocket Knife kit is almost all of it. Made in USA craft kits are a natural Amazon gift item, and nobody is building that.

We recently helped a brand go from no Amazon presence to a $1M+ annual run rate within six months. We manage the channel end to end.

Is Amazon something you're looking at?

Yoni",trimmed for length,2026-09-25T15:35:53
1 - Confirmed on Amazon,Las Vegas Souvenir & Resort Gift Show 2026,The Handcrafted,YES on Amazon (SmartScout),The Handcrafted,1032.19,8.0,4.48,781.0,Puzzle Boxes,,Handcrafted,,Yes,exact,'Handcrafted' alone returned unrelated brands; matched on retry 'The Handcrafted'. CHDENUO The Handcrafted (different),,,Not needed,,,,,SmartScout,The Handcrafted,exact,Toys & Games,Puzzle Boxes,1032.19,28526.1,8,781,4.48,32.76,2.25,,0,-0.327,,False,,"Wood Intarsia Bee Puzzle Box, Handcrafted Wooden Secret Compartment Keepsake Box | B00U0JY5KC | $297; Flying Eagle - Natural Wood Intarsia Puzzle Box | B002TCZ83Q | $198; Butterfly Wooden Puzzle Box, Handcrafted Secret Compartment Keepsake | B00333TS7W | $168; Hand-Carved Cat Puzzle Box, Natural Intarsia Wooden Keepsake Box | B00MFVYR5Q | $163; Super-Man Superhero Handcrafted Wooden Puzzle Box | B005L3VFI2 | $144",Cheerful Home: 92.6%; Brilliant Store: 7.4%,2,Third-party resellers,100.0,Sold entirely by one reseller (Cheerful Home 93%); no brand account; small and declining,Cheerful Home 92.6%; brand direct 0%; monthly rev ~$1k; TTM ~$29k; 8 products; 781 reviews,The Handcrafted puzzle boxes on Amazon,"Hi {{first_name}},

Saw you're exhibiting at the Las Vegas Souvenir & Resort Gift Show next week.

Looking at your listings, The Handcrafted puzzle boxes do roughly $1,000 a month on Amazon, down a third last month, and nearly all of it is sold by an account called Cheerful Home rather than by you. Eight listings, close to 800 reviews, and exactly the kind of Q4 gift people search for, with nobody on the brand side running it.

We recently helped a brand go from no Amazon presence to a $1M+ annual run rate within six months. We manage the channel end to end.

Is Amazon something you're looking at?

Yoni
",'Cheerful Home' may be an affiliated account; treated as third party per rules; verify; trimmed for length,2026-09-25T15:35:53
1 - Confirmed on Amazon,Las Vegas Souvenir & Resort Gift Show 2026,Greenwill Global,YES on Amazon (SmartScout),GREENWILL,939.51,2.0,4.3,660.0,Bath Soaps,,Greenwill Global,,Yes,close,Greenwillow (unrelated),,,Not needed,,,,,SmartScout,GREENWILL,exact,Beauty & Personal Care,Bath Soaps,939.51,22636.86,2,660,4.3,24.99,1,,0,-0.401,,False,,GREENWILL 3 Pounds Organic De-seeded Soap Berries/Soap Nuts + 2 Wash Bags | B00AHTWMXC | $600; 6 Ounces Greenwill Organic De-seeded Soapberry/Soap Nuts with Wash Bag | B00AHTWN6S | $340,Greenwill: 100%,1,Brand direct,0,Brand direct with two listings and 660 reviews but under $1k a month and falling,Brand direct 100%; monthly rev ~$940; 2 products; 660 reviews; MoM -40%,Greenwill on Amazon,"Hi {{first_name}},

Saw you're exhibiting at the Las Vegas Souvenir & Resort Gift Show next week.

From what we can see, Greenwill has two soap nut listings on Amazon with about 660 reviews between them, sold direct, but they are doing under $1k a month and last month dropped 40%. Reviews like that on a natural laundry product usually mean the listings once ranked and have since slipped, which is fixable.

We recently helped a brand go from no Amazon presence to a $1M+ annual run rate within six months. We manage the channel end to end.

Is Amazon something you're looking at more seriously?

Yoni
",trimmed for length,2026-09-25T15:35:53
1 - Confirmed on Amazon,Las Vegas Souvenir & Resort Gift Show 2026,"EnjoyLife, Inc.",YES on Amazon (SmartScout),EnjoyLife Inc,902.85,13.0,4.71,644.0,Trick & Novelty Golf Balls,,EnjoyLife,,Yes,exact,amyenjoylife (unrelated),,,Not needed,,,,,SmartScout,EnjoyLife Inc,exact,Sports & Outdoors,Trick & Novelty Golf Balls,902.85,30270.26,13,644,4.71,13.8,0.92,EnjoyLife Inc,0,-0.456,,False,,EnjoyLife Inc World Collection Globe/International Flags/Earth Golf Ball Gift Set | B000TGN7QE | $188; EnjoyLife Inc Basketballs Golf Ball Gift Set | B000S6M0W2 | $130; EnjoyLife Inc Philadelphia Souvenir Baseball | B00JDS4J7U | $92; EnjoyLife Inc Ben Franklin $100 Bill Golf Ball Gift Set | B00OS9LP7Q | $87; EnjoyLife Inc Groomsman Wedding Variety Golf Ball Gift Set | B00TQ7VRUU | $87,EnjoyLife Inc: 100%,1,Brand direct,0,"Brand direct, tiny and falling; strong rating on gift golf balls",Brand direct 100%; monthly rev ~$900; TTM ~$30k; MoM -46%; 13 products; 644 reviews; avg rating 4.71,EnjoyLife golf ball gift sets on Amazon,"Hi {{first_name}},

Saw you're exhibiting at the Las Vegas Souvenir & Resort Gift Show next week.

Looking at your listings, EnjoyLife golf ball gift sets do under $1k a month on Amazon, sold direct, down close to half last month, on 13 listings with a 4.7 average rating. That rating on a gift item heading into Q4 is the interesting part. The listings and reviews exist, and nobody is putting ads or content behind them.

We recently helped a brand go from no Amazon presence to a $1M+ annual run rate within six months. We manage the channel end to end.

Is Amazon something you're looking at more seriously?

Yoni
",trimmed for length,2026-09-25T15:35:53
1 - Confirmed on Amazon,Las Vegas Souvenir & Resort Gift Show 2026,"Southwest Specialty Food, Inc.",YES on Amazon (SmartScout),Southwest Specialty Food,851.7,2.0,4.6,391.0,Hot Sauce,,Southwest Specialty Food,,Yes,exact,Southwest Specialty Foods Inc. (0 products),,,Not needed,,,,,SmartScout,Southwest Specialty Food,exact,Grocery & Gourmet Food,Hot Sauce,851.7,9259.2,2,391,4.6,9.95,2,Southwest Specialty Food,0,0.2,,False,,Pure Bred Idiot Pure Ground Carolina Reaper Powder | B07RZW8HY6 | $449; Spontaneous Combustion Habanero Pepper | B000G6XFVO | $403,Southwest Specialty Food: 100%,1,Brand direct,0,"Brand direct, two listings, under $1k a month; catalog barely on Amazon",Brand direct 100%; monthly rev ~$850; 2 products; 391 reviews; avg rating 4.6,Southwest Specialty Food on Amazon,"Hi {{first_name}},

Saw you're exhibiting at the Las Vegas Souvenir & Resort Gift Show next week.

From what we can see, Southwest Specialty Food has two listings on Amazon, the Carolina Reaper powder and the habanero, doing under $1k a month between them, sold direct, with about 400 reviews and a 4.6 rating. Hot sauce and pepper gifts are a big Amazon category in Q4 and the rest of your range isn't there at all.

We recently helped a brand go from no Amazon presence to a $1M+ annual run rate within six months. We manage the channel end to end.

Is Amazon something you're looking at?

Yoni
",trimmed for length,2026-09-25T15:35:53
1 - Confirmed on Amazon,Las Vegas Souvenir & Resort Gift Show 2026,Zizo USA Inc.,YES on Amazon (SmartScout),Zizo,845.08,26.0,4.23,23928.0,Cell Phone Case & Cover Bundles,,Zizo,,Yes,exact,"ZIZOR, VOZIZOV, ZIZOTI, zizouoe (unrelated)",,,Not needed,,,,,SmartScout,Zizo,exact,Everything Else,Cell Phone Case & Cover Bundles,824.27,12498.15,25,23863,4.23,28.32,1.68,,0,0.032,,True,,Zizo Bolt Cover - Case for iPhone 11 with Glass Screen Protector & Kickstand (Black) | B07X8RYFZ5 | $185; ZIZO Bolt Bundle iPhone 13 Case - Black | B09F53FSJW | $170; ZIZO Bolt Bundle for iPhone 14 Pro Max Case - Black | B0BBHBC97N | $128; ZIZO Bolt Series for Galaxy S21 Plus Case - Blue & Black | B08T5V7ZWC | $99; ZIZO USA New York City Broadway Snow Globe | B005F79CJS | $92,wirelessdeals: 45.9%; AG DEALS: 18.9%; C&M Ecom: 14.4%; City-Souvenirs: 11.2%; Austin Smart Tech LLC: 3.3%,6,Third-party resellers,96.7,Huge review base (~24k) but under $1k a month; sold entirely by resellers; catalog abandoned,"wirelessdeals 45.9%; AG DEALS 18.9%; C&M Ecom 14.4%; brand direct 0%; monthly rev ~$820; 25 products; 23,863 reviews",Zizo's Amazon catalog,"Hi {{first_name}},

Saw you're exhibiting at the Las Vegas Souvenir & Resort Gift Show next week.

Looking at your listings, Zizo has close to 24,000 reviews on Amazon across about 25 case listings, and it is doing under $1k a month, all through resellers like wirelessdeals and AG DEALS. We don't see a Zizo account. That is a lot of review equity sitting on old iPhone models with nobody carrying it forward to current ones.

We manage Amazon for brands end to end, including strategy, content, advertising, inventory and operations.

Would it make sense to have a quick conversation?

Yoni
",,2026-09-25T15:35:53
1 - Confirmed on Amazon,Las Vegas Souvenir & Resort Gift Show 2026,Dry Gulch Gifts,YES on Amazon (SmartScout),Dry Gulch Gifts,674.46,1.0,4.6,53.0,Assembly & Disentanglement Puzzles,,Dry Gulch Gifts,,Yes,exact,,,,Not needed,,,,,SmartScout,Dry Gulch Gifts,exact,Toys & Games,Assembly & Disentanglement Puzzles,674.46,8568.14,1,53,4.6,24.98,1,,0,-0.15,,False,,Puzzle: Dry Gulch Horseshoe | B07T7Z5MGL | $674,Lehman's Home and Garden: 100%,1,Third-party resellers,100,Effectively not on Amazon as a brand: one puzzle sold by a single retailer,Lehman's Home and Garden 100%; 1 product; monthly rev ~$670; 53 reviews,Dry Gulch Gifts on Amazon,"Hi {{first_name}},

Saw you're exhibiting at the Las Vegas Souvenir & Resort Gift Show next week.

From what we can see, Dry Gulch Gifts is on Amazon as a single listing, the horseshoe puzzle, sold by Lehman's rather than by you, at around $700 a month. So the brand is effectively not on Amazon at all, which for a gift line heading into Q4 is either a gap or a choice.

We recently helped a brand go from no Amazon presence to a $1M+ annual run rate within six months. We manage the channel end to end.

Is Amazon something you're looking at?

Yoni
",trimmed for length,2026-09-25T15:35:53
1 - Confirmed on Amazon,Las Vegas Souvenir & Resort Gift Show 2026,Gem Guides Book Company,YES on Amazon (SmartScout),Gem Guides Book Co,570.3,8.0,4.53,1094.0,Biology of Fossils,,Gem Guides Book,,Yes,exact,"Gem Guides Book Company ($209.30, 2 products)",,,Not needed,,,,,SmartScout,Gem Guides Book Co,exact,Books,Biology of Fossils,570.3,2278.47,8,1094,4.53,168.75,2,,77.7,-0.79,,False,,"Gem Trails of Arizona | 1889786470 | $239; Geodes: Nature's Treasures | 1889786322 | $140; Gem Trails of Southern California | 188978625X | $90; Rocks, Minerals & Crystals: A Coloring & Collecting Book | 188978656X | $54; Facet Cutters Handbook | 0910652066 | $48",Amazon.com: 77.7%; SPA BOOKS: 9.3%; UPICK MARKETING LLC: 6.5%; Starbook Store: 4.1%; Sunrise Finds: 2.4%,6,Amazon 1P,22.3,"Small specialty publisher; Amazon 1P ~78%, under $1k a month; weak fit","Amazon 1P 77.7%; monthly rev ~$570; 8 products; 1,094 reviews",Gem Guides titles on Amazon,"Hi {{first_name}},

Saw you're exhibiting at the Las Vegas Souvenir & Resort Gift Show next week.

Looking at Gem Guides titles on Amazon, we see roughly $600 a month across about eight books, mostly sold by Amazon itself, with over 1,000 reviews and a 4.5 rating between them. Gem Trails of Arizona leads. Regional guides like these sell through gift shops, and on Amazon they mostly sit unless someone puts ads and content behind the top titles.

We manage Amazon for brands end to end, including strategy, content, advertising, inventory and operations.

Open to a short call on it?

Yoni
",small book publisher; weaker fit for consumer brand pitch,2026-09-25T15:35:53
1 - Confirmed on Amazon,Las Vegas Souvenir & Resort Gift Show 2026,Lipco Group,YES on Amazon (SmartScout),Lipco,519.9,1.0,3.6,19.0,Board Games,,Lipco,,Yes,close,Clipco; PHILIPCO (different brands); single board-game listing may not be Lipco Group,,,Not needed,,,,,SmartScout,Lipco,exact,Toys & Games,Board Games,519.9,11242.26,1,19,3.6,34.66,1,,0,0.23,,False,,"Lipco Cabin Decor Moose Cribbage Board, Wood | B0BC6L7CTT | $520",Hour Loop: 100%,1,Third-party resellers,100,One listing sold by a reseller (Hour Loop); 3.6 rating; effectively not on Amazon,Hour Loop 100%; 1 product; monthly rev ~$520; 19 reviews; avg rating 3.6,Lipco on Amazon,"Hi {{first_name}},

Saw you're exhibiting at the Las Vegas Souvenir & Resort Gift Show next week.

From what we can see, Lipco is on Amazon as a single listing, the moose cribbage board, sold by Hour Loop rather than by you, at around $500 a month with a 3.6 rating on 19 reviews. So the Amazon presence is one product, one reseller, and a rating nobody is managing.

We recently helped a brand go from no Amazon presence to a $1M+ annual run rate within six months. We help brands launch, manage and grow on Amazon, supporting the full channel from strategy through execution.

Is Amazon something you're looking at?

Yoni
",,2026-09-25T15:35:53
1 - Confirmed on Amazon,Las Vegas Souvenir & Resort Gift Show 2026,Little Joys,YES on Amazon (SmartScout),Little Joys,480.0,7.0,4.33,3442.0,Children's Vitamins,,Little Joys,,Yes,close,name matches but subcategory (children's vitamins) may be a different company,,,Not needed,,,,,SmartScout,Little Joys,exact,Health & Household,Children's Vitamins,480,75804.89,7,3442,4.33,35.43,0.29,,0,-0.589,,False,,"Little Joys Omega-3 (DHA) Brain Gummies for Kids 7-12 Years | B0FM3XWXL7 | $240; Little Joys DHA Omega 3 Brain Gummies for Toddlers 2-6 Years | B0FM3YZST7 | $240; Little Joys Hazelnut Chocolate Spread, 10.58 Oz | B0FJDQ3JHF | $0; Little Joys Chocolate Spread, 26.45 Oz | B0DFWL9G2Z | $0; Little Joys Mixed Nuts Chocolate Spread for Kids, 10.58 Oz | B0G1MVVDF3 | $0",Mosaic Wellness INC: 100%,1,Brand direct,0,Brand direct via parent (Mosaic Wellness); strong review base but volume has collapsed to under $500 a month,"Mosaic Wellness INC 100% (parent company); monthly rev ~$480; TTM ~$76k; MoM -59%; 3,442 reviews; 7 products",Little Joys on Amazon US,"Hi {{first_name}},

Saw you're exhibiting at the Las Vegas Souvenir & Resort Gift Show next week.

Looking at your listings, Little Joys did about $75k on Amazon US over the trailing year, but it is now under $500 a month and dropped close to 60% last month. Two omega-3 gummy listings are all that is moving, and the chocolate spreads show no sales. With nearly 3,500 reviews on the catalog, that is a channel that had traction and lost it.

We manage Amazon for brands end to end, including strategy, content, advertising, inventory and operations.

Is it worth a short call to look at what changed?

Yoni
",Mosaic Wellness is Little Joys' parent company; treated as brand direct,2026-09-25T15:35:53
1 - Confirmed on Amazon,FNCE 2025,Just Made,YES on Amazon (SmartScout),JUST MADE,449.9,3.0,4.8,42.0,Fruit Juice Beverages,,Just Made,,Yes,exact,,,,Not needed,,,,,SmartScout,JUST MADE,exact,Grocery & Gourmet Food,Fruit Juice Beverages,449.9,8773.53,3,42,4.8,27.99,0.33,,0,0,,False,,"JUST MADE JUICE Pineapple Ginger Juice, 11.8 FZ | B0CPQ95VYB | $450; JUST MADE JUICE Mango Moringa Juice, 11.8 FZ | B07QDPBZDW | $0; JUST MADE | JUST TOWELS Disposable Face Towel, 60 Count | B09ZLXNNDS | $0",Just Made Foods: 100%,1,Brand direct,0,"Barely on Amazon: one juice listing selling, under $500 a month, sold direct",Brand direct 100%; monthly rev ~$450; 1 active ASIN; 42 reviews; avg rating 4.8,Just Made on Amazon,"Hi {{first_name}},

Saw that Just Made exhibited at FNCE last year.

From what we can see, Just Made is on Amazon with one juice listing actually selling, the pineapple ginger, at under $500 a month, sold direct, with about 40 reviews and a 4.8 rating. So the channel is essentially a placeholder right now, which for a cold-pressed juice brand may be deliberate, but it is also where shelf-stable and multipack products in your category do real volume.

We recently helped a brand go from no Amazon presence to a $1M+ annual run rate within six months. We manage the channel end to end.

Is Amazon something you're looking at?

Yoni
",profile pulled via query_analytics fallback,2026-09-25T15:49:25
1 - Confirmed on Amazon,Las Vegas Souvenir & Resort Gift Show 2026,"Joe Blow T's, Inc.",YES on Amazon (SmartScout),Joe Blow,428.79,8.0,4.75,865.0,Automotive Interior Safety Products,,Joe Blow T's,,Yes,close,"Joe Blow T's (0 products, same subcategory)",,,Not needed,,,,,SmartScout,Joe Blow,exact,Automotive,Automotive Interior Safety Products,428.79,4679.05,8,865,4.75,26.1,2.63,,0,-1,,False,,"Joe Blow GM Chevy Truck Dealer Scene 67-72 Adult T-Shirt, X-Large | B01B0WUHDG | $375; Joe Blow T's Chevy Chevelle, Camaro, Nova & Impala Muscle Car T-Shirt, XX-Large | B01KYN12S6 | $28; Chevy Chevelle, Camaro, Nova & Impala Muscle Car T-Shirt, X-Large | B01KYN10JC | $26; Joe Blow GM Chevy Truck Dealer Scene 67-72 Adult T-Shirt, Medium | B01B0WUNB2 | $0; Joe Blow T's Chevy Muscle Car T-Shirt, Small | B01LEF3Z74 | $0","SR1 Performance USA: 75.1%; Zentra, LLC: 12.3%; CycleServe Store: 9.0%; TIS CA: 3.6%; GoodSpeedUSA: 0%",5,Third-party resellers,100.0,Barely on Amazon; sold by resellers (SR1 Performance 75%); one tee listing moving,SR1 Performance USA 75.1%; brand direct 0%; monthly rev ~$430; 865 reviews; avg rating 4.75,Joe Blow T's on Amazon,"Hi {{first_name}},

Saw you're exhibiting at the Las Vegas Souvenir & Resort Gift Show next week.

Looking at your listings, Joe Blow T's are on Amazon at under $500 a month, sold by resellers like SR1 Performance rather than by you, with one Chevy truck tee doing nearly all of it. The reviews are strong, about 850 at a 4.75 average, so the demand is real. The channel just isn't built or owned.

We recently helped a brand go from no Amazon presence to a $1M+ annual run rate within six months. We manage the channel end to end.

Is Amazon something you're looking at?

Yoni
",,2026-09-25T15:49:25
1 - Confirmed on Amazon,Las Vegas Souvenir & Resort Gift Show 2026,Capsmith Inc,YES on Amazon (SmartScout),Capsmith,418.02,3.0,4.53,259.0,Sports Fan Skullies & Beanies,,Capsmith,,Yes,exact,Capsmiths (unrelated),,,Not needed,,,,,SmartScout,Capsmith,exact,Sports & Outdoors,Sports Fan Skullies & Beanies,418.02,18548.79,3,259,4.53,18.93,3.33,,0,0.781,,False,,Blue Officially Licensed US USN Navy Eagle Embroidered Beanie | B0784GVM26 | $216; Danbanna Deluxe Black Orange Just Ride Eagle Head Wrap Cap | B07FBM2G6W | $122; Capsmith Black Gold US USMC Marines Licensed Cuff Watch Cap Beanie | B074W6VBX9 | $80,"Zentra, LLC: 57.2%; Vagabond Joes 2: 26.9%; Lunch money: 15.8%",3,Third-party resellers,100.0,Barely on Amazon; sold entirely by resellers; trailing year ~$19k vs ~$400 now,Zentra 57.2%; Vagabond Joes 26.9%; brand direct 0%; monthly rev ~$420; TTM ~$18.5k; 259 reviews,Capsmith on Amazon,"Hi {{first_name}},

Saw you're exhibiting at the Las Vegas Souvenir & Resort Gift Show next week.

From what we can see, Capsmith licensed military beanies did about $18k on Amazon over the trailing year, all through resellers like Zentra and Vagabond Joes, and are now down to a few hundred dollars a month. We don't see a Capsmith account. Licensed Navy and Marines caps are exactly what sells on Amazon around the holidays if someone owns the listings.

We recently helped a brand go from no Amazon presence to a $1M+ annual run rate within six months. We manage the channel end to end.

Is Amazon something you're looking at?

Yoni
",,2026-09-25T15:49:25
1 - Confirmed on Amazon,Las Vegas Souvenir & Resort Gift Show 2026,The Bear Factory,YES on Amazon (SmartScout),The Bear Factory,321.12,3.0,4.57,275.0,Stuffed Animal Clothing,,Bear Factory,,Yes,exact,Bear Factory (0 products); Boo Bear Factory (different),,,Not needed,,,,,SmartScout,The Bear Factory,exact,Toys & Games,Stuffed Animal Clothing,321.12,18994.44,3,275,4.57,15.18,0.67,,0,0.454,-0.364,False,,"Construction Worker with Hard Hat Outfit Teddy Bear Clothes by Bear Factory | B00OVJ0GW8 | $321; Blue Jean Shorts Teddy Bear Clothes Fit 14"" - 18"" | B007RHLYWC | $0; The Bear Factory Cowboy Outfit for 15 Thru 19 inch Animals & Dolls | B005DLFNCQ | $0",GetHyped USA: 66.2%; ZTRONWARD: 33.8%; The Zoo Factory: 0%,3,Third-party resellers,100.0,Barely on Amazon; sold by resellers (GetHyped USA 66%); trailing year ~$19k vs ~$300 now,GetHyped USA 66.2%; ZTRONWARD 33.8%; brand direct 0%; monthly rev ~$320; TTM ~$19k; 275 reviews,The Bear Factory on Amazon,"Hi {{first_name}},

Saw you're exhibiting at the Las Vegas Souvenir & Resort Gift Show next week.

Looking at your listings, The Bear Factory outfits did close to $20k on Amazon over the trailing year but are down to a few hundred dollars a month now, all sold by resellers like GetHyped USA. We don't see a Bear Factory account. Build-a-bear clothes are a steady Amazon search, and the brand is not the one answering it.

We recently helped a brand go from no Amazon presence to a $1M+ annual run rate within six months. We manage the channel end to end.

Is Amazon something you're looking at?

Yoni
",profile pulled via query_analytics fallback,2026-09-25T15:49:25
1 - Confirmed on Amazon,Las Vegas Souvenir & Resort Gift Show 2026,Sona Enterprises,YES on Amazon (SmartScout),Sona Enterprises,244.58,2.0,4.1,333.0,Pin Punches,,Sona,,Yes,exact,"'Sona' alone returned unrelated brands (Sonax, Jeasona); matched on retry 'Sona Enterprises'",,,Not needed,,,,,SmartScout,Sona Enterprises,exact,Tools & Home Improvement,Pin Punches,244.58,2142.77,2,333,4.1,17.47,3,,0,,,False,,SE 18-Piece Drive Pin Punch Set - ST3018 | B000ZEABGO | $182; SE Drive Pin Punches - Set of 4 Pcs - ST1023I | B00C1MEANI | $63,Buy Sharp Eye: 100%,1,Third-party resellers,100,Barely on Amazon; two SE tool listings sold by a reseller; small,Buy Sharp Eye 100%; brand direct 0%; monthly rev ~$245; 2 products; 333 reviews,Sona Enterprises on Amazon,"Hi {{first_name}},

Saw you're exhibiting at the Las Vegas Souvenir & Resort Gift Show next week.

From what we can see, the Sona Enterprises listings on Amazon come down to two SE pin punch sets doing a few hundred dollars a month, sold by a reseller called Buy Sharp Eye rather than by you. There are over 300 reviews between them, so people find and buy them. There is just no brand behind the listings on Amazon.

We recently helped a brand go from no Amazon presence to a $1M+ annual run rate within six months. We manage the channel end to end.

Is Amazon something you're looking at?

Yoni
",profile pulled via query_analytics fallback; SmartScout record may be a partial view of the SE catalog,2026-09-25T15:49:25
1 - Confirmed on Amazon,Las Vegas Souvenir & Resort Gift Show 2026,Green Tree Jewelry,YES on Amazon (SmartScout),Green Tree Jewelry,205.92,1.0,4.6,118.0,Women's Drop & Dangle Earrings,,Green Tree Jewelry,,Yes,exact,,,,Not needed,,,,,SmartScout,Green Tree Jewelry,exact,Toys & Games,Women's Drop & Dangle Earrings,205.92,4252.52,1,118,4.6,15.84,2,,0,,,False,,Puerto Rican Flag Earrings | B08SQQJ49S | $206,"Zentra, LLC: 50.5%; Artisan Owl: 49.5%",2,Third-party resellers,100.0,Effectively not on Amazon: one earring listing sold by two resellers,Zentra 50.5%; Artisan Owl 49.5%; brand direct 0%; 1 product; monthly rev ~$200; 118 reviews,Green Tree Jewelry on Amazon,"Hi {{first_name}},

Saw you're exhibiting at the Las Vegas Souvenir & Resort Gift Show next week.

Looking at your listings, Green Tree Jewelry is on Amazon as a single pair of Puerto Rican flag earrings, sold by two resellers, doing about $200 a month. That is the whole presence for a brand with a full wooden jewelry line. For gift and souvenir jewelry, Amazon is usually the biggest single shelf a brand can get onto.

We recently helped a brand go from no Amazon presence to a $1M+ annual run rate within six months. We manage the channel end to end.

Is Amazon something you're looking at?

Yoni
",,2026-09-25T15:49:25
1 - Confirmed on Amazon,Las Vegas Souvenir & Resort Gift Show 2026,Whitney Howard Designs,YES on Amazon (SmartScout),Whitney Howard Designs,169.91,15.0,4.43,155.0,Decorative Hanging Ornaments,,Whitney Howard Designs,,Yes,exact,,,,Not needed,,,,,SmartScout,Whitney Howard Designs,exact,Home & Kitchen,Decorative Hanging Ornaments,169.91,7168.93,15,155,4.43,17.32,2.07,,0,,,False,,"Whitney Howard Designs Memorial Ornament, Double Sided Pewter | B0FVGK6979 | $80; Whitney Howard Designs Music Christmas Ornament | B07XYH2PYW | $60; Whitney Howard Designs Forever in My Heart Pet Sympathy Gift | B0B1GRQ7G6 | $15; Whitney Howard Designs in Loving Memory Pet Memorial Gift | B0B1FQZGJF | $15; Whitney Howard Designs Peace on Earth Christmas Ornament | B07J3RV4X8 | $0",Whitney Howard Designs: 94.6%; Hour Loop: 5.4%,2,Brand direct,5.4,"Brand direct, 15 listings, under $200 a month; channel never built",Brand direct 94.6%; monthly rev ~$170; 15 products; 155 reviews; avg rating 4.43,Whitney Howard Designs on Amazon,"Hi {{first_name}},

Saw you're exhibiting at the Las Vegas Souvenir & Resort Gift Show next week.

From what we can see, Whitney Howard Designs has about 15 ornament and memorial gift listings on Amazon, sold direct, doing under $200 a month between them with around 150 reviews. Memorial and pet sympathy gifts are a search people make year round, and Christmas ornaments are about to peak, so the listings exist at the right moment without anything pushing them.

We recently helped a brand go from no Amazon presence to a $1M+ annual run rate within six months. We manage the channel end to end.

Is Amazon something you're looking at more seriously?

Yoni
",,2026-09-25T15:49:25
1 - Confirmed on Amazon,Las Vegas Souvenir & Resort Gift Show 2026,ZOOCCHINI / FlapjackKids,YES on Amazon (SmartScout),ZOOCCHINI,130.71,18.0,4.39,513.0,Baby Boys' Leggings,,ZOOCCHINI,,Yes,exact,,,,Not needed,,,,,SmartScout,ZOOCCHINI,exact,Health & Household,Baby Boys' Leggings,130.71,13345.45,18,513,4.39,21.48,1.06,Listr,0,-0.718,,False,,"ZOOCCHINI Toddler 3-Pack Potty Training Pants, Ocean Friends, 3T-4T | B016L7LRVG | $33; ZOOCCHINI Grip+Easy Comfort Crawler Legging & Socks Set (12-18 Months, Bosley the Bear) | B07H7BSSTR | $20; ZOOCCHINI Baby/Toddler Crawling Pants, 6-12 Months, Sherman The Shark | B0777RZ8G6 | $20; ZOOCCHINI Baby/Toddler Crawling Pants, 12-18 Months, Allie The Alicorn | B0777RCHTY | $20; ZOOCCHINI Baby/Toddler Crawling Pants, 12-18 Months, Fiona The Fawn | B07H7CK5JM | $20",Zoocchini: 100%,1,Brand direct,0,"Brand direct but collapsed: trailing year ~$13k, now ~$130 a month across 18 listings",Brand direct 100%; monthly rev ~$130; TTM ~$13k; MoM -72%; 18 products; 513 reviews,Zoocchini on Amazon,"Hi {{first_name}},

Saw you're exhibiting at the Las Vegas Souvenir & Resort Gift Show next week.

Looking at your listings, Zoocchini did about $13k on Amazon over the trailing year, sold direct, and is now at just over $100 a month across 18 listings, with last month down more than 70%. There are over 500 reviews on the catalog, so the crawler pants and training pants had traction once. It looks like the channel has been left to drift.

We manage Amazon for brands end to end, including strategy, content, advertising, inventory and operations.

Would it make sense to have a quick conversation?

Yoni
",exhibitor also lists FlapjackKids; only Zoocchini queried,2026-09-25T15:49:25
1 - Confirmed on Amazon,Las Vegas Souvenir & Resort Gift Show 2026,Blank Tag Co. Stickers,YES on Amazon (SmartScout),Blank Tag Co.,74.97,1.0,4.5,35.0,Kids' Stickers,,Blank Tag Co. Stickers,,Yes,exact,,,,Not needed,,,,,SmartScout,Blank Tag Co.,close,Office Products,Kids' Stickers,74.97,0,1,,,,,,0,,,False,,Strawberry Shortcake 5-Pack Sticker Bundle - Waterproof Stickers | B0DSXVNW2L | $75,"Blank Tag, LLC.: 100%",1,Brand direct,0,"Effectively not on Amazon: one sticker bundle, under $100 a month, sold direct","Blank Tag, LLC. 100%; 1 product; monthly rev ~$75",Blank Tag Co. on Amazon,"Hi {{first_name}},

Saw you're exhibiting at the Las Vegas Souvenir & Resort Gift Show next week.

From what we can see, Blank Tag Co. is on Amazon as a single Strawberry Shortcake sticker bundle doing under $100 a month, sold direct. That is the whole presence, and licensed waterproof stickers for water bottles and laptops are one of the more searched gift items on Amazon, so the catalog is not really there yet.

We recently helped a brand go from no Amazon presence to a $1M+ annual run rate within six months. We manage the channel end to end.

Is Amazon something you're looking at?

Yoni
",profile query returned empty; data from seller and product queries only,2026-09-25T15:49:25
1 - Confirmed on Amazon,Las Vegas Souvenir & Resort Gift Show 2026,RexTooth Studios,YES on Amazon (SmartScout),Rextooth Studios,59.85,1.0,4.6,26.0,Children's Comics & Graphic Novels,,RexTooth Studios,,Yes,exact,,,,Not needed,,,,,SmartScout,Rextooth Studios,exact,Books,Children's Comics & Graphic Novels,59.85,159.6,1,26,4.6,19.95,4,,0,-1,,False,,End of the Ice Age | 159152220X | $60,Rextooth Studios: 100%,1,Brand direct,0,"Effectively not on Amazon: one book, a few copies a month",Brand direct 100%; 1 product; monthly rev ~$60; 26 reviews,Rextooth Studios on Amazon,"Hi {{first_name}},

Saw you're exhibiting at the Las Vegas Souvenir & Resort Gift Show next week.

Looking at your listings, Rextooth Studios is on Amazon as one title, End of the Ice Age, selling a few copies a month with a 4.6 rating. So the rest of the dinosaur comics and books are not on the biggest bookshelf in the country. That is worth a conversation on its own, whether or not the answer is to build it out.

We recently helped a brand go from no Amazon presence to a $1M+ annual run rate within six months. We manage the channel end to end.

Is Amazon something you're looking at?

Yoni
",small publisher; weaker fit,2026-09-25T15:49:25
1 - Confirmed on Amazon,Las Vegas Souvenir & Resort Gift Show 2026,East View Map Link,YES on Amazon (SmartScout),East View Map Link,48.96,1.0,5.0,2.0,Fishing Charts & Maps,,East View Map Link,,Yes,exact,,,,Not needed,,,,,SmartScout,East View Map Link,exact,Electronics,Fishing Charts & Maps,48.96,3038.91,1,2,5,24.48,1,,0,0,,False,,NOAA Chart 25641 Virgin Islands by East View Geospatial | B011W87NE4 | $49,East View Map Link: 100%,1,Brand direct,0,"Effectively not on Amazon: one chart listing, a couple of sales a month",Brand direct 100%; 1 product; monthly rev ~$50; 2 reviews,East View Map Link on Amazon,"Hi {{first_name}},

Saw you're exhibiting at the Las Vegas Souvenir & Resort Gift Show next week.

From what we can see, East View Map Link is on Amazon as a single NOAA chart listing selling a couple of copies a month. For a map and chart catalog of your size, that means the Amazon channel is essentially untouched, and printed charts and regional maps are a steady search on Amazon for boaters and travelers.

We recently helped a brand go from no Amazon presence to a $1M+ annual run rate within six months. We manage the channel end to end.

Is Amazon something you're looking at?

Yoni
",map publisher/distributor; weaker fit,2026-09-25T15:49:25
1 - Confirmed on Amazon,Las Vegas Souvenir & Resort Gift Show 2026,Squire Boone Village,YES on Amazon (SmartScout),Squire Boone Village,46.8,3.0,3.83,124.0,Kids' Play Dinosaur & Prehistoric Creature Figures,,Squire Boone Village,,Yes,exact,,,,Not needed,,,,,SmartScout,Squire Boone Village,exact,Toys & Games,Kids' Play Dinosaur & Prehistoric Creature Figures,46.8,2995.09,3,124,3.83,3.9,1,,0,-0.102,,False,,Squire Boone Village Junior Megasaur Mystery Egg | B08K711GG3 | $47; Childrens Orange Construction Lighted Miner Hard Hat | B00B7LVU5U | $0; Childrens Construction Lighted Miner Hard Hat Bright Blue | B00LPTPCJY | $0,ToyWiz: 95.7%; CJ Linked Inc: 4.3%,2,Third-party resellers,100.0,Effectively not on Amazon: one mystery egg listing sold by a reseller (ToyWiz),ToyWiz 95.7%; brand direct 0%; 3 products; monthly rev ~$47; 124 reviews,Squire Boone Village on Amazon,"Hi {{first_name}},

Saw you're exhibiting at the Las Vegas Souvenir & Resort Gift Show next week.

Looking at your listings, Squire Boone Village products are on Amazon as a couple of listings, mainly the dinosaur mystery egg, sold by a reseller called ToyWiz, at under $50 a month. So the brand is effectively not on Amazon, and the souvenir toy and gemstone items you make are exactly what people search for as gifts and party favors there.

We recently helped a brand go from no Amazon presence to a $1M+ annual run rate within six months. We manage the channel end to end.

Is Amazon something you're looking at?

Yoni
",,2026-09-25T15:49:25
1 - Confirmed on Amazon,Las Vegas Souvenir & Resort Gift Show 2026,Little Critterz,YES on Amazon (SmartScout),Little Critterz,38.97,1.0,4.8,58.0,Collectible Figurines,,Little Critterz,,Yes,exact,,,,Not needed,,,,,SmartScout,Little Critterz,exact,Home & Kitchen,Collectible Figurines,38.97,77.94,1,58,4.8,12.99,2,,0,,,False,,Little Critterz Tuxedo Kitten Porcelain Figurine Chessie | B00689GCI6 | $39,Little Critterz: 100%,1,Brand direct,0,"Effectively not on Amazon: one porcelain figurine listing, a few sales a month",Brand direct 100%; 1 product; monthly rev ~$40; 58 reviews; avg rating 4.8,Little Critterz on Amazon,"Hi {{first_name}},

Saw you're exhibiting at the Las Vegas Souvenir & Resort Gift Show next week.

From what we can see, Little Critterz is on Amazon as a single kitten figurine listing, sold direct, doing a few sales a month with a 4.8 rating on about 60 reviews. That is the entire presence for a collectible figurine line, in a category where collectors search by animal and buy several at a time.

We recently helped a brand go from no Amazon presence to a $1M+ annual run rate within six months. We manage the channel end to end.

Is Amazon something you're looking at?

Yoni
",,2026-09-25T15:49:25
1 - Confirmed on Amazon,Las Vegas Souvenir & Resort Gift Show 2026,Something Wild Inc.,YES on Amazon (SmartScout),Something Wild,32.91,1.0,5.0,23.0,Children's Zoo Books,,Something Wild,,Yes,close,Something Wild in California (SWIC) (different),,,Not needed,,,,,SmartScout,Something Wild,exact,Books,Children's Zoo Books,32.91,228.86,1,23,5,10.97,1,,100,,,False,,Something Wild children's zoo book (single title) |  | $33,Amazon.com: 100%,1,Amazon 1P,0,"Effectively not on Amazon: one children's book sold by Amazon, a few copies a month",Amazon 1P 100%; 1 product; monthly rev ~$33; 23 reviews,Something Wild on Amazon,"Hi {{first_name}},

Saw you're exhibiting at the Las Vegas Souvenir & Resort Gift Show next week.

Looking at your listings, Something Wild is on Amazon as one children's zoo book sold by Amazon itself, moving a few copies a month with a 5 star average on about 20 reviews. The rest of the range is not there. For a kids' book and gift publisher, that is the biggest channel in the country left almost entirely unused.

We recently helped a brand go from no Amazon presence to a $1M+ annual run rate within six months. We manage the channel end to end.

Is Amazon something you're looking at?

Yoni
","small publisher; weaker fit; product title not returned, single ASIN",2026-09-25T15:49:25
1 - Confirmed on Amazon,Las Vegas Souvenir & Resort Gift Show 2026,Bicast Inc.,YES on Amazon (SmartScout),Bicast,0.0,3.0,4.5,14.0,Wall Calendars,,Bicast,,Yes,close,"Bicaster (unrelated), Bicast Publishing (0 products)",,,Not needed,,,,,SmartScout,Bicast,close,Office Products,Wall Calendars,0,0,3,,,,,,0,,,False,,"2024 Outer Banks 14 Month Calendar (12 x 12) | B0CCPNHK7T | $0; 2024 Outer Banks 14 Month Calendar (8 x 10) | B0CCPP1883 | $0; 2024 Williamsburg, Jamestown & Yorktown 14 Month Calendar | B0CCPLYPQP | $0",,0,,0,Effectively not on Amazon: only out-of-date 2024 calendars listed with no sales,3 products (2024 calendars); monthly rev $0; no active sellers; profile query failed twice,Bicast calendars on Amazon,"Hi {{first_name}},

Saw you're exhibiting at the Las Vegas Souvenir & Resort Gift Show next week.

From what we can see, the only Bicast listings on Amazon are 2024 Outer Banks and Williamsburg calendars with no sales and no active seller. So the brand is not on Amazon in any real sense, and regional calendars are a Q4 gift item people do search for by place name.

We recently helped a brand go from no Amazon presence to a $1M+ annual run rate within six months. We manage the channel end to end.

Is Amazon something you're looking at?

Yoni
",profile query failed on fast path and query_analytics; sellers empty; treated as effectively not on Amazon,2026-09-25T15:49:25
1 - Confirmed on Amazon,Las Vegas Souvenir & Resort Gift Show 2026,Spin Copter,YES on Amazon (SmartScout),Spin Copter,0.0,1.0,4.5,11.0,Unmanned Aerial Vehicles (UAVs),,Spin Copter,,Yes,exact,"1 product, 0 revenue (near-inactive)",,,Not needed,,,,,SmartScout,Spin Copter,exact,Industrial & Scientific,Unmanned Aerial Vehicles (UAVs),0,50.02,1,11,4.5,30.87,0,,0,,,False,,LED Spincopter (5) | B07QP7YG8S | $0,Rojay Party: 0%,1,Mixed,0,"Effectively not on Amazon: one listing, no sales, held by a party-supply reseller",Rojay Party (no revenue); 1 product; monthly rev $0; 11 reviews,Spin Copter on Amazon,"Hi {{first_name}},

Saw you're exhibiting at the Las Vegas Souvenir & Resort Gift Show next week.

Looking at your listings, Spin Copter is on Amazon as a single LED spincopter listing with no sales this month, held by a party-supply reseller rather than by you. Light-up flying toys are a strong Amazon impulse buy, especially in Q4, and right now the brand isn't in that market at all.

We recently helped a brand go from no Amazon presence to a $1M+ annual run rate within six months. We manage the channel end to end.

Is Amazon something you're looking at?

Yoni
",,2026-09-25T15:49:25
1 - Confirmed on Amazon,Las Vegas Souvenir & Resort Gift Show 2026,SUNLIGHT ART LLC,YES on Amazon (SmartScout),Sunlight Art,0.0,1.0,4.5,2.0,Garden Suncatchers,,SUNLIGHT ART,,Yes,exact,"1 product, 0 revenue (near-inactive)",,,Not needed,,,,,SmartScout,Sunlight Art,exact,"Patio, Lawn & Garden",Garden Suncatchers,0,0,1,2,4.5,12.75,1,,0,,,False,,Sunlight Art Two Blue and Black Hummingbirds Suncatcher Window Panel | B0C9WGL2N6 | $0,The Performers Collection: 0%,1,Mixed,0,"Effectively not on Amazon: one suncatcher listing, no sales, held by a reseller",The Performers Collection (no revenue); 1 product; monthly rev $0; 2 reviews,Sunlight Art on Amazon,"Hi {{first_name}},

Saw you're exhibiting at the Las Vegas Souvenir & Resort Gift Show next week.

From what we can see, Sunlight Art is on Amazon as one hummingbird suncatcher listing with no sales, held by a reseller called The Performers Collection rather than by you. So the brand is effectively not on Amazon, and window art and suncatchers are a steady gift search there.

We recently helped a brand go from no Amazon presence to a $1M+ annual run rate within six months. We manage the channel end to end.

Is Amazon something you're looking at?

Yoni
",,2026-09-25T15:49:25
1 - Confirmed on Amazon,Las Vegas Souvenir & Resort Gift Show 2026,Tell Industries,YES on Amazon (SmartScout),TELL INDUSTRIES,0.0,2.0,4.5,27.0,Craft & Sewing Supplies Storage,,Tell,,Yes,exact,"'Tell' alone returned unrelated brands (STELLE, Stella & Chewy's); matched on retry 'Tell Industries'; 2 products, 0 revenue",,,Not needed,,,,,SmartScout,TELL INDUSTRIES,exact,"Arts, Crafts & Sewing",Craft & Sewing Supplies Storage,0,0,2,27,4.5,34.99,0,Tell Industries LLC,0,,,False,,TELL INDUSTRIES 129 oz Hexagon Wide Mouth Plastic Storage Container with Lid (1) | B0CCK4582F | $0; TELL INDUSTRIES 129 oz Hexagon Plastic Storage Container with Lid (4) | B0CCK565PD | $0,,0,,0,Effectively not on Amazon: two container listings with no sales,Tell Industries LLC (no active sales); 2 products; monthly rev $0; 27 reviews,Tell Industries on Amazon,"Hi {{first_name}},

Saw you're exhibiting at the Las Vegas Souvenir & Resort Gift Show next week.

Looking at your listings, Tell Industries has two hexagon storage container listings on Amazon with no sales this month and about 27 reviews between them. So the brand is on Amazon in name only. Clear storage jars are a big, searched category there, and it looks like the listings were set up and left.

We recently helped a brand go from no Amazon presence to a $1M+ annual run rate within six months. We manage the channel end to end.

Is Amazon something you're looking at more seriously?

Yoni
",,2026-09-25T15:49:25
"2 - Possible, verify",FLIBS 2026,Awlgrip/Interlux/SeaHawk,"LISTED on Amazon, reseller / seller unclear (direct Amazon verification)",,,,,,,https://www.amazon.com/dp/B00GLL1HJU,Awlgrip,,No (SmartScout monthly quota exhausted),,,Not checked,,Possible,No brand store found; sold by Merritt Supply,Awlgrip,,Third-party resellers,Yes,Awlgrip,exact,Sports & Outdoors,Boat Painting Supplies,18945.24,252116.84,21,505,4.62,80.69,8.38,,0,-0.215,,False,,"Awlgrip Awlcat #3 Brush Top Coat Converter, Pint | B000N9O9NM | $2,966; Awlgrip 545 Epoxy Primer Converter Gallon | B000N9RLUU | $1,910; Awlgrip Awlcare Polymer Sealer, 1/2 Gallon | B002IZHHA6 | $1,816; Awlgrip Awlcat #3 Brush Top Coat Converter, 1/2 Gallon | B002IZHGIO | $1,560; Awlgrip AWLWASH Wash Down Concentrate | B000N9RL2S | $1,506",Merritt Supply: 52.1%; Boats & More: 39.8%; Atlantic Boat Supply: 5.3%; Autoplicity: 1.4%; Island Marine: 0.7%,6,Third-party resellers,99.9,"Sold entirely by marine supply resellers (Merritt Supply 52%, Boats & More 40%); no brand account; large parent",Merritt Supply 52.1%; Boats & More 39.8%; brand direct 0%; monthly rev ~$19k; TTM ~$252k; 505 reviews; MoM -21.5%,Awlgrip on Amazon,"Hi {{first_name}},

Saw you're exhibiting at FLIBS next month.

From what we can see, Awlgrip products do roughly $19k a month on Amazon, and all of it is sold by marine distributors, mostly Merritt Supply and Boats & More, with no Awlgrip account in the mix. That is consistent with what we saw on the listings directly. For a brand at Awlgrip's level, the pricing, content and Buy Box on Amazon are entirely in distributor hands.

We manage Amazon for brands end to end, including strategy, content, advertising, inventory and operations.

Would a 20 minute look at the Amazon side of the marine coatings be worth your time?

Yoni
","exhibitor lists Awlgrip/Interlux/SeaHawk (AkzoNobel brands); only Awlgrip queried; sheet amazon_sold_by = Third-party resellers, confirmed",2026-09-25T15:49:25
"2 - Possible, verify",FLIBS 2026,Bluewing Fishing,"LISTED on Amazon, reseller / seller unclear (direct Amazon verification)",,,,,,,https://www.amazon.com/stores/BLUEWING/page/E0C5E643-B0C0-4EC3-8C56-204096733575,Bluewing Fishing,,No (SmartScout monthly quota exhausted),,,Not checked,,Possible,Brand store; sold by Uniprime Outdoors,BLUEWING,https://www.amazon.com/stores/BLUEWING/page/E0C5E643-B0C0-4EC3-8C56-204096733575,Third-party resellers,Yes,BLUEWING,exact,Sports & Outdoors,Fishing Sinkers & Weights,366672.36,3647641.29,1213,4754,4.62,65.24,1.18,Uniprime Outdoors,0,0.029,,True,,"BLUEWING 2-Pack V4 Upgraded Sunshade Support Pole for Fishing Boats | B0G38F5BCJ | $12,644; BLUEWING Hollow Spectra Threading Splicing Needles Kit 23pcs | B0F8QD4GXL | $6,240; BLUEWING 12ft Heavy Duty Carbon Fiber Fishing Gaff | B0CQC5RDYM | $4,500; BLUEWING Monofilament Fishing Line 80 lbs 500 Yards | B0BKFXXKK5 | $4,418; BLUEWING 10ft Heavy Duty Carbon Fiber Fishing Gaff | B0CQCH9G2G | $3,602",Uniprime Outdoors: 100%,1,Brand direct,0,Large catalog sold through a single account (Uniprime Outdoors) with a thin review base for the volume,"Uniprime Outdoors 100% on 1,202 offers (treated as brand's own account); monthly rev ~$367k; TTM ~$3.6M; 1,213 products; 4,754 reviews; avg rating 4.62",Bluewing's review base on Amazon,"Hi {{first_name}},

Saw you're exhibiting at FLIBS next month.

From what we can see, Bluewing does roughly $370k a month on Amazon through a single seller account across about 1,200 listings, with a 4.6 average rating. That is a serious channel. The thing that stands out is the review base: under 5,000 reviews across all of it, so most listings are running on a handful each, which makes the catalog more dependent on ads than it should be at that size.

We manage Amazon for brands end to end, including strategy, content, advertising, inventory and operations.

Open to a short call on the review and content side?

Yoni
","sheet amazon_sold_by = Third-party resellers (Uniprime Outdoors); fresh data shows Uniprime as the sole seller on 1,202 offers, treated as brand's own operating account; disagreement noted",2026-09-25T15:49:25
1 - Confirmed on Amazon,FLIBS 2026,BOTE,YES on Amazon (direct Amazon verification),,,,,,,https://www.amazon.com/stores/BOTE/page/D4023E5E-40A8-4FE1-81F8-434E4E270B36,BOTE,,No (SmartScout monthly quota exhausted),,,Not checked,,Yes,Brand store; sold by BOTE,BOTE,https://www.amazon.com/stores/BOTE/page/D4023E5E-40A8-4FE1-81F8-434E4E270B36,Brand (Seller Central),Yes,BOTE,exact,Sports & Outdoors,Stand-Up Paddleboards,258322.38,3509115.17,169,1375,4.44,459.83,0.66,BOTE,0,-0.578,,False,,"BOTE WULF Aero 11'4"" Inflatable Paddle Board | B0GL9NRVBZ | $34,780; BOTE WULF Aero 10'4"" Inflatable Paddle Board | B0GL9NGWXN | $32,256; BOTE Hangout Sling Chair 1-Pack | B0DY8993GD | $22,161; BOTE Breeze Aero 11'6"" Inflatable Paddle Board | B0GWC91GDS | $19,604; BOTE Breeze Aero 11'6"" Inflatable Paddle Board | B0GWCKF4DF | $19,602",BOTE: 100%,1,Brand direct,0,Strong brand direct with a sharp seasonal drop; thin reviews for the price point,"Brand direct 100%; monthly rev ~$258k; TTM ~$3.5M; MoM -58%; 169 products; 1,375 reviews; avg price ~$460",BOTE's off-season on Amazon,"Hi {{first_name}},

Saw you're exhibiting at FLIBS next month.

Looking at your listings, BOTE does roughly $260k a month on Amazon, all sold direct, against a trailing year around $3.5M. Last month was down close to 60% with the season. At a $450 average price the catalog sits on under 1,400 reviews, and the off-season is usually when rank gets lost and has to be bought back in spring.

We manage Amazon for brands end to end, including strategy, content, advertising, inventory and operations.

Open to a short call on the off-season plan?

Yoni
","sheet amazon_sold_by = Brand (Seller Central), confirmed",2026-09-25T15:49:25
1 - Confirmed on Amazon,FLIBS 2026,Crazy Creek Products,YES on Amazon (direct Amazon verification),,,,,,,https://www.amazon.com/stores/CrazyCreekProducts/page/4DF818BB-B3A9-4C2E-8F6F-A3F904866AFC,Crazy Creek,,No (SmartScout monthly quota exhausted),,,Not checked,,Yes,Brand store; sold by Crazy Creek Products,Crazy Creek Products,https://www.amazon.com/stores/CrazyCreekProducts/page/4DF818BB-B3A9-4C2E-8F6F-A3F904866AFC,Brand (Seller Central),Yes,Crazy Creek Products,exact,Sports & Outdoors,Camping Chairs,166685.99,1959018.2,37,1402,4.4,76.42,0.81,,0.2,0.005,,True,,"Crazy Creek HEX 2.0 Original Chair, Olive/Slate | B09FB1MXV7 | $30,778; Crazy Creek The Chair | B0D47XC7F2 | $24,588; Crazy Creek HEX 2.0 Original Chair, Copper/Slate | B07CV96G3V | $16,998; Crazy Creek HEX 2.0 LongBack Chair | B09TWMTBKD | $11,033; Crazy Creek The Chair (variant) | B0D47V832M | $11,013",Crazy Creek Products: 99.8%; Amazon.com: 0.2%,2,Brand direct,0,"Strong brand direct, flat month, concentrated in two chair listings; scale angle","Brand direct 99.8%; monthly rev ~$167k; TTM ~$2.0M; 37 products; 1,402 reviews; top two ASINs ~$55k/mo combined",Crazy Creek on Amazon,"Hi {{first_name}},

Saw you're exhibiting at FLIBS next month.

From what we can see, Crazy Creek does roughly $170k a month on Amazon, sold direct, with the HEX 2.0 and The Chair carrying about a third of it between two listings. Growth is flat month to month, and the catalog sits on about 1,400 reviews, which for $2M a year is thin and keeps the ads working harder than they need to.

We manage Amazon for brands end to end, including strategy, content, advertising, inventory and operations.

Would it make sense to have a quick conversation about the next stage?

Yoni
","sheet amazon_sold_by = Brand (Seller Central), confirmed",2026-09-25T15:49:25
"2 - Possible, verify",FLIBS 2026,Cutco Cutlery,"LISTED on Amazon, reseller / seller unclear (direct Amazon verification)",,,,,,,https://www.amazon.com/dp/B009X55UYE,Cutco Cutlery,,No (SmartScout monthly quota exhausted),,,Not checked,,Possible,No brand store found; sold by buy Again,Cutco,,Third-party resellers,Yes,Cutco,exact,Kitchen & Dining,Dinner Knives,112700.26,1918297.76,37,6448,4.72,215.26,5.92,,0,-0.132,,False,,"CUTCO Model 1759 Table Knife | B00HK4LWOM | $11,522; CUTCO Model 1721 Trimmer | B009X55UYE | $10,787; CUTCO Super Shears/Scissors #77 | B07JDWBPPQ | $10,079; Cutco 4720 4"" Gourmet Paring Knife | B07T95TSX1 | $9,622; Cutco 19 Pc Kitchen Knife Set Cherry Wood Stand | B08FMTRFLW | $9,595",GJA Family Enterprise LLC: 18.9%; ReSellItRight: 11.3%; buy Again: 8.7%; iValueCookware: 7.4%; N&J Trading co.: 7.1%,6,Mixed,60.4,Direct-sales brand whose Amazon volume (~$113k/mo) is entirely unauthorized resellers,"GJA Family Enterprise 18.9%; ReSellItRight 11.3%; buy Again 8.7%; brand direct 0%; monthly rev ~$113k; TTM ~$1.9M; 6,448 reviews",Who sells Cutco on Amazon,"Hi {{first_name}},

Saw you're exhibiting at FLIBS next month.

From what we can see, Cutco does roughly $110k a month on Amazon, close to $2M over the trailing year, and every dollar is sold by third parties like GJA Family Enterprise and ReSellItRight, with no Cutco account, which matches what we saw on the listings directly. So the pricing, the content and the reviews on the table knives and shears are being built by people you don't control.

We manage Amazon for brands end to end, including strategy, content, advertising, inventory and operations.

Would a 20 minute conversation about what a brand-owned Amazon channel could look like be worth your time?

Yoni
","sheet amazon_sold_by = Third-party resellers, confirmed; Cutco is a direct-sales company and may not want Amazon",2026-09-25T15:49:25
"2 - Possible, verify",FLIBS 2026,DATREX,"LISTED on Amazon, reseller / seller unclear (direct Amazon verification)",,,,,,,https://www.amazon.com/dp/B0014ECZTU,DATREX,,No (SmartScout monthly quota exhausted),,,Not checked,,Possible,No brand store found; sold by My Merchant,Datrex,,Third-party resellers,Yes,Datrex,exact,Tools & Home Improvement,Home Emergency Survival Kits,64557.5,527897.62,17,9317,4.42,77.6,5.06,,0.7,0.101,,False,,"Datrex Emergency Water Packet 4.227 oz (18 Packs) | B0134DAXJ2 | $16,308; Datrex Emergency Survival Water Pouch (Pack of 64) | B00ANY4EXM | $14,489; Datrex Emergency Water Packet (24 Packs) | B0134DAXM4 | $11,070; Datrex Emergency Water Packet (12 packets) | B001CS53E2 | $6,063; Datrex DX024RD Life Ring w/Tape, Orange, 24 | B08WRC1CVL | $4,854",Better service stores: 36.8%; Kaizen8: 25.6%; FHS Retail: 13.1%; My Merchant: 6.6%; Poolweb: 5.1%,6,Third-party resellers,90.1,"Sold entirely through resellers (Better service stores 37%, Kaizen8 26%); no brand account","Better service stores 36.8%; Kaizen8 25.6%; FHS Retail 13.1%; brand direct 0%; monthly rev ~$65k; 9,317 reviews",Who sells Datrex on Amazon,"Hi {{first_name}},

Saw you're exhibiting at FLIBS next month.

Looking at your listings, Datrex does roughly $65k a month on Amazon, mostly the emergency water packets, and all of it is sold by resellers like Better service stores and Kaizen8, with no Datrex account. That matches what we saw directly. With over 9,000 reviews on the catalog, that is a brand asset where the price and the page are set by whoever has stock that month.

We manage Amazon for brands end to end, including strategy, content, advertising, inventory and operations.

Would it make sense to talk about taking that back?

Yoni
","sheet amazon_sold_by = Third-party resellers, confirmed",2026-09-25T15:49:25
"2 - Possible, verify",FLIBS 2026,Dometic,"LISTED on Amazon, reseller / seller unclear (direct Amazon verification)",,,,,,,https://www.amazon.com/dp/B0DVM1HDV6,Dometic,,No (SmartScout monthly quota exhausted),,,Not checked,,Possible,No brand store found; seller not shown; name from Amazon search label,Dometic,,Unknown,Yes,Dometic,exact,Automotive,RV Air Conditioners,2190724.57,20877698.14,455,61403,4.33,171.34,6.36,,34.1,-0.202,,True,,"Dometic Model 410 Complete RV Toilet, White | B0BZH4HQN2 | $254,458; Dometic FreshJet 3 Series 15K BTU RV Rooftop Air Conditioner | B0BGYXRMFM | $189,154; Dometic CFX5 95L Dual Zone Electric Cooler | B0DVLZYX4R | $130,989; Dometic CFX5 75L Dual Zone Electric Cooler | B0DVM1HDV6 | $117,481; Dometic CFX5 55L Electric Cooler with Ice Maker | B0DVLZL61N | $95,612",Amazon.com: 34.1%; Global Climate Alliance: 18.8%; CWDS: 18.0%; Autoplicity: 4.8%; Parts Via: 2.9%,6,Mixed,47.2,"Very large brand: Amazon 1P ~34% with resellers (Global Climate Alliance, CWDS) at ~60%+; narrow reseller-share angle",Amazon 1P 34.1%; Global Climate Alliance 18.8%; CWDS 18.0%; reseller share ~66%; monthly rev ~$2.19M; TTM ~$20.9M; MoM -20%,Dometic reseller share on Amazon,"Hi {{first_name}},

Saw you're exhibiting at FLIBS next month.

From what we can see, Dometic does roughly $2.2M a month on Amazon, and only about a third of it is Amazon as the vendor. Close to 40% is two resellers, Global Climate Alliance and CWDS, with another dozen behind them. Last month was down about 20%. I know Dometic has an Amazon team, so this is a narrow point: that reseller share is where pricing and content drift.

We manage Amazon for brands end to end, including strategy, content, advertising, inventory and operations.

Would a 20 minute look at the reseller side be worth your time?

Yoni
",very large brand (>$2M/mo); sheet amazon_sold_by = Unknown; fresh data shows mixed 1P and resellers,2026-09-25T15:49:25
"2 - Possible, verify",FLIBS 2026,Fujifilm North America Corporation,"LISTED on Amazon, reseller / seller unclear (direct Amazon verification)",,,,,,,https://www.amazon.com/stores/FUJIFILM/page/2528B9A9-8D24-443E-9D1B-EAFFFDE3CC60,Fujifilm,,No (SmartScout monthly quota exhausted),,,Not checked,,Possible,Brand store; sold by Wiz Distribution,Fujifilm,https://www.amazon.com/stores/FUJIFILM/page/2528B9A9-8D24-443E-9D1B-EAFFFDE3CC60,Third-party resellers,Yes,Fujifilm,exact,Electronics,Instant Film Cameras,18990000,301800000,1237,531618,4.55,522.45,3.99,,16.2,-0.042,,True,,"Fujifilm X100VI Digital Camera, Black | B0CV52JHNR | $821,291; Fujifilm Instax Mini Instant Film, 120 Exposures | B07NWRG5T4 | $578,162; Fujifilm X100VI Digital Camera, Silver (Japan) | B0CV523K92 | $428,065; Fujifilm X100VI Digital Camera, Silver | B0FC8MT38X | $366,963; Fujifilm Instax Mini Instant Film Twin Pack | B00EB4ADQW | $329,893",Amazon.com: 16.2%; The Tudak Store: 9.0%; 6ave: 5.7%; Quality Photo: 5.0%; Wholesale Photo: 4.9%,6,Mixed,28.9,"Very large brand; ~84% of revenue sold by third-party resellers, Amazon 1P ~16%; narrow reseller-layer ask","Amazon.com 16.2%; Tudak Store 9%; 6ave 5.7%; Quality Photo 5%; monthly rev ~$19M; 1,237 products; 531k reviews",Reseller layer on Fujifilm listings,"Hi {{first_name}},

Saw you're exhibiting at FLIBS next month.

From what we can see, Fujifilm does very serious volume on Amazon, but only about 16% of it is sold by Amazon directly. The rest goes through resellers like The Tudak Store, 6ave and Quality Photo, so pricing and the Buy Box on the X100 and Instax listings are shaped by a lot of hands. I know Fujifilm has an Amazon team. This is about the reseller layer, not the basics.

We manage Amazon for brands end to end, including strategy, content, advertising, inventory and operations.

Open to a 20 minute look at the third-party layer on your top listings?

Yoni
","very large brand, narrow ask; sheet third-party (Wiz Distribution) confirmed by fresh data",2026-09-25T16:07:06
"2 - Possible, verify",FLIBS 2026,"Furuno USA, Inc.","LISTED on Amazon, reseller / seller unclear (direct Amazon verification)",,,,,,,https://www.amazon.com/dp/B01M0DED5G,Furuno,,No (SmartScout monthly quota exhausted),,,Not checked,,Possible,"No brand store found; sold by The GPS Store, Inc.",Furuno,,Third-party resellers,Yes,Furuno,exact,Electronics,Fish Finders,16000,634800,23,273,4.04,562.53,19.09,Amazon.com,7.3,-0.349,,False,,"Furuno GP39 GPS/WAAS Navigator | B01M0DED5G | $5,376; Furuno FCV600 Fish Finder | B0DH7X11L1 | $3,954; Furuno FCV800 Fish Finder | B0DM3JMDZ8 | $3,152; Furuno 525T-BSD Transducer | B000OTLFHE | $1,618; Furuno Power Cord | B00286H700 | $677",ShipSound: 32.0%; Prime Marine: 17.6%; Advance Cycle Parts: 16.2%; Amazon.com: 7.3%; PEPE DEALS: 5.9%,6,Third-party resellers,77.3,"Sold by third-party resellers (ShipSound 32%, Prime Marine 18%, Advance Cycle Parts 16%); no brand account; month down ~35%",ShipSound 32%; Prime Marine 17.6%; Advance Cycle Parts 16.2%; Amazon.com 7.3%; monthly rev ~$16k; 23 products; MoM -34.9%,Furuno listings on Amazon,"Hi {{first_name}},

Saw you're exhibiting at FLIBS next month.

Looking at your listings, Furuno is doing about $16k a month on Amazon across roughly 20 products, with most of it sold by resellers like ShipSound, Prime Marine and Advance Cycle Parts. We don't see a Furuno account, and the GP39 and FCV600 listings are down sharply this month. For a brand of Furuno's standing in marine electronics, that footprint looks small and unmanaged.

We manage Amazon for brands end to end, including strategy, content, advertising, inventory and operations.

Would it make sense to have a quick conversation about owning the channel directly?

Yoni
",sheet third-party confirmed,2026-09-25T16:07:06
"2 - Possible, verify",FLIBS 2026,Garmin International,"LISTED on Amazon, reseller / seller unclear (direct Amazon verification)",,,,,,,https://www.amazon.com/dp/B0CG6NBJ61,Garmin,,No (SmartScout monthly quota exhausted),,,Not checked,,Possible,No brand store found; seller not shown; name from Amazon search label,Garmin,,Unknown,Yes,Garmin,exact,Electronics,Smartwatches,49400000,805600000,2349,631205,4.41,455.42,4.96,,57.4,-0.192,,False,,"Garmin vivoactive 5, Ivory | B0CG6NBJ61 | $1,690,000; Garmin Forerunner 165 | B0CT3SGHXL | $1,410,000; Garmin vivoactive 5, Black | B0CG6NR413 | $981,000; Garmin Forerunner 55 | B092RCLKHN | $832,000; Garmin Forerunner 265 | B0BS1T9J4Y | $769,000",Amazon.com: 57.4%; Beach Camera: 3.6%; 6ave: 3.4%; Frontrow Tech: 2.5%; Escape To Nature: 2.4%,6,Mixed,14.1,"Very large brand; Amazon 1P ~57%, third-party resellers ~43%; narrow marine-line ask","Amazon.com 57.4%; Beach Camera 3.6%; 6ave 3.4%; monthly rev ~$49M; 2,349 products; top listings all wearables",Garmin marine line on Amazon,"Hi {{first_name}},

Saw you're exhibiting at FLIBS next month.

From what we can see, Garmin does very large volume on Amazon, with Amazon itself selling about 57% and resellers like Beach Camera and 6ave splitting the rest. I know Garmin has an Amazon team, so this isn't a pitch on the basics. It's about the marine line specifically, where chartplotters and fish finders get less attention than the wearables and the third-party layer tends to set the price.

We manage Amazon for brands end to end, including strategy, content, advertising, inventory and operations.

Open to a 20 minute look at how the marine listings are performing versus the wearables?

Yoni
","very large brand, narrow ask; sheet sold_by Unknown; fresh data shows Amazon 1P 57% plus resellers (Mixed)",2026-09-25T16:07:06
"2 - Possible, verify",FLIBS 2026,Gtechniq Marine,"LISTED on Amazon, reseller / seller unclear (direct Amazon verification)",,,,,,,https://www.amazon.com/stores/GTECHNIQ/page/BBCE9890-82E6-42B2-ADC1-3C64D230519A,Gtechniq Marine,,No (SmartScout monthly quota exhausted),,,Not checked,,Possible,Brand store; sold by HARVARD MARINE,Gtechniq,https://www.amazon.com/stores/GTECHNIQ/page/BBCE9890-82E6-42B2-ADC1-3C64D230519A,Third-party resellers,Yes,Gtechniq,exact,Automotive,Automotive Top Coats,327200,4950000,86,32327,4.41,58.76,2.7,The Rag Company,0,0.03,,True,,"Gtechniq Crystal Serum Light 1.7oz | B07C4JRDY1 | $82,734; Gtechniq Crystal Serum Light 1oz | B07C546HRW | $44,441; Gtechniq C2 Liquid Crystal 16.9oz | B00CE03HYA | $15,454; Gtechniq C2 Liquid Crystal 33.8oz | B00JS3I96W | $13,023; Gtechniq C4 Permanent Trim Restorer | B00IOMDVWA | $10,547",Gtechniq NA: 57.8%; APEXLINE: 8.7%; JY & JY: 7.6%; Houdini: 6.1%; Bloom and Burrow: 5.0%,6,Mixed,30.6,"Brand sells ~58% direct; ~42% through resellers (APEXLINE, JY & JY, Houdini) on the same listings",Gtechniq NA 57.8%; APEXLINE 8.7%; JY & JY 7.6%; Houdini 6.1%; monthly rev ~$327k; 86 products; 32k reviews,Reseller share on Gtechniq listings,"Hi {{first_name}},

Saw you're exhibiting at FLIBS next month.

Looking at your listings, Gtechniq is doing about $330k a month on Amazon, and your own account sells roughly 58% of it. The other 42% goes through resellers like APEXLINE, JY & JY and Houdini, on the same Crystal Serum Light and C2 listings you're driving. That's a lot of margin and pricing control sitting with other sellers on a brand that's clearly working the channel.

We manage Amazon for brands end to end, including strategy, content, advertising, inventory and operations.

Would it make sense to have a quick conversation about tightening up the reseller side?

Yoni
",sheet says third-party (Harvard Marine); fresh data shows brand account Gtechniq NA at 58% with 42% resellers; trusting fresh (Mixed),2026-09-25T16:07:06
"2 - Possible, verify",FLIBS 2026,Guy Harvey,"LISTED on Amazon, reseller / seller unclear (direct Amazon verification)",,,,,,,https://www.amazon.com/stores/GuyHarvey/page/89D7D5FC-014D-4F54-8C3B-0418DE1A90E3,Guy Harvey,,No (SmartScout monthly quota exhausted),,,Not checked,,Possible,Brand store; sold by NG Labs Apparel,Guy Harvey,https://www.amazon.com/stores/GuyHarvey/page/89D7D5FC-014D-4F54-8C3B-0418DE1A90E3,Third-party resellers,Yes,Guy Harvey,exact,"Clothing, Shoes & Jewelry",Men's T-Shirts,79700,1240000,1112,11998,4.64,25.23,0.99,Guy Harvey by NG Labs,0,-0.328,,True,,"Guy Harvey Men's Threadcycled Short Sleeve T-Shirt | B0CSF5H9HD | $3,552; Guy Harvey Men's Long Sleeve T-Shirt | B0FD48SSXD | $1,290; Guy Harvey Men's Offshore Pocket T-Shirt | B0DTWCJJG3 | $980; Guy Harvey Men's Billfish T-Shirt | B0DTWX58J5 | $974; Guy Harvey Men's Offshore T-Shirt | B0DC4QK3FH | $891",NG Labs Apparel: 99.4%; ACMR: 0.4%; Dominion Bags: 0.2%; MM Depot: 0.0%; Tutors247: 0.0%,6,Brand direct,0.6,"Over 1,100 listings doing ~$80k a month (thin per listing); sold via licensee NG Labs; month down ~33%","NG Labs Apparel 99.4%; monthly rev ~$80k; 1,112 products; 12k reviews; MoM -32.8%",Guy Harvey catalog on Amazon,"Hi {{first_name}},

Saw you're exhibiting at FLIBS next month.

From what we can see, Guy Harvey has over 1,000 listings on Amazon but does about $80k a month, which works out to well under $100 per listing. It's sold through NG Labs Apparel and the month is down about a third. For a brand with this much recognition in the fishing world, that's a big catalog doing very little per SKU, which usually points to content, advertising and variation structure rather than demand.

We manage Amazon for brands end to end, including strategy, content, advertising, inventory and operations.

Open to a short call on where the catalog is leaving volume?

Yoni
","NG Labs Apparel is the apparel licensee; treated as brand direct, verify",2026-09-25T16:07:06
1 - Confirmed on Amazon,FLIBS 2026,HUK,YES on Amazon (direct Amazon verification),,,,,,,https://www.amazon.com/stores/HUK/page/5203FD97-C40B-4F09-928D-EC8DA4B26D59,HUK,,No (SmartScout monthly quota exhausted),,,Not checked,,Yes,Brand store; sold by Amazon.com,HUK,https://www.amazon.com/stores/HUK/page/5203FD97-C40B-4F09-928D-EC8DA4B26D59,Amazon (Vendor),Yes,HUK,exact,"Clothing, Shoes & Jewelry",Men's Rain Boots,1990000,35300000,7276,66547,4.7,46.8,1.2,Amazon.com,84.9,-0.188,,True,,"HUK Men's Rogue Wave Shoe, Deck Boot | B0B845HMNJ | $33,906; HUK Men's Rogue Wave Shoe | B0B84P8TX6 | $24,080; HUK Men's Rogue Wave Shoe | B0B83Z57RN | $23,607; HUK Men's Rogue Wave Shoe | B0B847WBHP | $16,409; HUK Men's Rogue Wave Shoe | B0D73ZPM7B | $15,053",Amazon.com: 84.9%; Grivet Outdoors: 1.5%; Grit & Garb: 1.5%; Haddad's: 1.3%; ST Antonious: 1.0%,6,Amazon 1P,6.2,"Amazon 1P ~85% (vendor); large brand; narrow ask on content and advertising across a 7,000 SKU catalog; month down ~19%","Amazon.com 84.9%; monthly rev ~$2M; 7,276 products; 66k reviews; MoM -18.8%",HUK vendor side on Amazon,"Hi {{first_name}},

Saw you're exhibiting at FLIBS next month.

Looking at your listings, HUK does about $2M a month on Amazon, with roughly 85% of it sold by Amazon as a vendor. That means Amazon sets the price and the inventory position on the Rogue Wave boots and the rest of the line, and the month looks to be down close to 20%. I know HUK has people on this. The gap we usually find on vendor-heavy brands is content and advertising nobody owns across 7,000 SKUs.

We manage Amazon for brands end to end, including strategy, content, advertising, inventory and operations.

Open to a 20 minute look at the vendor side?

Yoni
","sheet Amazon (Vendor) confirmed; large brand, narrow ask",2026-09-25T16:07:06
"2 - Possible, verify",FLIBS 2026,JL Audio,"LISTED on Amazon, reseller / seller unclear (direct Amazon verification)",,,,,,,https://www.amazon.com/dp/B073WZTVB7,JL Audio,,No (SmartScout monthly quota exhausted),,,Not checked,,Possible,No brand store found; sold by CACHÉ,JL AUDIO,,Third-party resellers,Yes,JL AUDIO,exact,Electronics,Marine Speakers,23100,229000,9,30,4.87,528.26,1.67,,0,-0.452,,False,,"JL Audio M3-650X Marine Coaxial Speakers | B0GCXNV9K6 | $11,978; JL Audio M6-880X Marine Coaxial Speakers | B0GCY1SBWN | $4,476; JL Audio M6-770X Marine Coaxial Speakers | B0GCXZ379K | $4,078; JL Audio C2-690TX Coaxial Speakers | B004FVAOOW | $1,740; JL Audio MX Series Amplifier | B06XG9ST1L | $582",HARVARD MARINE: 53.7%; Best Prices: 29.3%; Great Price: 8.2%; CACHÉ: 4.6%; Googol Shop: 3.1%,6,Third-party resellers,100.0,"Sold by third-party resellers (Harvard Marine 54%, Best Prices 29%); only 9 products; month down ~45%",HARVARD MARINE 53.7%; Best Prices 29.3%; Great Price 8.2%; monthly rev ~$23k; 9 products; 30 reviews; MoM -45.2%,JL Audio marine listings,"Hi {{first_name}},

Saw you're exhibiting at FLIBS next month.

Looking at your listings, JL Audio marine speakers are doing about $23k a month on Amazon across only nine products, sold by resellers like Harvard Marine and Best Prices rather than by you. The month is down close to half. For the name JL Audio carries in marine audio, nine listings run by dealers is a small footprint, and nobody is managing content or advertising on them.

We manage Amazon for brands end to end, including strategy, content, advertising, inventory and operations.

Would it make sense to have a quick conversation about owning the channel directly?

Yoni
",sheet third-party confirmed,2026-09-25T16:07:06
1 - Confirmed on Amazon,FLIBS 2026,Leviton,YES on Amazon (direct Amazon verification),,,,,,,https://www.amazon.com/stores/Leviton/page/E9D07CC1-208A-47D5-8C59-CA1F0AA27EFC,Leviton,,No (SmartScout monthly quota exhausted),,,Not checked,,Yes,Brand store; sold by Amazon.com,Leviton,https://www.amazon.com/stores/Leviton/page/E9D07CC1-208A-47D5-8C59-CA1F0AA27EFC,Amazon (Vendor),Yes,Leviton,exact,Tools & Home Improvement,Standard Electrical Outlets,3050000,40600000,2909,590297,4.54,56.2,4.48,Amazon.com,75.7,-0.028,,True,,"Leviton Decora Smart Switch | B0GR1TR26Y | $122,541; Leviton Decora Smart Dimmer | B000U3I4VE | $69,558; Leviton GFWT2-W GFCI Outlet | B013OVCTBO | $53,402; Leviton GFTR1-3W GFCI Outlet | B019YJPKWU | $49,667; Leviton SureSlide Dimmer | B0GK2JDBF2 | $43,872",Amazon.com: 75.7%; Daily Supply Co: 2.6%; Power & Supply: 1.7%; MaxWarehouse: 1.2%; AMCAN: 1.1%,6,Amazon 1P,7.7,"Very large brand; Amazon 1P ~76%, resellers ~24%; marine/RV line not visible in top listings; narrow ask","Amazon.com 75.7%; Daily Supply Co 2.6%; Power & Supply 1.7%; monthly rev ~$3M; 2,909 products; 590k reviews",Leviton marine products on Amazon,"Hi {{first_name}},

Saw you're exhibiting at FLIBS next month.

From what we can see, Leviton does about $3M a month on Amazon, roughly three quarters of it sold by Amazon as a vendor and the rest by resellers like Daily Supply Co and Power & Supply. I know Leviton has an Amazon team. What we don't see is the marine and RV line in the top listings, which are all smart switches and GFCIs, and that's the piece relevant to a boat show.

We manage Amazon for brands end to end, including strategy, content, advertising, inventory and operations.

Open to a 20 minute look at how the marine products are positioned?

Yoni
","sheet Amazon (Vendor) confirmed; very large brand, narrow ask",2026-09-25T16:07:06
"2 - Possible, verify",FLIBS 2026,Mercury Marine,"LISTED on Amazon, reseller / seller unclear (direct Amazon verification)",,,,,,,https://www.amazon.com/stores/MercuryMarine/page/CB821734-4B32-4DFA-9ABA-C045545C6154,Mercury Marine,,No (SmartScout monthly quota exhausted),,,Not checked,,Possible,Brand store; sold by LEADERS RPM,MERCURY,https://www.amazon.com/stores/MercuryMarine/page/CB821734-4B32-4DFA-9ABA-C045545C6154,Third-party resellers,Yes,MERCURY,close,CDs & Vinyl,Motor Oils,867000,13100000,647,265450,4.61,65.02,8.98,,17.3,-0.112,,True,,"Mercury 8M0081916 Oil Change Kit | B00J903Q6M | $32,625; Mercury 2-Stroke DFI Engine Oil, 2.5 Gallon | B0FCHYXYDQ | $20,639; Mercury Optimax DFI Engine Oil | B003901RIM | $19,226; Dire Straits CD (unrelated Mercury Records) | B00JDVX4J6 | $18,952; Mercury 8M0188357 Maintenance Kit | B01MXFVZTA | $17,333",LEADERS RPM: 23.0%; Amazon.com: 17.3%; MovieMars-CDs: 7.5%; Wakeboss: 6.7%; LMB Retail: 3.9%,6,Mixed,44.7,"Oil and maintenance kits sold by dealers (LEADERS RPM, Wakeboss, Doug Russell Marine) and Amazon 1P; no brand seller layer",LEADERS RPM 23%; Amazon.com 17.3%; Wakeboss 6.7%; Doug Russell Marine 3.6%; oil change kit ~$33k/mo; 2-stroke oil ~$21k/mo,Mercury parts and oil on Amazon,"Hi {{first_name}},

Saw you're exhibiting at FLIBS next month.

Looking at your listings, Mercury oil and maintenance kits move real volume on Amazon, with the oil change kit listing alone doing around $30k a month, but they're sold by dealers like LEADERS RPM, Wakeboss and Doug Russell Marine plus Amazon itself. We don't see a Mercury account managing the listings. Consumables are where boaters actually buy on Amazon, and the brand isn't the one setting price or content there.

We manage Amazon for brands end to end, including strategy, content, advertising, inventory and operations.

Open to a 20 minute look at the parts and oil side of Amazon?

Yoni
",mixed record: 'MERCURY' profile includes Mercury Records CDs (MovieMars-CDs); SS_ totals not brand-specific; email uses only marine product listings; 'Mercury Marine' variant returned 1 product; sheet third-party (LEADERS RPM) confirmed,2026-09-25T16:07:06
"2 - Possible, verify",FLIBS 2026,North American Rescue,"LISTED on Amazon, reseller / seller unclear (direct Amazon verification)",,,,,,,https://www.amazon.com/stores/NORTHAMERICANRESCUE/page/2AFEE036-DEEE-413D-83BD-762E5CA3CACC,North American Rescue,,No (SmartScout monthly quota exhausted),,,Not checked,,Possible,Brand store; sold by Stronghold Group,North American Rescue,https://www.amazon.com/stores/NORTHAMERICANRESCUE/page/2AFEE036-DEEE-413D-83BD-762E5CA3CACC,Third-party resellers,Yes,North American Rescue,exact,Health & Household,Tourniquets,402000,5700000,54,23630,4.73,36.48,4.04,,12.5,0.178,,True,,"North American Rescue CAT Tourniquet GEN 7 | B01ITAKG6A | $213,090; North American Rescue CAT Tourniquet | B07CP6Z1C4 | $75,791; North American Rescue CAT Tourniquet | B003IRJGW0 | $20,355; North American Rescue HyFin Vent Chest Seal | B00KQS2NGK | $16,382; North American Rescue HyFin Compact Chest Seal | B01M7O5TJS | $13,986",Lightning X Products: 44.0%; HMZ Medical: 13.4%; Amazon.com: 12.5%; Stronghold Group: 10.9%; Courage Tactical: 5.4%,6,Third-party resellers,77.4,"~88% sold by third-party resellers (Lightning X 44%, HMZ Medical 13%, Stronghold 11%); Amazon 1P 12%; growing",Lightning X Products 44%; HMZ Medical 13.4%; Amazon.com 12.5%; Stronghold Group 11%; monthly rev ~$402k; CAT GEN 7 ~$213k/mo; MoM +17.8%,Who sells North American Rescue on Amazon,"Hi {{first_name}},

Saw you're exhibiting at FLIBS next month.

Looking at your listings, North American Rescue is doing about $400k a month on Amazon and growing, but almost 90% of it is sold by resellers like Lightning X, HMZ Medical and Stronghold Group, with Amazon itself at about 12%. The CAT tourniquet listing alone is over $200k a month, and the brand isn't the seller on it. That's a lot of price control and margin sitting with distributors on your best product.

We manage Amazon for brands end to end, including strategy, content, advertising, inventory and operations.

Would it make sense to have a quick conversation about bringing the channel in house?

Yoni
",sheet third-party (Stronghold Group) confirmed,2026-09-25T16:07:06
"2 - Possible, verify",FLIBS 2026,Pettit Paint,"LISTED on Amazon, reseller / seller unclear (direct Amazon verification)",,,,,,,https://www.amazon.com/dp/B000N9RSTE,Pettit Paint,,No (SmartScout monthly quota exhausted),,,Not checked,,Possible,No brand store found; sold by Atlantic Boat Supply,Pettit Paint,,Third-party resellers,Yes,Pettit Paint,exact,Sports & Outdoors,Boat Painting Supplies,23200,206000,55,792,4.5,134.71,5.42,Atlantic Boat Supply,0,0.549,,False,,"Pettit Splash Zone A-788 Epoxy, Quart | B0032FXM9Q | $3,597; Pettit Captain's Varnish | B001444U9S | $3,472; Pettit Vivid Antifouling Paint, Blue, Gallon | B000N9RPL0 | $1,490; Pettit Splash Zone Epoxy | B018RQTHC0 | $1,040; Pettit EZ-Poxy Topside Paint | B000N9RSPS | $790",HARVARD MARINE: 26.2%; Atlantic Boat Supply: 18.9%; Coastal Marine & Trailer: 9.6%; Merritt Supply: 8.1%; Autoplicity: 6.8%,6,Third-party resellers,75.9,"Sold entirely by third-party resellers (Harvard Marine 26%, Atlantic Boat Supply 19%); no brand account or storefront; month up",HARVARD MARINE 26.2%; Atlantic Boat Supply 18.9%; Coastal Marine & Trailer 9.6%; monthly rev ~$23k; 55 products; MoM +54.9%,Pettit listings on Amazon,"Hi {{first_name}},

Saw you're exhibiting at FLIBS next month.

Looking at your listings, Pettit is doing about $23k a month on Amazon across 55 products, all through resellers like Harvard Marine, Atlantic Boat Supply and Coastal Marine. Splash Zone and Captain's Varnish are the listings moving, and the month is up sharply, so the demand is there. What isn't there is a Pettit account, a storefront, or anyone managing content and advertising on a catalog that size.

We manage Amazon for brands end to end, including strategy, content, advertising, inventory and operations.

Would it make sense to have a quick conversation about owning the channel directly?

Yoni
",sheet third-party confirmed,2026-09-25T16:07:06
"2 - Possible, verify",FLIBS 2026,"Raritan Engineering Co, Inc.","LISTED on Amazon, reseller / seller unclear (direct Amazon verification)",,,,,,,https://www.amazon.com/dp/B001FBGUZ2,Raritan Engineering,,No (SmartScout monthly quota exhausted),,,Not checked,,Possible,No brand store found; sold by Homestead Supply & More ✅,Raritan,,Third-party resellers,Yes,Raritan,close,Electronics,KVM Switches,47100,880000,30,671,4.59,544.54,25.47,,0,-0.454,,False,,"Raritan Dominion KX III KVM Switch (unrelated Raritan Inc) | B00IFEDSHA | $11,229; Raritan Dominion KX IV-101 (unrelated Raritan Inc) | B07XN8B678 | $9,056; Raritan Dominion KX II CIM (unrelated Raritan Inc) | B0018DO29I | $8,297; Raritan Potty Pack | B00IO5K1JS | $4,286; Raritan K.O. Kills Odors, Gallon | B00DH3W0QO | $3,692",EPHDirect: 17.6%; KVMGalore: 14.8%; Neutron USA: 12.9%; BigKitchen: 7.5%; KART IT: 5.4%,6,Mixed,62.4,"Marine products (Potty Pack, K.O. Kills Odors) sold by resellers only; no storefront; thin catalog",Potty Pack ~$4.3k/mo; K.O. Kills Odors ~$3.7k/mo; sellers on record all third-party; no storefront,Raritan marine listings on Amazon,"Hi {{first_name}},

Saw you're exhibiting at FLIBS next month.

Looking at your listings, Raritan marine products like the Potty Pack and K.O. Kills Odors are on Amazon doing a few thousand dollars a month each, sold by resellers rather than by you, and there's no Raritan storefront. The catalog is thin relative to the rest of the Raritan marine sanitation line, and the listings that exist aren't being managed for content or advertising.

We manage Amazon for brands end to end, including strategy, content, advertising, inventory and operations.

Is Amazon something you're looking at more seriously for the marine line?

Yoni
",mixed record: 'Raritan' profile is dominated by Raritan Inc KVM switches; SS_ totals not brand-specific; 'Raritan Engineering' variant returned empty; email uses only marine listings; sheet third-party (Homestead Supply) confirmed,2026-09-25T16:07:06
1 - Confirmed on Amazon,FLIBS 2026,Sea Foam Sales Co,YES on Amazon (direct Amazon verification),,,,,,,https://www.amazon.com/stores/SeaFoam/page/34C9119E-DDF8-4218-94B2-6EE65D80D4EF,Sea Foam,,No (SmartScout monthly quota exhausted),,,Not checked,,Yes,Brand store; sold by Sea Foam Sales,Sea Foam,https://www.amazon.com/stores/SeaFoam/page/34C9119E-DDF8-4218-94B2-6EE65D80D4EF,Brand (Seller Central),Yes,Sea Foam,exact,Automotive,Fuel System Cleaners,343600,4030000,61,51264,4.65,50.59,9.95,,0.1,-0.011,,True,,"Sea Foam Motor Treatment, 3 Pack | B07CL5Q89T | $72,771; Sea Foam Motor Treatment, 6 Pack | B07DHGFXDJ | $37,592; Sea Foam Motor Treatment, 4 Pack | B07DHHSQXP | $33,713; Sea Foam SF-16 Motor Treatment, 2 Pack | B0CRSPVFK4 | $26,692; Sea Foam Marine PRO MP20, 3 Pack | B0FL9Z518N | $22,491",JBTools: 38.9%; Sea Foam Sales: 25.5%; 1185 Corp: 10.7%; Shalo Dalo: 3.8%; WHOLESALE WONDERLAND: 2.3%,6,Mixed,57.7,"Brand sells only ~26% direct; ~74% through resellers (JBTools 39%, 1185 Corp 11%) on the same multipacks",JBTools 38.9%; Sea Foam Sales 25.5%; 1185 Corp 10.7%; Shalo Dalo 3.8%; monthly rev ~$344k; 61 products; 51k reviews,Reseller share on Sea Foam listings,"Hi {{first_name}},

Saw you're exhibiting at FLIBS next month.

Looking at your listings, Sea Foam is doing about $340k a month on Amazon, but your own account sells only about a quarter of it. JBTools alone sells more than you do, and resellers like 1185 Corp and Shalo Dalo take most of the rest, all on the same Motor Treatment multipacks. That's a lot of Buy Box, pricing and margin in other hands on a brand that clearly moves on Amazon.

We manage Amazon for brands end to end, including strategy, content, advertising, inventory and operations.

Would it make sense to have a quick conversation about tightening up the reseller side?

Yoni
",sheet says Brand (Seller Central); fresh data shows brand at 25.5% with resellers at ~74%; trusting fresh (Third-party resellers),2026-09-25T16:07:06
1 - Confirmed on Amazon,FLIBS 2026,Sea Ray,YES on Amazon (direct Amazon verification),,,,,,,https://www.amazon.com/stores/SeaRay/page/FE5D4441-2A48-40BA-9989-ACEC3D78FF37,Sea Ray,,No (SmartScout monthly quota exhausted),,,Not checked,,Yes,Brand store; sold by Amazon.com,searay,https://www.amazon.com/stores/SeaRay/page/FE5D4441-2A48-40BA-9989-ACEC3D78FF37,Amazon (Vendor),Yes,,wrong match,,,,,,,,,,,,,,,,,,,,,Wrong match; industry-level: boat builder with a merch and accessories storefront sold by Amazon (from row),"No brand-level data; sheet: brand store, sold by Amazon.com (Vendor)",Sea Ray storefront on Amazon,"Hi {{first_name}},

Saw you're exhibiting at FLIBS next month.

From what we can see, Sea Ray has a brand store on Amazon with apparel and accessories sold by Amazon itself, which is a common setup for boat builders. It also usually means nobody on the brand side is managing the listings for content, advertising or reviews, so the storefront mostly sits there. For a brand with Sea Ray's owner base, branded gear and accessories can be a real channel rather than a placeholder.

We manage Amazon for brands end to end, including strategy, content, advertising, inventory and operations.

Open to a short call on whether the Amazon storefront is worth building out?

Yoni
",'searay' matched guitar picks; 'Sea Ray' variant returned 0 products; industry-level email from row info,2026-09-25T16:07:06
"2 - Possible, verify",FLIBS 2026,SeaDek,"LISTED on Amazon, reseller / seller unclear (direct Amazon verification)",,,,,,,https://www.amazon.com/stores/SeaDek/page/24AE1EA5-5FF8-45CF-900E-C125FB77A8C8,SeaDek,,No (SmartScout monthly quota exhausted),,,Not checked,,Possible,Brand store; sold by RecPro®,SeaDek,https://www.amazon.com/stores/SeaDek/page/24AE1EA5-5FF8-45CF-900E-C125FB77A8C8,Third-party resellers,Yes,SeaDek,exact,Sports & Outdoors,Boat Deck Hardware,13600,220000,32,781,4.66,107.14,8.5,DIY Seat Skins Inc,0,-0.203,,True,,"SeaDek Helm Pad, Large | B07RG7368W | $3,656; SeaDek DEK Magic Cleaner, Gallon | B09DQCQ2TR | $2,534; SeaDek Helm Pad, Small | B07RF9G7CK | $2,180; SeaDek DEK Magic Cleaner, 32oz | B09352C4RC | $1,094; SeaDek Helm Pad | B07X3N1LKQ | $884",Autoplicity: 58.6%; RecPro: 7.8%; HARVARD MARINE: 7.3%; Less Is Always More: 6.8%; GLEHN'S: 5.5%,6,Third-party resellers,90.9,Sold by third-party resellers (Autoplicity 59%); no brand account; month down ~20%,Autoplicity 58.6%; RecPro 7.8%; HARVARD MARINE 7.3%; monthly rev ~$13.6k; 32 products; MoM -20.3%,SeaDek listings on Amazon,"Hi {{first_name}},

Saw you're exhibiting at FLIBS next month.

Looking at your listings, SeaDek is on Amazon at about $14k a month across roughly 30 products, sold almost entirely by resellers, with Autoplicity alone at close to 60%. The helm pads and DEK Magic are what moves, and the month is down about 20%. We don't see a SeaDek account. For the brand that defines the category, that's a small and unmanaged presence.

We manage Amazon for brands end to end, including strategy, content, advertising, inventory and operations.

Would it make sense to have a quick conversation about owning the channel directly?

Yoni
",sheet third-party (RecPro) confirmed,2026-09-25T16:07:06
"2 - Possible, verify",FLIBS 2026,Seasucker,"LISTED on Amazon, reseller / seller unclear (direct Amazon verification)",,,,,,,https://www.amazon.com/stores/SeaSucker/page/7DA5E878-1546-41FA-9E82-D360357B6017,Seasucker,,No (SmartScout monthly quota exhausted),,,Not checked,,Possible,Brand store; sold by Homestead Supply & More ✅,SeaSucker,https://www.amazon.com/stores/SeaSucker/page/7DA5E878-1546-41FA-9E82-D360357B6017,Third-party resellers,Yes,SeaSucker,exact,Electronics,GPS Vehicle Mounts,14700,338000,13,273,4.25,200.83,4.54,Brandish,0,-0.363,,True,,"SeaSucker Talon MAX Bike Rack | B0BPLJ8R31 | $3,160; SeaSucker 4.5 inch Vacuum Mount, Black | B00BH9N2SU | $2,418; SeaSucker Monkey Bar 60 | B0BPVXG35J | $2,280; SeaSucker 4.5 inch Vacuum Mount, White | B0058WAFJ6 | $2,198; SeaSucker 48 inch Monkey Bars | B0BJQG7VNZ | $1,929",Brandish: 26.7%; Homestead Supply: 22.7%; Geronimo Tackle: 14.9%; Broadway Knives: 14.2%; Resilient Consulting: 9.9%,6,Third-party resellers,93.1,"Sold by third-party resellers (Brandish 27%, Homestead Supply 23%, Geronimo Tackle 15%); month down ~36%; 4.25 rating",Brandish 26.7%; Homestead Supply 22.7%; Geronimo Tackle 14.9%; Broadway Knives 14.2%; monthly rev ~$14.7k; 13 products; MoM -36.3%; rating 4.25,SeaSucker listings on Amazon,"Hi {{first_name}},

Saw you're exhibiting at FLIBS next month.

Looking at your listings, SeaSucker is doing about $15k a month on Amazon across 13 products, sold by resellers like Brandish, Homestead Supply and Geronimo Tackle rather than by you. The month is down about a third and the reviews sit around 4.3. Vacuum mounts and Monkey Bars are exactly what boaters search on Amazon, and the brand isn't the one controlling price, content or advertising on them.

We manage Amazon for brands end to end, including strategy, content, advertising, inventory and operations.

Would it make sense to have a quick conversation about owning the channel directly?

Yoni
",sheet third-party confirmed,2026-09-25T16:07:06
"2 - Possible, verify",FLIBS 2026,SIONYX,"LISTED on Amazon, reseller / seller unclear (direct Amazon verification)",,,,,,,https://www.amazon.com/stores/SIONYX/page/31355E4D-7781-4C88-9CBD-CC8C6A770A25,SIONYX,,No (SmartScout monthly quota exhausted),,,Not checked,,Possible,Brand store; sold by Forgot My Souvenirs,SiOnyx,https://www.amazon.com/stores/SIONYX/page/31355E4D-7781-4C88-9CBD-CC8C6A770A25,Third-party resellers,Yes,SiOnyx,exact,Electronics,Monoculars,82300,1280000,11,331,4.51,745.38,2.73,,0,-0.218,,True,,"SIONYX Aurora PRO Night Vision Camera | B08CHMQ5CC | $48,393; SIONYX Nightwave Marine Camera, Gray | B0CKS3P7S5 | $16,358; SIONYX Nightwave Marine Camera, White | B0BPZRQJ3S | $3,963; SIONYX Nightwave Marine Camera, Black | B0CKWR3D4G | $3,921; SIONYX Nightwave Vinyl Cover | B0CZY1SVYJ | $1,560",SiOnyx: 67.1%; Sparkfish: 20.8%; Great Price: 7.2%; Forgot My Souvenirs: 2.0%; Best Prices: 1.6%,6,Mixed,32.4,"Brand sells ~67% direct; ~33% through resellers (Sparkfish 21%, Great Price 7%) on Aurora PRO and Nightwave; month down ~22%",SiOnyx 67.1%; Sparkfish 20.8%; Great Price 7.2%; monthly rev ~$82k; 11 products; MoM -21.8%,Reseller share on SIONYX listings,"Hi {{first_name}},

Saw you're exhibiting at FLIBS next month.

Looking at your listings, SIONYX is doing about $80k a month on Amazon, with your own account selling about two thirds and resellers like Sparkfish and Great Price taking the rest on the same Aurora PRO and Nightwave listings. The month is down about 20%. On a catalog of 11 products at this price point, a reseller undercutting you on the Aurora PRO costs real margin.

We manage Amazon for brands end to end, including strategy, content, advertising, inventory and operations.

Would it make sense to have a quick conversation about tightening up the reseller side?

Yoni
",sheet says third-party (Forgot My Souvenirs); fresh data shows brand account at 67% with 33% resellers; trusting fresh (Mixed),2026-09-25T16:07:06
"2 - Possible, verify",FLIBS 2026,SiriusXM,"LISTED on Amazon, reseller / seller unclear (direct Amazon verification)",,,,,,,https://www.amazon.com/stores/SiriusXM/page/0585722A-F3C9-448C-8A60-CDE0DF7F4AA4,SiriusXM,,No (SmartScout monthly quota exhausted),,,Not checked,,Possible,"Brand store; sold by ACI Gift Cards LLC, an Amazon company",SiriusXM,https://www.amazon.com/stores/SiriusXM/page/0585722A-F3C9-448C-8A60-CDE0DF7F4AA4,Third-party resellers,Yes,SiriusXM,exact,Electronics,Car Satellite Radio,159800,2680000,49,25362,4.32,58.47,3.49,,0.6,-0.076,,True,,"SiriusXM Onyx EZR Home Kit | B06XSWKGZP | $26,666; SiriusXM SXSD2 + EZR Bundle | B07XG27NNZ | $20,634; SiriusXM RoadyBT | B09WKV7YT2 | $19,997; SiriusXM SXSD2 Portable Speaker Dock | B00M0FDN9I | $17,471; SiriusXM SXV300V1 Connect Vehicle Tuner | B00NJTO4CY | $17,145",Photo-Zone [Authorized Dealer: 76.4%; Diddly Deals: 9.0%; TSS-Radio: 4.5%; StereoLiving: 4.2%; Solutions by Staples: 2.3%,6,Third-party resellers,98.4,"Hardware sold entirely by third-party dealers (Photo-Zone 76%); no brand seller; large company, narrow ask",Photo-Zone 76.4%; Diddly Deals 9%; TSS-Radio 4.5%; monthly rev ~$160k; 49 products; 25k reviews,SiriusXM hardware on Amazon,"Hi {{first_name}},

Saw you're exhibiting at FLIBS next month.

From what we can see, SiriusXM hardware does about $160k a month on Amazon, with Photo-Zone selling roughly three quarters of it and dealers like Diddly Deals and TSS-Radio the rest. We don't see SiriusXM as a seller on its own radios and docks. I know SiriusXM has people on retail. This is a narrow point about who controls the price, content and advertising on the Onyx and Roady listings.

We manage Amazon for brands end to end, including strategy, content, advertising, inventory and operations.

Open to a 20 minute look at the hardware side of Amazon?

Yoni
","sheet third-party confirmed; large company, weaker fit (subscription business, hardware via dealers)",2026-09-25T16:07:06
1 - Confirmed on Amazon,FLIBS 2026,Sparklean,YES on Amazon (direct Amazon verification),,,,,,,https://www.amazon.com/stores/Sparklean/page/CFE5EA74-C64A-43EE-B887-B2AF967E49AA,Sparklean,,No (SmartScout monthly quota exhausted),,,Not checked,,Yes,Brand store; sold by sparklean shop,SPARKLEAN,https://www.amazon.com/stores/Sparklean/page/CFE5EA74-C64A-43EE-B887-B2AF967E49AA,Brand (Seller Central),Yes,SPARKLEAN,exact,Beauty & Personal Care,Jewelry Cleaning,12000,116000,5,511,4.24,59.99,1.2,sparklean shop,0,-0.01,,True,,"Sparklean SparkBrush Jewelry Cleaning Brush | B0BMG28GPM | $7,208; Sparklean Jewelry Cleaner, 8oz | B07DBXMY1K | $2,519; Sparklean Jewelry Cleaner, 16oz | B07DBWLWW6 | $880; Sparklean Jewelry Cleaner, 32oz | B07DBWHX61 | $720; Sparklean Jewelry Cleaner, 2oz | B07DBX4LT3 | $300",sparklean shop: 100%,1,Brand direct,0,"Brand direct, ~$12k a month on 5 products, flat, 4.24 rating holding it back; modest growth angle",sparklean shop 100%; monthly rev ~$12k; 5 products; 511 reviews; rating 4.24; MoM -1%,Sparklean on Amazon,"Hi {{first_name}},

Saw you're exhibiting at FLIBS next month.

Looking at your listings, Sparklean is doing about $12k a month on Amazon, sold direct, across five products with the SparkBrush doing most of it. The month is flat and the rating sits around 4.2, which is the one thing holding a jewelry cleaner back on Amazon since the category is decided on reviews. There's room to grow this with content, advertising and review work rather than more SKUs.

We manage Amazon for brands end to end, including strategy, content, advertising, inventory and operations.

Would it make sense to have a quick conversation?

Yoni
",sheet Brand (Seller Central) confirmed,2026-09-25T16:07:06
"2 - Possible, verify",FLIBS 2026,Vitrifrigo,"LISTED on Amazon, reseller / seller unclear (direct Amazon verification)",,,,,,,https://www.amazon.com/dp/B0B3XMY74X,Vitrifrigo,,No (SmartScout monthly quota exhausted),,,Not checked,,Possible,No brand store found; sold by STAL MAR,Vitrifrigo,,Third-party resellers,Yes,,not found,,,,,,,,,,,,,,,,,,,,,"Not found; industry-level: marine refrigeration listed only via a reseller, no storefront (from row)","No brand-level data; sheet: no brand store, sold by STAL MAR",Vitrifrigo on Amazon,"Hi {{first_name}},

Saw you're exhibiting at FLIBS next month.

From what we can see, Vitrifrigo units are on Amazon only through a reseller, with no brand storefront and no Vitrifrigo account behind the listings. Marine and RV refrigeration is a category where buyers research on Amazon even when they buy through a dealer, so those listings become the product page whether or not the brand manages them.

We recently helped a brand go from no Amazon presence to a $1M+ annual run rate within six months. We manage the channel end to end.

Is Amazon something you're looking at for the US market?

Yoni
",profile returned 0 products on two attempts; industry-level email from row info,2026-09-25T16:07:06
1 - Confirmed on Amazon,FLIBS 2026,Zero Breeze,YES on Amazon (direct Amazon verification),,,,,,,https://www.amazon.com/stores/ZeroBreeze/page/86771C58-562B-41CF-AA29-9F79340C5660,Zero Breeze,,No (SmartScout monthly quota exhausted),,,Not checked,,Yes,Brand store; sold by Zero Breeze,Zero Breeze,https://www.amazon.com/stores/ZeroBreeze/page/86771C58-562B-41CF-AA29-9F79340C5660,Brand (Seller Central),Yes,Zero Breeze,exact,Home & Kitchen,Portable Air Conditioners,3700,941,1,14,2.6,933.01,8,,0,,,True,,"Zero Breeze Mark 2 Portable Air Conditioner | B096N7JDS2 | $3,732",Max n Company LLC: 100%,1,Third-party resellers,100,One listing sold by a reseller at a 2.6 rating; small footprint for a $900 product,Max n Company LLC 100%; Mark 2 ~$3.7k/mo; 1 product; 14 reviews; rating 2.6,Zero Breeze Mark 2 listing,"Hi {{first_name}},

Saw you're exhibiting at FLIBS next month.

Looking at your listings, the Zero Breeze Mark 2 is on Amazon at a few thousand dollars a month, and from what we can see it's sold by a reseller called Max n Company, with the listing sitting at a 2.6 rating on a handful of reviews. For a $900 product, that rating does real damage before anyone reaches the storefront. It can work if the listing, reviews and advertising are actually managed.

We manage Amazon for brands end to end, including strategy, content, advertising, inventory and operations.

Would it make sense to have a quick conversation about the Mark 2 listing?

Yoni
","sheet says Brand (Seller Central) sold by Zero Breeze; fresh data shows one listing sold by Max n Company LLC; trusting fresh, partial record (1 product, TTM figure unreliable)",2026-09-25T16:07:06
1 - Confirmed on Amazon,FNCE 2025,Banza,YES on Amazon (direct Amazon verification),,,,,,,https://www.amazon.com/stores/Banza/page/86CF145E-2038-423E-A447-E315F5B79B54,Banza,,No (SmartScout monthly quota exhausted),,,Not checked (SmartScout monthly AI usage limit and WebSearch budget exhausted),,Yes,Brand store; sold by Amazon.com,Banza,https://www.amazon.com/stores/Banza/page/86CF145E-2038-423E-A447-E315F5B79B54,Amazon (Vendor),Yes,BANZA,exact,Grocery & Gourmet Food,Penne Pasta,376700,3770000,80,34714,4.39,19.13,4.93,,45.2,0.089,,True,,"Banza Chickpea Plain Crust Pizza | B08DYZR5GS | $44,030; Banza Chickpea Rotini | B00XXOY9A2 | $35,424; Banza Chickpea Pasta Variety, 6 Pack | B01IBIOMJ2 | $28,735; Banza Chickpea Cavatappi | B07D633ZWK | $25,482; Banza Margherita Pizza | B0BXTVW3WR | $21,640",Whole Foods Market: 48.9%; Amazon.com: 45.2%; Veluxon: 2.3%; queenesther: 0.8%; OTCRx4u: 0.5%,6,Mixed,52.8,Amazon 1P plus Whole Foods ~94% (vendor); no brand seller account; growing; narrow ask on advertising and content,Whole Foods Market 48.9%; Amazon.com 45.2%; monthly rev ~$377k; 80 products; 35k reviews; MoM +8.9%,Banza vendor side on Amazon,"Hi {{first_name}},

Saw that Banza exhibited at FNCE last year.

From what we can see, Banza does about $380k a month on Amazon, nearly all of it sold by Amazon and Whole Foods Market, and growing. That's a healthy vendor setup, but it also means no brand-owned seller account, so pricing, inventory and content on the pizza and rotini listings sit with Amazon. I know Banza has people on this. The piece usually left on the table with vendor-only brands is advertising and content ownership.

We manage Amazon for brands end to end, including strategy, content, advertising, inventory and operations.

Open to a 20 minute look at the vendor side?

Yoni
",sheet Amazon (Vendor) confirmed; Whole Foods Market counted as third-party per rule but is Amazon-owned; products pulled via query_analytics fallback,2026-09-25T16:07:06
1 - Confirmed on Amazon,FNCE 2025,"Carlson Laboratories, Inc.",YES on Amazon (direct Amazon verification),,,,,,,https://www.amazon.com/stores/Carlson/page/C5C868B1-177D-45A3-B5C2-A85B0FFBBDE4,Carlson Laboratories,,No (SmartScout monthly quota exhausted),,,Not checked (SmartScout monthly AI usage limit and WebSearch budget exhausted),,Yes,Brand store; sold by Carlson Labs,Carlson,https://www.amazon.com/stores/Carlson/page/C5C868B1-177D-45A3-B5C2-A85B0FFBBDE4,Brand (Seller Central),Yes,Carlson,exact,Health & Household,Fish Oil,2840000,40100000,569,134189,4.56,31.07,1.86,,0.4,-0.085,,True,,"Carlson Elite Omega-3 Gems, 60 Softgels | B081VWWGCZ | $264,361; Carlson The Very Finest Fish Oil, 500mL | B001LF39RO | $239,997; Carlson Elite EPA Gems | B06XSD83PC | $131,573; Carlson Elite Omega-3 Gems, 90+30 | B06XSLW9PY | $121,448; Carlson Cod Liver Oil | B003B3P4PO | $119,070",Carlson Labs: 90.3%; Swanson: 3.6%; Vitamin Shoppe: 1.5%; The Vitamin Shoppe: 1.3%; NUTRIVIO HOME: 1.2%,6,Brand direct,8.1,Strong brand-direct position (~90%); month down ~8.5%; small reseller layer; modest second-set-of-eyes ask,Carlson Labs 90.3%; Swanson 3.6%; Vitamin Shoppe 2.8%; monthly rev ~$2.84M; 569 products; 134k reviews; MoM -8.5%,Carlson on Amazon,"Hi {{first_name}},

Saw that Carlson exhibited at FNCE last year.

Looking at your listings, Carlson is doing close to $3M a month on Amazon with your own account selling about 90% of it, which is a strong position. The month looks to be down close to 10%, and resellers like Swanson and Vitamin Shoppe are on the Omega-3 Gems and fish oil listings. I know Carlson has an Amazon team. This is more a second set of eyes on the softness.

We manage Amazon for brands end to end, including strategy, content, advertising, inventory and operations.

Open to a 20 minute look at where the dip is coming from?

Yoni
",sheet Brand (Seller Central) confirmed; profile pulled via query_analytics fallback,2026-09-25T16:07:06
1 - Confirmed on Amazon,FNCE 2025,Chicken of the Sea,YES on Amazon (direct Amazon verification),,,,,,,https://www.amazon.com/stores/ChickenoftheSea/page/D751465A-FDC8-4F81-BDEF-7B2A52DEC21B,Chicken of the Sea,,No (SmartScout monthly quota exhausted),,,Not checked (SmartScout monthly AI usage limit and WebSearch budget exhausted),,Yes,Brand store; sold by Amazon.com,Chicken of the Sea,https://www.amazon.com/stores/ChickenoftheSea/page/D751465A-FDC8-4F81-BDEF-7B2A52DEC21B,Amazon (Vendor),Yes,Chicken of the Sea,exact,Grocery & Gourmet Food,Packaged Tuna,830000,9890000,141,46856,4.39,29.3,1.6,Amazon.com,98.8,-0.022,,True,,"Chicken of the Sea Chunk Light Tuna, 10 Count | B08WR5J62L | $208,790; Chicken of the Sea Pink Salmon, 12 Count | B00O6JC15I | $59,038; Chicken of the Sea Salmon Packets | B003RWVFEI | $57,086; Chicken of the Sea Tuna, 24 Count | B07WJYRHLH | $55,575; Chicken of the Sea Tuna | B0025UCU7E | $33,331",Amazon.com: 98.8%; Essex Distribution: 0.3%; TIMBS: 0.2%; keys1428: 0.2%; epic it: 0.1%,6,Amazon 1P,1.0,Amazon 1P ~99% (vendor); large brand; narrow ask on advertising and content,Amazon.com 98.8%; monthly rev ~$830k; 141 products; 47k reviews; chunk light tuna 10ct ~$209k/mo; MoM -2.2%,Chicken of the Sea vendor side,"Hi {{first_name}},

Saw that Chicken of the Sea exhibited at FNCE last year.

From what we can see, Chicken of the Sea does about $830k a month on Amazon, essentially all of it sold by Amazon as a vendor, with the 10-count chunk light tuna doing around $200k on its own. I know Chicken of the Sea has people on the account. The gap we usually see on vendor-only brands is advertising and content, since Amazon controls price and inventory and nobody owns the rest.

We manage Amazon for brands end to end, including strategy, content, advertising, inventory and operations.

Open to a 20 minute look at the vendor side?

Yoni
","sheet Amazon (Vendor) confirmed; large brand, narrow ask",2026-09-25T16:07:06
"2 - Possible, verify",FNCE 2025,DaVinci Laboratories,"LISTED on Amazon, reseller / seller unclear (direct Amazon verification)",,,,,,,https://www.amazon.com/stores/DAVINCI/page/9D5DE596-226D-4E29-8E47-62F32C452E7D,DaVinci Laboratories,,No (SmartScout monthly quota exhausted),,,Not checked (SmartScout monthly AI usage limit and WebSearch budget exhausted),,Possible,Brand store; sold by Pattern.,DAVINCI,https://www.amazon.com/stores/DAVINCI/page/9D5DE596-226D-4E29-8E47-62F32C452E7D,Third-party resellers,Yes,DaVinci,close,Baby Products,Convertible Cribs,2190000,0,459,48553,,,,,73.0,,,True,,"DaVinci Laboratories ADK Vitamin A, D3 and K2 | B00GSN6BVA | $114,053",Amazon.com: 73.0%; Pattern.: 25.5%; Cymax: 0.7%; World Finer Foods: 0.3%,4,Amazon 1P,26.5,"One hero listing (ADK, ~$110k a month) sold through Pattern rather than the brand; rest of catalog under-managed",ADK B00GSN6BVA ~$114k/mo; Pattern. 25.5% of mixed record; sheet: sold by Pattern.,DaVinci Labs catalog on Amazon,"Hi {{first_name}},

Saw that DaVinci Laboratories exhibited at FNCE last year.

Looking at your listings, the DaVinci Labs ADK alone does around $110k a month on Amazon, sold through Pattern rather than by DaVinci directly. When one hero product carries the channel through a third-party seller, the rest of the catalog usually gets little content or advertising attention, and the brand doesn't control price or the Buy Box on its own top listing.

We manage Amazon for brands end to end, including strategy, content, advertising, inventory and operations.

Would it make sense to have a quick conversation about the rest of the catalog?

Yoni
",mixed record: 'DAVINCI' profile is dominated by DaVinci Baby cribs; SS_ totals not brand-specific; only the ADK listing is DaVinci Laboratories; sheet third-party (Pattern.) confirmed,2026-09-25T16:07:06
1 - Confirmed on Amazon,FNCE 2025,Five Plus Protein,"YES on Amazon (Google only, no SmartScout brand record)",,,,,,,https://www.amazon.com/stores/FivePlusProtein/page/20BF2EA0-C8A2-4AC2-A7CA-8B58B4CF70DA,Five Plus Protein,,Yes,none,,Yes,Amazon storefront found,Not needed,,,,,SmartScout,,not found,,,,,,,,,,,,,,,,,,,,,Not found; industry-level: storefront exists but no measurable sales in marketplace data,No brand record; sheet: Amazon storefront found (Google only),Five Plus Protein on Amazon,"Hi {{first_name}},

Saw that Five Plus Protein exhibited at FNCE last year.

From what we can see, Five Plus Protein has an Amazon storefront, but the listings aren't registering measurable sales in the public marketplace data we look at. That usually means the channel is set up but nobody is running it, and in protein the listings that win are the ones with real content, advertising and review volume behind them.

We recently helped a brand go from no Amazon presence to a $1M+ annual run rate within six months. We manage the channel end to end.

Is Amazon something you're looking at more seriously?

Yoni
","no brand record on two attempts (Five Plus Protein, Five Plus); industry-level email",2026-09-25T16:15:19
1 - Confirmed on Amazon,FNCE 2025,Fresh Blends,"YES on Amazon (Google only, no SmartScout brand record)",,,,,,,https://www.amazon.com/Fresh-Blends-Wildberry-Beverage-Ounce/dp/B08TMHNFXJ,Fresh Blends,,Yes,none,,Yes,product listing found (Fresh Blends Wildberry Acai Beverage),Not needed,,,,,SmartScout,,not found,,,,,,,,,,,,,,,,,,,,,"Not found; industry-level: one beverage listing, no measurable sales; foodservice brand",No brand record; sheet: single product listing (Wildberry Acai Beverage),Fresh Blends on Amazon,"Hi {{first_name}},

Saw that Fresh Blends exhibited at FNCE last year.

Looking at your listings, Fresh Blends shows up on Amazon with a single beverage listing that isn't registering measurable sales in public marketplace data. For a foodservice-first brand that may be deliberate. It also means anyone who tries the product at a venue and searches for it later finds an unmanaged listing rather than a real storefront.

We recently helped a brand go from no Amazon presence to a $1M+ annual run rate within six months. We manage the channel end to end.

Is Amazon something you're looking at for the retail side?

Yoni
","no brand record on two attempts (Fresh Blends, FreshBlends); industry-level email; weaker fit: foodservice beverage brand",2026-09-25T16:15:19
1 - Confirmed on Amazon,FNCE 2025,Heavenly Foods,"YES on Amazon (Google only, no SmartScout brand record)",,,,,,,https://www.amazon.com/13-5-Original-Recipe-Heavenly-Waffles%C2%AE/dp/B0BX937SH4,Heavenly Foods,,Yes,none,,Yes,product listing found (Heavenly Foods waffle/pancake mix),Not needed,,,,,SmartScout,,close,,,,,,,,,,,,,,,,,,,,,Small footprint (~$4k a month) with a 3.9 rating; a third sold by resellers and Amazon,Heavenly Waffles 64.7%; MPYRProducts 12.8%; Amazon.com 10.1%; monthly rev ~$4.4k; 7 products; 176 reviews; rating 3.86,Heavenly Foods on Amazon,"Hi {{first_name}},

Saw that Heavenly Foods exhibited at FNCE last year.

Looking at your listings, Heavenly Foods is on Amazon at about $4k a month across seven mixes, with roughly a third of that going through resellers and Amazon itself rather than your account. The rating sits under 4 stars, which is the main thing holding a pancake and waffle mix back on Amazon. The protein angle is a strong one for search, and it isn't showing up in the volume yet.

We manage Amazon for brands end to end, including strategy, content, advertising, inventory and operations.

Would it make sense to have a quick conversation?

Yoni
",SmartScout record is under 'Heavenly Waffles' (product line name),2026-09-25T16:15:19
1 - Confirmed on Amazon,FNCE 2025,Keep Moving Inc. - gutzy organic,"YES on Amazon (Google only, no SmartScout brand record)",,,,,,,https://www.amazon.com/stores/GutzyOrganic/page/ACA5487E-DB39-4234-A0C1-079155597268,Keep Moving,,Yes,none,"Gutzy (0 products, Applique Patches - likely unrelated); Keep Moving Forward novelty apparel (unrelated)",Yes,retry 'Gutzy' no active match; Gutzy Organic Amazon storefront found,Not needed,,,,,SmartScout,,not found,,,,,,,,,,,,,,,,,,,,,Not found; industry-level: storefront exists but no measurable sales in marketplace data,No brand record ('Gutzy' record has 0 products); sheet: Gutzy Organic storefront found,Gutzy Organic on Amazon,"Hi {{first_name}},

Saw that Gutzy Organic exhibited at FNCE last year.

From what we can see, Gutzy Organic has an Amazon storefront, but the listings aren't registering measurable sales in the public marketplace data we look at. Gut health snacks are a category where Amazon search volume is real and growing, so a storefront that isn't being run is mostly handing that demand to whoever ranks.

We recently helped a brand go from no Amazon presence to a $1M+ annual run rate within six months. We manage the channel end to end.

Is Amazon something you're looking at more seriously?

Yoni
","combined exhibitor name; queried Gutzy Organic (brand), 'Gutzy' record empty; industry-level email",2026-09-25T16:15:19
1 - Confirmed on Amazon,FNCE 2025,Purity Coffee,"YES on Amazon (Google only, no SmartScout brand record)",,,,,,,https://www.amazon.com/stores/PurityCoffee/page/3858DFF0-CE0A-406F-9C8C-C57900A9AAEB,Purity Coffee,,Yes,none,,Yes,SmartScout not run (monthly AI usage quota exhausted); Amazon storefront found,Not needed,,,,,SmartScout,Purity Coffee,exact,Grocery & Gourmet Food,Ground Coffee,897663.94,12154156.07,34,2647,4.36,54.45,1.5,PurityCoffee,0,-0.112,,True,,"FLOW Original Medium Roast Whole Bean (12oz Bag) | B09T9854DQ | $108,460; FLOW Original Medium Roast Whole Bean (5lb Bag) | B09T9FK2MB | $106,851; FLOW Original Medium Roast Ground (12oz Bag) | B0D67Z89LD | $106,691; EASE Low Acid Dark Roast Ground (12oz Bag) | B0D681NCDK | $74,820; EASE Low Acid Dark Roast Whole Bean (5lb Bag) | B09T8PKZ55 | $62,301",PurityCoffee: 92.2%; MyConnects: 7.8%,2,Brand direct,7.8,Strong brand-direct position (~92%); month down ~11%; one reseller (MyConnects) on two listings; modest ask,"PurityCoffee 92.2%; MyConnects 7.8%; monthly rev ~$898k; 34 products; 2,647 reviews; MoM -11.2%",Purity Coffee on Amazon,"Hi {{first_name}},

Saw that Purity Coffee exhibited at FNCE last year.

Looking at your listings, Purity Coffee is doing close to $900k a month on Amazon through your own account, which is a strong position. Two things stand out. The month looks to be down about 10%, and a seller called MyConnects is taking close to 8% on two listings. I know you have people on this, so this is more a second set of eyes than a pitch.

We manage Amazon for brands end to end, including strategy, content, advertising, inventory and operations.

Open to a 20 minute look at where the dip is coming from?

Yoni
",sheet had no seller info; fresh data shows brand direct,2026-09-25T16:15:19
1 - Confirmed on Amazon,FNCE 2025,Redmond Real Salt,YES on Amazon (direct Amazon verification),,,,,,,https://www.amazon.com/stores/Redmond/page/A262E691-0774-414D-AA31-FDEA03F6BB10,Redmond Real Salt,,No (SmartScout monthly quota exhausted),,,Not checked,,Yes,Brand store; sold by Redmond Life,REDMOND,https://www.amazon.com/stores/Redmond/page/A262E691-0774-414D-AA31-FDEA03F6BB10,Brand (Seller Central),Yes,REDMOND,exact,Health & Household,Sports Nutrition Electrolyte Replacement Drinks,5865388.48,81031257.32,211,106946,4.56,38.69,2.66,,0,-0.069,,True,,"REDMOND Re-Lyte Sugar Free Electrolyte Powder Drink Mix (Mixed Berry) | B088GJ7VK6 | $722,227; REDMOND Re-Lyte Sugar Free Electrolyte Powder Drink Mix (Lemon Lime) | B088G2F4ZJ | $721,829; REDMOND Re-Lyte Sugar Free Electrolyte Powder Mix (Strawberry Lemonade) | B097QF7HVH | $721,626; Redmond Re-Lyte Sugar Free Electrolyte Powder Drink Mix (Watermelon Lime) | B08QV7Q6QX | $434,560; REDMOND Re-Lyte Sugar Free Electrolyte Powder Drink Mix (Mango) | B097QBZCVK | $386,270",Redmond Life: 95.7%; Redmond Minerals: 2.3%; CostumeBoom: 0.3%; Country Life Natural Foods: 0.3%; Whole Foods Market: 0.2%,6,Brand direct,1.0,"Very large, brand direct; Re-Lyte carries the top listings, Real Salt not in top five; month down ~7%; narrow ask",Redmond Life 95.7%; Redmond Minerals 2.3%; monthly rev ~$5.9M; 211 products; 107k reviews; MoM -6.9%; top 5 all Re-Lyte,Real Salt versus Re-Lyte on Amazon,"Hi {{first_name}},

Saw that Redmond exhibited at FNCE last year.

From what we can see, Redmond does close to $6M a month on Amazon through your own accounts, and the Re-Lyte flavors carry it, each doing several hundred thousand a month. Real Salt itself doesn't show up in the top listings, and the month looks to be down about 7%. I know Redmond has an Amazon team. This is a narrow question about the salt line specifically.

We manage Amazon for brands end to end, including strategy, content, advertising, inventory and operations.

Open to a 20 minute look at how Real Salt is positioned next to Re-Lyte?

Yoni
","sheet Brand (Seller Central) confirmed; very large brand, narrow ask",2026-09-25T16:15:19
"2 - Possible, verify",FNCE 2025,"Resbiotic Nutrition, Inc.","LISTED on Amazon, reseller / seller unclear (direct Amazon verification)",,,,,,,https://www.amazon.com/stores/ResbioticNutrition/page/3F4A8028-535F-4EE2-97B9-86C96C038AF7,Resbiotic Nutrition,,No (SmartScout monthly quota exhausted),,,Not checked,,Possible,Brand store; sold by LUMlNlZE,ResBiotic,https://www.amazon.com/stores/ResbioticNutrition/page/3F4A8028-535F-4EE2-97B9-86C96C038AF7,Third-party resellers,Yes,ResBiotic,exact,Health & Household,Acidophilus Nutritional Supplements,80437.73,671676.85,10,751,4.18,76.95,1.8,ResBiotic,0,0.009,,True,,"resB Lung Support Probiotic Supplement, 60 Capsules | B09MDJ4GLQ | $57,139; resB Lung Support Probiotic Supplement, 180 Capsules, 3 Bottles | B0BZJW4GQ1 | $19,508; resG prebeet Prebiotics Drink - 560g, 90 Servings | B0CKZLCVL2 | $948; resG prebeet Prebiotics Drink - 180g, 30 Servings | B0CKZJLK5Y | $784; resG prebeet Prebiotic Supplement - 30 Stick Packs | B0DPLKR1PP | $733",LUMlNlZE: 99.7%; resbiotic: 0.3%,2,Third-party resellers,99.7,Nearly all revenue through a single seller (LUMlNlZE) while the brand's own account sells almost nothing,LUMlNlZE 99.7%; resbiotic 0.3%; monthly rev ~$80k; 10 products; 751 reviews; rating 4.18; resB 60ct ~$57k/mo,Who sells ResBiotic on Amazon,"Hi {{first_name}},

Saw that ResBiotic exhibited at FNCE last year.

Looking at your listings, ResBiotic is doing about $80k a month on Amazon, and almost all of it runs through a seller called LUMlNlZE, while your own account has a few listings doing almost nothing. If that's a partner you chose, fine. If it isn't, that seller controls the Buy Box, pricing and margin on resB, which is carrying the whole brand on Amazon.

We manage Amazon for brands end to end, including strategy, content, advertising, inventory and operations.

Would it make sense to have a quick conversation about who should own the channel?

Yoni
","sheet third-party (LUMlNlZE) confirmed; LUMlNlZE may be an affiliated account, verify",2026-09-25T16:15:19
1 - Confirmed on Amazon,FNCE 2025,SimplyThick,YES on Amazon (direct Amazon verification),,,,,,,https://www.amazon.com/stores/SimplyThick/page/9E8195C2-5B74-4AD7-BB16-92FDDCF17A00,SimplyThick,,No (SmartScout monthly quota exhausted),,,Not checked,,Yes,"Brand store; sold by SimplyThick, LLC",Simply Thick,https://www.amazon.com/stores/SimplyThick/page/9E8195C2-5B74-4AD7-BB16-92FDDCF17A00,Brand (Seller Central),Yes,Simply Thick,exact,Health & Household,Daily Living Eating & Drinking Aids,814118.49,9568074.48,13,9310,4.52,73.21,6.62,"SimplyThick, LLC",0,0.113,,True,,"SimplyThick EasyMix | 302 Servings | 55 Fl Oz Bottle with Pump | B07934C3RY | $427,197; SimplyThick EasyMix | 100 Count of 12g Individual Packets | B079349C6C | $125,727; SimplyThick EasyMix | 200 Count of 6g Individual Packets | B07934WLC2 | $91,359; SimplyThick EasyMix | 80 Count of 6g Individual Packets | B09KNXTR9W | $83,830; SimplyThick EasyMix | 92 Servings | 16.9 Fl Oz Bottle with Pump | B08GQDMXPK | $60,074","SimplyThick, LLC: 68.1%; SimplyMedical: 27.4%; Vitamins To Go: 4.4%",3,Mixed,31.9,Brand sells ~68% direct; ~32% through resellers (SimplyMedical 27%) on the same EasyMix listings; growing,"SimplyThick, LLC 68.1%; SimplyMedical 27.4%; Vitamins To Go 4.4%; monthly rev ~$814k; 13 products; 9,310 reviews; MoM +11.3%",Reseller share on SimplyThick listings,"Hi {{first_name}},

Saw that SimplyThick exhibited at FNCE last year.

Looking at your listings, SimplyThick is doing about $800k a month on Amazon and growing, with your own account selling roughly two thirds of it. SimplyMedical takes close to 30% on the same EasyMix listings, and Vitamins To Go a bit more. On a 13 product catalog that's a lot of Buy Box and margin sitting with resellers, and it tends to grow as the listings grow.

We manage Amazon for brands end to end, including strategy, content, advertising, inventory and operations.

Would it make sense to have a quick conversation about tightening up the reseller side?

Yoni
",sheet Brand (Seller Central); fresh data shows 32% resellers (Mixed),2026-09-25T16:15:19
1 - Confirmed on Amazon,FNCE 2025,Splenda,YES on Amazon (direct Amazon verification),,,,,,,https://www.amazon.com/stores/Splenda/page/8F52825A-58D4-4E76-9EA1-5216B53124E0,Splenda,,No (SmartScout monthly quota exhausted),,,Not checked,,Yes,Brand store; sold by Amazon.com,SPLENDA,https://www.amazon.com/stores/Splenda/page/8F52825A-58D4-4E76-9EA1-5216B53124E0,Amazon (Vendor),Yes,Splenda,exact,Grocery & Gourmet Food,Stevia Sugar Substitutes,2074850.52,27069784.92,196,208964,4.47,20.89,1.84,Amazon.com,96.2,0.054,,True,,"SPLENDA Zero Calorie Sweetener, 800 Count Packets | B0BLBJL2D4 | $372,731; SPLENDA Zero Calorie Sweetener, Granulated, Twin Pack Bags, 25.22 Ounce | B0058V22TI | $163,648; SPLENDA Zero Calorie Sweetener, 2000 Count Packets | B000LRO5O4 | $125,371; SPLENDA Zero Calorie Sweetener, 200 Count Packets | B005IHUYVA | $98,942; SPLENDA Stevia Zero Calorie Sweetener, 19 oz Jar | B08G5DW3ZZ | $81,140",Amazon.com: 96.2%; Heartland Food: 1.8%; TBC UK: 0.4%; FoodserviceDirect Inc.: 0.4%; PARTNER STORE USA: 0.4%,6,Amazon 1P,3.4,Amazon 1P ~96% (vendor); large brand; narrow ask on advertising and content,Amazon.com 96.2%; Heartland Food 1.8%; monthly rev ~$2.07M; 196 products; 209k reviews; MoM +5.4%,Splenda vendor side on Amazon,"Hi {{first_name}},

Saw that Splenda exhibited at FNCE last year.

From what we can see, Splenda does about $2M a month on Amazon, nearly all of it sold by Amazon as a vendor, with the 800 count packets alone around $370k. I know Splenda has people on the account. The gap we usually see on vendor-heavy brands is that Amazon controls price and inventory while advertising and content sit in between teams, and that shows up in how the newer stevia and allulose lines rank.

We manage Amazon for brands end to end, including strategy, content, advertising, inventory and operations.

Open to a 20 minute look at the vendor side?

Yoni
","sheet Amazon (Vendor) confirmed; large brand, narrow ask",2026-09-25T16:15:19
"2 - Possible, verify",FNCE 2025,Standard Process,"LISTED on Amazon, reseller / seller unclear (direct Amazon verification)",,,,,,,https://www.amazon.com/stores/StandardProcess/page/F327435B-1409-49EA-94CA-E9566BA091C7,Standard Process,,No (SmartScout monthly quota exhausted),,,Not checked,,Possible,Brand store; sold by Pattern.,Standard Process Inc.,https://www.amazon.com/stores/StandardProcess/page/F327435B-1409-49EA-94CA-E9566BA091C7,Third-party resellers,Yes,Standard Process Inc.,exact,Health & Household,Blended Vitamin & Mineral Supplements,3186033.19,43604271.47,257,78720,4.62,53.08,1.18,Pattern.,0,0.006,,True,,"Standard Process Zypan, 330 Tablets | B07DP646ZD | $130,099; Standard Process Ligaplex II, 150 Capsules | B0037MGBPQ | $126,673; Standard Process Drenamin, 90 Tablets | B0C26JLCQQ | $91,991; Standard Process Magnesium Lactate, 60 Tablets | B0FP3C8LXZ | $87,741; Standard Process Tuna Omega-3 Oil, 120 Softgels | B0019FQTHI | $63,195",Pattern.: 93.8%; Tee Distributions: 3.0%; Triple T Trade co.: 1.2%; Informed Living: 0.7%; LEVANI Partners: 0.7%,6,Third-party resellers,99.6,Entire channel runs through Pattern (~94%); brand not the seller; large,Pattern. 93.8%; Tee Distributions 3%; Triple T Trade 1.2%; monthly rev ~$3.19M; 257 products; 79k reviews; MoM +0.6%,Standard Process on Amazon,"Hi {{first_name}},

Saw that Standard Process exhibited at FNCE last year.

From what we can see, Standard Process does about $3M a month on Amazon, and nearly all of it runs through Pattern rather than a Standard Process account. That's a real model and it clearly moves product. The tradeoff is margin and control, since the seller of record owns pricing, the Buy Box and the customer data, and the month looks flat. I know you have people on this.

We manage Amazon for brands end to end, including strategy, content, advertising, inventory and operations.

Open to a 20 minute conversation on how the Pattern arrangement is working versus owning it directly?

Yoni
","sheet third-party (Pattern.) confirmed; large brand, narrow ask",2026-09-25T16:15:19
1 - Confirmed on Amazon,FNCE 2025,SunButter LLC,YES on Amazon (direct Amazon verification),,,,,,,https://www.amazon.com/stores/SunButter/page/4D76126C-B79D-43F1-BC39-0A838C4CD69E,SunButter,,No (SmartScout monthly quota exhausted),,,Not checked,,Yes,Brand store; sold by Amazon.com,SunButter,https://www.amazon.com/stores/SunButter/page/4D76126C-B79D-43F1-BC39-0A838C4CD69E,Amazon (Vendor),Yes,SunButter,exact,Grocery & Gourmet Food,Butter,320726.49,2537146.54,35,9023,4.36,36.86,7.63,Amazon.com,76.2,0.108,,True,,"SunButter Organic Sunflower Seed Butter, 16 oz | B003PWJFXS | $64,985; SunButter Original Sunflower Seed Butter, 16 Oz | B000VK84P2 | $59,922; SunButter No Sugar Added Sunflower Seed Butter, 16 Oz, Pack of 6 | B00J074W9Y | $30,374; SunButter Creamy Sunflower Seed Butter, 16 Oz, Pack of 6 | B002OK6E6I | $28,941; SunButter Original Sunflower Seed Butter, 16 Oz, Pack of 6 | B001HTIUDC | $24,915",Amazon.com: 76.2%; Vitamins To Go: 15.9%; VitaVerr: 2.8%; Whole Foods Market: 1.1%; Modernparty: 1.0%,6,Amazon 1P,21.6,Amazon 1P ~76% (vendor); Vitamins To Go appeared this month at ~16% on one listing; growing,Amazon.com 76.2%; Vitamins To Go 15.9% (new this month); VitaVerr 2.8%; monthly rev ~$321k; 35 products; MoM +10.8%,SunButter listings on Amazon,"Hi {{first_name}},

Saw that SunButter exhibited at FNCE last year.

Looking at your listings, SunButter is doing about $320k a month on Amazon and growing, with Amazon selling about three quarters of it as a vendor. What stands out is a reseller called Vitamins To Go that showed up this month and is already taking close to 16% on a single listing. On a vendor setup that means someone else is undercutting Amazon on your own product and nobody owns the response.

We manage Amazon for brands end to end, including strategy, content, advertising, inventory and operations.

Open to a 20 minute look at the reseller side?

Yoni
",sheet Amazon (Vendor) confirmed,2026-09-25T16:15:19
"2 - Possible, verify",FNCE 2025,That's it. Nutrition,"LISTED on Amazon, reseller / seller unclear (direct Amazon verification)",,,,,,,https://www.amazon.com/dp/B0D1VWMVL7,That's it. Nutrition,,No (SmartScout monthly quota exhausted),,,Not checked,,Possible,No brand store found; seller not shown; name from Amazon search label,That's it.,,Unknown,Yes,That's it.,exact,Grocery & Gourmet Food,Fruit Bars,1481848.28,19038872.54,71,35341,4.34,28.35,2.9,That's it.,0.2,0.048,,False,,"That's it. Mini Fruit Bars, No Sugar Added | B0D1VWMVL7 | $380,552; That's it. Variety Pack 100% Natural Real Fruit Bar, 12 Pack | B01GD5Y3EY | $146,641; That's it. Large Fruit Bars Variety Pack (20 Pack) | B07VFY3T2S | $114,904; That's it. Fruit Crunchables Variety Pack (16 Pack) | B0DK8VM92H | $110,145; That's it. Mini Fruit Bars Gift Pouch (Variety 36 Count) | B0C8C49ZJ3 | $109,263",That's it.: 97.2%; OVERTIME WHOLESALE: 0.5%; The Bena Group: 0.4%; MeltingPoint Shop: 0.4%; Thesecondjob: 0.3%,6,Brand direct,1.9,"Strong brand-direct position (~97%), growing; no brand storefront showing; modest ask",That's it. 97.2%; monthly rev ~$1.48M; 71 products; 35k reviews; MoM +4.8%; mini fruit bars listing ~$380k/mo; storefront false,That's it. on Amazon,"Hi {{first_name}},

Saw that That's it. exhibited at FNCE last year.

Looking at your listings, That's it. is doing close to $1.5M a month on Amazon through your own account and growing, with the mini fruit bars listing alone around $380k. That's a strong position. The one gap we can see is that no brand storefront shows up in marketplace data, which matters at that scale for ad traffic and for keeping the catalog together. I know you have people on this.

We manage Amazon for brands end to end, including strategy, content, advertising, inventory and operations.

Open to a 20 minute look at where the next stretch of growth is?

Yoni
",sheet sold_by Unknown; fresh data shows brand direct,2026-09-25T16:15:19
1 - Confirmed on Amazon,FNCE 2025,Theralogix,YES on Amazon (direct Amazon verification),,,,,,,https://www.amazon.com/stores/Theralogix/page/F6805C23-9592-4AF3-86C9-D9EB401B2436,Theralogix,,No (SmartScout monthly quota exhausted),,,Not checked,,Yes,Brand store; sold by Theralogix,Theralogix,https://www.amazon.com/stores/Theralogix/page/F6805C23-9592-4AF3-86C9-D9EB401B2436,Brand (Seller Central),Yes,Theralogix,exact,Health & Household,Vitamin B8 (Inositol) Supplements,2788946.07,37144561.64,50,15204,4.49,87.24,1.68,Pattern Products,0,-0.176,,True,,"Theralogix Ovasitol Canister | B0CT6LK1JS | $804,130; Theralogix TheraCran One Cranberry | B06WGSJG33 | $392,556; Theralogix TheraNatal Complete Prenatal Vitamin | B078NVJ47N | $277,483; Theralogix Ovasitol Packets | B01BT92C24 | $179,351; Theralogix NeoQ10 | B01C3FVUVW | $145,070",Theralogix: 100.0%; Pattern Products: 0.0%,2,Brand direct,0.0,"Strong brand-direct position, but month down ~18%; Ovasitol carries the channel; second-set-of-eyes ask",Theralogix 99.97%; monthly rev ~$2.79M; 50 products; 15k reviews; MoM -17.6%; Ovasitol canister ~$804k/mo,Theralogix on Amazon,"Hi {{first_name}},

Saw that Theralogix exhibited at FNCE last year.

Looking at your listings, Theralogix is doing close to $3M a month on Amazon through your own account, with Ovasitol alone around $800k. The month looks to be down close to 18%, which on a catalog this concentrated usually traces to one or two listings and to advertising or ranking on them rather than demand. I know you have people on this, so this is a second set of eyes.

We manage Amazon for brands end to end, including strategy, content, advertising, inventory and operations.

Open to a 20 minute look at where the dip is coming from?

Yoni
",sheet Brand (Seller Central) confirmed,2026-09-25T16:15:19
1 - Confirmed on Amazon,FNCE 2025,"Thick-It/Kent-Precision Foods Group, Inc.",YES on Amazon (direct Amazon verification),,,,,,,https://www.amazon.com/stores/Thick-It/page/8E979011-F666-4F4B-B43A-4094FC803FD9,Thick-It,,No (SmartScout monthly quota exhausted),,,Not checked,,Yes,Brand store; sold by Amazon.com,Thick-It,https://www.amazon.com/stores/Thick-It/page/8E979011-F666-4F4B-B43A-4094FC803FD9,Amazon (Vendor),Yes,THICK-IT,exact,Grocery & Gourmet Food,Cooking & Baking Thickeners,278413.57,3726245,63,17156,4.13,57.2,5.62,,83.6,0.096,,True,,"Thick-It Original Food & Beverage Thickener Powder, 36 oz Canister | B0011TUM3E | $60,264; Thick-It Original Thickener Powder, 36 oz Canister, 2 Pack | B08MXLTZ76 | $38,511; Thick-It Clear Advantage Mildly Thick Water, 8 oz, 24 Pack | B00DXORLT8 | $19,729; Thick-It Puree Protein Variety Pack, 15 oz, 12 Pack | B08FFPF8VR | $19,263; Thick-It Original Thickener Powder, 10 oz Canister | B00CMQDPC0 | $17,875",Amazon.com: 83.6%; SimplyMedical: 12.1%; Honest Medical: 2.0%; IRONMED: 0.7%; Engoloids Medical LLC: 0.4%,6,Amazon 1P,15.6,Amazon 1P ~84% (vendor); SimplyMedical ~12%; growing; 4.13 rating,Amazon.com 83.6%; SimplyMedical 12.1%; Honest Medical 2%; monthly rev ~$278k; 63 products; 17k reviews; rating 4.13; MoM +9.6%,Thick-It vendor side on Amazon,"Hi {{first_name}},

Saw that Thick-It exhibited at FNCE last year.

Looking at your listings, Thick-It is doing about $280k a month on Amazon and growing, with Amazon selling about 84% as a vendor and SimplyMedical taking most of the rest. The rating sits around 4.1, lower than the category leaders, and on a vendor setup content and advertising tend to be the pieces nobody fully owns. That's usually where the gap is.

We manage Amazon for brands end to end, including strategy, content, advertising, inventory and operations.

Open to a 20 minute look at the vendor side?

Yoni
",sheet Amazon (Vendor) confirmed; combined exhibitor name; queried Thick-It,2026-09-25T16:15:19
"2 - Possible, verify",FNCE 2025,Tonnino,"LISTED on Amazon, reseller / seller unclear (direct Amazon verification)",,,,,,,https://www.amazon.com/stores/Tonnino/page/405F9F42-51CB-4BB4-9CE8-61907A2D23A7,Tonnino,,No (SmartScout monthly quota exhausted),,,Not checked,,Possible,Brand store; sold by Planet Gourmet,Tonnino,https://www.amazon.com/stores/Tonnino/page/405F9F42-51CB-4BB4-9CE8-61907A2D23A7,Third-party resellers,Yes,Tonnino,exact,Grocery & Gourmet Food,Packaged Tuna Fish,371963.49,4896274.49,76,7729,4.42,40.8,7.21,Planet Gourmet,11.9,-0.01,,True,,"Tonnino Olive Oil Yellowfin Tuna Fillets, 6.7 oz 6pk | B01FRP21K4 | $93,642; Tonnino Yellowfin Tuna in Olive Oil, Pack of 12 Cans | B07QM9J8VT | $45,379; Tonnino Spring Water Yellowfin Tuna Fillets, 6.7 oz Pack of Six | B07QN69G3N | $32,856; Tonnino Yellowfin Tuna in Spring Water, Pack of 12 Cans | B07QM9KD2S | $17,475; Tonnino Yellowfin Tuna Fillets in Olive Oil, 6.7 OZ | B07Q6PHT5C | $17,411",Planet Gourmet: 40.4%; Navistro: 14.6%; Amazon.com: 11.9%; The Bena Group: 5.4%; Royalty Privilege: 4.5%,6,Mixed,68.8,"Sold by distributors and resellers (Planet Gourmet 40%, Navistro 15%, Amazon 12%); no brand account",Planet Gourmet 40.4%; Navistro 14.6%; Amazon.com 11.9%; The Bena Group 5.4%; monthly rev ~$372k; 76 products; MoM -1%,Who sells Tonnino on Amazon,"Hi {{first_name}},

Saw that Tonnino exhibited at FNCE last year.

Looking at your listings, Tonnino is doing about $370k a month on Amazon, but none of it through a Tonnino account. Planet Gourmet sells about 40%, Navistro and a long tail of resellers most of the rest, and Amazon itself around 12%. For a premium tuna brand, that means price, content and the Buy Box on the olive oil fillets are set by whoever has stock that week.

We manage Amazon for brands end to end, including strategy, content, advertising, inventory and operations.

Would it make sense to have a quick conversation about owning the channel directly?

Yoni
",sheet third-party (Planet Gourmet) confirmed,2026-09-25T16:15:19
"2 - Possible, verify",FNCE 2025,ZEGO,"LISTED on Amazon, reseller / seller unclear (direct Amazon verification)",,,,,,,https://www.amazon.com/stores/ZEGO/page/76A645B2-FF8E-424A-B841-92E504F45A86,ZEGO,,No (SmartScout monthly quota exhausted),,,Not checked,,Possible,Brand store; sold by Exo global distribution,ZEGO,https://www.amazon.com/stores/ZEGO/page/76A645B2-FF8E-424A-B841-92E504F45A86,Third-party resellers,Yes,ZEGO,exact,Grocery & Gourmet Food,Muesli,19879.54,224432.2,16,332,4.15,44.84,5.25,,4.8,0.199,,True,,"ZEGO Double Protein Raw Oats, 14oz (2 Pack) | B07TXRN6GM | $4,962; ZEGO Double Protein Raw Oats, 14oz (Single) | B07N8HVLYS | $4,359; ZEGO Double Protein Raw Oats, Bundle of 5 Bags | B09KSVHKD8 | $2,251; ZEGO Foods Organic Superfood Oatmeal & Muesli (Cinnamon Twist) 13oz | B07TJ24ZX2 | $2,093; ZEGO Foods Organic Superfood Oatmeal & Muesli (Apple Cranberry) 13oz | B07THLL9R4 | $1,969",S. Republic: 14.0%; TheNewMall: 11.8%; Paradine Services: 11.8%; ZEGO: 8.8%; Judices Corner: 8.3%,6,Mixed,53.4,"Brand account sells under 10%; a dozen resellers split the rest; small footprint, growing",S. Republic 14%; TheNewMall 11.8%; Paradine Services 11.8%; ZEGO 8.8%; monthly rev ~$20k; 16 products; MoM +19.9%,ZEGO listings on Amazon,"Hi {{first_name}},

Saw that ZEGO exhibited at FNCE last year.

Looking at your listings, ZEGO is doing about $20k a month on Amazon, but your own account sells under 10% of it. The rest is split across a dozen resellers like S. Republic, TheNewMall and Paradine Services, none of whom are managing content or advertising on the oats and muesli. The month is up, so the demand is there. The brand just isn't the one capturing it.

We manage Amazon for brands end to end, including strategy, content, advertising, inventory and operations.

Would it make sense to have a quick conversation about owning the channel directly?

Yoni
",sheet third-party (Exo global distribution) confirmed; brand account present at 8.8%,2026-09-25T16:15:19
1 - Confirmed on Amazon,Las Vegas Souvenir & Resort Gift Show 2026,A.T. Storrs Ltd.,"YES on Amazon (Google only, no SmartScout brand record)",,,,,,,https://www.amazon.com/Clothing-Shoes-Jewelry-T-STORRS/s?rh=n%3A7141123011%2Cp_4%3AA.T.%2BSTORRS,A.T. Storrs,,Yes,none,,Yes,A.T. STORRS brand page in Clothing/Jewelry,Not needed,,,,,SmartScout,,not found,,,,,,,,,,,,,,,,,,,,,"Not found; industry-level: jewelry brand page exists, no measurable sales in marketplace data",No brand record on two attempts; sheet: A.T. STORRS brand page in Clothing/Jewelry,A.T. Storrs on Amazon,"Hi {{first_name}},

Saw you're exhibiting at the Las Vegas Souvenir & Resort Gift Show next week.

From what we can see, A.T. Storrs has a brand page on Amazon in jewelry, but the listings aren't registering measurable sales in public marketplace data. Souvenir and gift jewelry does well on Amazon when a brand owns the listings and runs them, since shoppers search for the piece they saw in a resort shop long after the trip.

We recently helped a brand go from no Amazon presence to a $1M+ annual run rate within six months. We manage the channel end to end.

Is Amazon something you're looking at more seriously?

Yoni
","no brand record on two attempts (A.T. Storrs, A.T. STORRS); industry-level email",2026-09-25T16:15:19
1 - Confirmed on Amazon,Las Vegas Souvenir & Resort Gift Show 2026,Advance Wildlife Education,"YES on Amazon (Google only, no SmartScout brand record)",,,,,,,https://www.amazon.com/Advance-Wildlife-Education-Educational-Coloring/dp/B084HB4DNN,Advance Wildlife Education,,Yes,none,,Yes,coloring book listed on amazon,Not needed,,,,,SmartScout,,not found,,,,,,,,,,,,,,,,,,,,,"Not found; industry-level: one coloring book listing, no measurable sales",No brand record on two attempts; sheet: coloring book listed on Amazon,Advance Wildlife Education on Amazon,"Hi {{first_name}},

Saw you're exhibiting at the Las Vegas Souvenir & Resort Gift Show next week.

Looking at your listings, Advance Wildlife Education shows up on Amazon with a coloring book, but the listing isn't registering measurable sales in public marketplace data. Educational and nature titles for kids are a steady Amazon search, especially from parents and teachers who saw the product at a park or museum shop, and that demand goes to whoever has a managed listing.

We recently helped a brand go from no Amazon presence to a $1M+ annual run rate within six months. We manage the channel end to end.

Is Amazon something you're looking at more seriously?

Yoni
",no brand record on two attempts; industry-level email; weaker fit: small publisher,2026-09-25T16:15:19
1 - Confirmed on Amazon,Las Vegas Souvenir & Resort Gift Show 2026,AdventureKEEN,"YES on Amazon (Google only, no SmartScout brand record)",,,,,,,https://www.amazon.com/stores/AdventureKEENChildren/page/7E910114-4287-4AFE-9350-A5736640ECA8,AdventureKEEN,,Yes,none,,Yes,Amazon storefront found (AdventureKEEN Children),Not needed,,,,,SmartScout,Adventure Publications,close,Books,Birdwatching Travel Guides,63917.78,208496.03,352,67058,4.67,13.41,17.89,Amazon.com,95.0,-0.357,,False,,"Gemstone Tumbling, Cutting, Drilling & Cabochon Making | 1591934605 | $538; Home Winemaking: The Simple Way to Make Delicious Wine | 159193947X | $502; The Rocky Mountain Plant Guide | 1647553253 | $493; Eat the Weeds: A Forager's Guide | 164755179X | $441; Mushrooms of the Northeast | 1591935911 | $426",Amazon.com: 95.0%; eGoods365: 0.6%; Shakespeare Book House: 0.5%; Mom of Three Boys: 0.4%; BOOK_DEPOT: 0.4%,6,Amazon 1P,2.0,Publisher; Amazon 1P ~95%; ~350 titles doing ~$64k a month; month down ~36%; narrow ask,Amazon.com 95%; monthly rev ~$64k; 352 products; 67k reviews; MoM -35.7%; top titles ~$500/mo each,AdventureKEEN titles on Amazon,"Hi {{first_name}},

Saw you're exhibiting at the Las Vegas Souvenir & Resort Gift Show next week.

From what we can see, AdventureKEEN has about 350 titles on Amazon under the Adventure Publications imprint doing around $64k a month, nearly all sold by Amazon directly, and the month looks to be down about a third. With that many field guides selling a few hundred dollars each, the lever is usually advertising and A+ content on the backlist rather than new titles.

We manage Amazon for brands end to end, including strategy, content, advertising, inventory and operations.

Open to a 20 minute look at the catalog?

Yoni
","SmartScout record is under imprint 'Adventure Publications'; weaker fit: book publisher, Amazon 1P",2026-09-25T16:15:19
1 - Confirmed on Amazon,Las Vegas Souvenir & Resort Gift Show 2026,Ahead LLC,"YES on Amazon (Google only, no SmartScout brand record)",,,,,,,https://amazon.com/Golf-Ahead-Sports-Fitness/s?rh=n%3A3410851%2Cp_4%3AAhead,Ahead,,Yes,none,"Two Feet Ahead, Aheadlink, Lightahead (unrelated substring hits)",Yes,Ahead golf brand page on amazon,Not needed,,,,,SmartScout,Ahead,wrong match,,,,,,,,,,,,,,,,,,,,,"Wrong match; industry-level: golf headwear brand page, no brand storefront visible",'Ahead' record is a drum accessories brand; sheet: Ahead golf brand page on Amazon,Ahead headwear on Amazon,"Hi {{first_name}},

Saw you're exhibiting at the Las Vegas Souvenir & Resort Gift Show next week.

From what we can see, Ahead's golf headwear shows up on Amazon under a brand page, but we don't see a brand storefront behind it. For a golf shop and resort brand, Amazon is usually where someone goes to rebuy the hat they picked up at a course, and that demand goes to whoever holds the listing that week.

We recently helped a brand go from no Amazon presence to a $1M+ annual run rate within six months. We manage the channel end to end.

Is Amazon something you're looking at more seriously?

Yoni
",'Ahead' matched an unrelated drum accessories brand; industry-level email from row info,2026-09-25T16:15:19
1 - Confirmed on Amazon,Las Vegas Souvenir & Resort Gift Show 2026,American Backcountry,"YES on Amazon (Google only, no SmartScout brand record)",,,,,,,https://www.amazon.com/stores/AmericanBackcountry/page/69205140-8B9E-4D4C-A977-CE1BDA149A61,American Backcountry,,Yes,none,,Yes,Amazon storefront found,Not needed,,,,,SmartScout,,not found,,,,,,,,,,,,,,,,,,,,,Not found; industry-level: storefront exists but no measurable sales in marketplace data,No brand record on two attempts; sheet: Amazon storefront found,American Backcountry on Amazon,"Hi {{first_name}},

Saw you're exhibiting at the Las Vegas Souvenir & Resort Gift Show next week.

From what we can see, American Backcountry has an Amazon storefront, but the listings aren't registering measurable sales in the public marketplace data we look at. Park and destination apparel is a real Amazon category, since people search for the shirt they saw on a trip, and a storefront that isn't being run mostly sends that demand elsewhere.

We recently helped a brand go from no Amazon presence to a $1M+ annual run rate within six months. We manage the channel end to end.

Is Amazon something you're looking at more seriously?

Yoni
",no brand record on two attempts; industry-level email,2026-09-25T16:15:19
1 - Confirmed on Amazon,Las Vegas Souvenir & Resort Gift Show 2026,Avalon Meat Candy,"YES on Amazon (Google only, no SmartScout brand record)",,,,,,,https://www.amazon.com/Avalon-Meat-Candy-Crispy-protein/dp/B0H8BX2P1X,Avalon Meat Candy,,Yes,none,,Yes,beef jerky chips listed on amazon,Not needed,,,,,SmartScout,,not found,,,,,,,,,,,,,,,,,,,,,"Not found; industry-level: one jerky chips listing, no measurable sales",No brand record on two attempts; sheet: beef jerky chips listed on Amazon,Avalon Meat Candy on Amazon,"Hi {{first_name}},

Saw you're exhibiting at the Las Vegas Souvenir & Resort Gift Show next week.

Looking at your listings, Avalon Meat Candy is on Amazon with a jerky chips listing that isn't registering measurable sales in public marketplace data. Jerky and meat snacks are one of the stronger gift-shop categories on Amazon, since customers reorder after the trip, and it takes content, advertising and reviews on the listing to catch that.

We recently helped a brand go from no Amazon presence to a $1M+ annual run rate within six months. We manage the channel end to end.

Is Amazon something you're looking at more seriously?

Yoni
",no brand record on two attempts; industry-level email,2026-09-25T16:15:19
1 - Confirmed on Amazon,Las Vegas Souvenir & Resort Gift Show 2026,Bigfoot Sock Co / Sock Harbor,"YES on Amazon (Google only, no SmartScout brand record)",,,,,,,https://www.amazon.com/Clothing-Shoes-Jewelry-Bigfoot-Sock-Co/s?rh=n%3A7141123011%2Cp_4%3ABigfoot%2BSock%2BCo.,Bigfoot Sock,,Yes,none,,Yes,Bigfoot Sock Co. brand page on amazon,Not needed,,,,,SmartScout,,not found,,,,,,,,,,,,,,,,,,,,,"Not found; industry-level: brand page exists, no measurable sales in marketplace data",No brand record on two attempts; sheet: Bigfoot Sock Co. brand page on Amazon,Bigfoot Sock Co on Amazon,"Hi {{first_name}},

Saw you're exhibiting at the Las Vegas Souvenir & Resort Gift Show next week.

From what we can see, Bigfoot Sock Co has a brand page on Amazon, but the listings aren't registering measurable sales in public marketplace data. Novelty socks are a big Amazon gift category, especially in Q4, and the brands that win there own their listings and run advertising on them rather than relying on the gift-shop customer to find them.

We recently helped a brand go from no Amazon presence to a $1M+ annual run rate within six months. We manage the channel end to end.

Is Amazon something you're looking at more seriously?

Yoni
",combined exhibitor name; queried Bigfoot Sock Co. (Sock Harbor not queried); no brand record on two attempts; industry-level email,2026-09-25T16:15:19
1 - Confirmed on Amazon,Las Vegas Souvenir & Resort Gift Show 2026,Blue Planet Eco-Eyewear,"YES on Amazon (Google only, no SmartScout brand record)",,,,,,,https://www.amazon.com/Colored-Glasses-Blue-Planet-Eco-Eyewear/dp/B0H95VWCGH,Blue Planet Eco-Eyewear,,Yes,none,,Yes,Blue Planet Eco-Eyewear products listed on amazon,Not needed,,,,,SmartScout,Blue Planet,wrong match,,,,,,,,,,,,,,,,,,,,,"Wrong match; industry-level: eyewear listed, no brand record",'Blue Planet' record is Blue Planet Surf balance boards; sheet: Blue Planet Eco-Eyewear products listed,Blue Planet Eco-Eyewear on Amazon,"Hi {{first_name}},

Saw you're exhibiting at the Las Vegas Souvenir & Resort Gift Show next week.

Looking at your listings, Blue Planet Eco-Eyewear is on Amazon, but the listings aren't registering measurable sales in the public marketplace data we look at. Sunglasses are one of the most searched gift categories on Amazon, and an eco story is a real differentiator there if the content, advertising and reviews are actually built.

We recently helped a brand go from no Amazon presence to a $1M+ annual run rate within six months. We manage the channel end to end.

Is Amazon something you're looking at more seriously?

Yoni
",'Blue Planet' matched Blue Planet Surf (balance boards); full name returned empty; industry-level email,2026-09-25T16:15:19
1 - Confirmed on Amazon,Las Vegas Souvenir & Resort Gift Show 2026,Boardwalk Puzzles,"YES on Amazon (Google only, no SmartScout brand record)",,,,,,,https://www.amazon.com/London-Boardwalk-Piece-Jigsaw-Puzzle/dp/B0D88FB937,Boardwalk Puzzles,,Yes,none,,Yes,Boardwalk Puzzles listings and Dowdle storefront page,Not needed,,,,,SmartScout,,not found,,,,,,,,,,,,,,,,,,,,,"Not found; industry-level: puzzle listings exist, no measurable sales in marketplace data",No brand record on two attempts; sheet: Boardwalk Puzzles listings and Dowdle storefront page,Boardwalk Puzzles on Amazon,"Hi {{first_name}},

Saw you're exhibiting at the Las Vegas Souvenir & Resort Gift Show next week.

From what we can see, Boardwalk Puzzles has listings on Amazon, but they aren't registering measurable sales in the public marketplace data we look at. Jigsaw puzzles are a strong Amazon category with a big Q4, and destination and city puzzles in particular sell to people who bought one on a trip and want the next.

We recently helped a brand go from no Amazon presence to a $1M+ annual run rate within six months. We manage the channel end to end.

Is Amazon something you're looking at more seriously?

Yoni
","no brand record on two attempts (Boardwalk Puzzles, Boardwalk Puzzle); sheet mentions a Dowdle storefront page, not queried; industry-level email",2026-09-25T16:15:19
1 - Confirmed on Amazon,Las Vegas Souvenir & Resort Gift Show 2026,Conscious Step,YES on Amazon (direct Amazon verification),,,,,,,https://www.amazon.com/stores/ConsciousStep/page/D1D83D9A-1E78-474E-8423-82A22440F606,Conscious Step,,No (SmartScout monthly quota exhausted),,,Not checked (search budget exhausted),,Yes,Brand store; sold by Conscious Step,Conscious Step,https://www.amazon.com/stores/ConsciousStep/page/D1D83D9A-1E78-474E-8423-82A22440F606,Brand (Seller Central),Yes,Conscious Step,not found,,,,,,,,,,,,,,,,,,,,,"Not found; industry-level: brand storefront, sold direct, no measurable sales in marketplace data","Record exists with 0 products; sheet: brand store, sold by Conscious Step",Conscious Step on Amazon,"Hi {{first_name}},

Saw you're exhibiting at the Las Vegas Souvenir & Resort Gift Show next week.

From what we can see, Conscious Step has a brand storefront on Amazon and sells direct, but the listings aren't registering measurable sales in public marketplace data. Cause-driven socks are a strong gift search on Amazon, and the difference between a storefront that sits there and one that sells is usually content, advertising and reviews.

We recently helped a brand go from no Amazon presence to a $1M+ annual run rate within six months. We manage the channel end to end.

Is Amazon something you're looking at more seriously?

Yoni
",brand record returned 0 products on two attempts; industry-level email; sheet Brand (Seller Central),2026-09-25T16:21:46
1 - Confirmed on Amazon,Las Vegas Souvenir & Resort Gift Show 2026,Cuppa Inc,YES on Amazon (direct Amazon verification),,,,,,,https://www.amazon.com/stores/CuppaHealthyCoffee/page/8F74F86B-0BEB-44B7-AB25-ECDF3280E681,Cuppa,,No (SmartScout monthly quota exhausted),,,Not checked (search budget exhausted),,Yes,Brand store; sold by Cuppa Healthy Coffee,Cuppa Healthy Coffee,https://www.amazon.com/stores/CuppaHealthyCoffee/page/8F74F86B-0BEB-44B7-AB25-ECDF3280E681,Brand (Seller Central),Yes,Cuppa Healthy Coffee,exact,Grocery & Gourmet Food,Instant Coffee,570233.53,7685608.47,34,4893,4.38,37.95,0.97,,0,-0.134,,True,,"Cuppa Medium Roast Mushroom Coffee with Adaptogens (30 Servings) | B0DDYBG1XN | $132,660; Cuppa Coffee Medium Roast with Mushrooms and Adaptogens (60 Servings) | B0DK2M4LM5 | $106,076; Cuppa Medium Roast Mushroom Coffee Pods (24 Servings) | B0DDYDSCY4 | $38,559; Cuppa Salted Caramel Mushroom Coffee (30 Servings) | B0FB9L48TR | $37,530; Cuppa French Vanilla Mushroom Coffee (30 Servings) | B0FSSX142Q | $37,020",Cuppa Healthy Coffee: 100%,1,Brand direct,0,"Strong brand-direct position (~$570k a month); month down ~13% in a crowded, ad-heavy category; second-set-of-eyes ask","Cuppa Healthy Coffee 100%; monthly rev ~$570k; 34 products; 4,893 reviews; MoM -13.4%; top listing ~$133k/mo",Cuppa on Amazon,"Hi {{first_name}},

Saw you're exhibiting at the Las Vegas Souvenir & Resort Gift Show next week.

Looking at your listings, Cuppa is doing about $570k a month on Amazon through your own account, with the 30 serving mushroom coffee carrying it. The month looks to be down about 13%, and mushroom coffee is a category where rank moves fast because everyone is spending on ads. I know you have people on this, so this is a second set of eyes rather than a pitch.

We manage Amazon for brands end to end, including strategy, content, advertising, inventory and operations.

Open to a 20 minute look at where the dip is coming from?

Yoni
",sheet Brand (Seller Central) confirmed,2026-09-25T16:21:46
1 - Confirmed on Amazon,Las Vegas Souvenir & Resort Gift Show 2026,Deluxebase (USA) Inc,YES on Amazon (direct Amazon verification),,,,,,,https://www.amazon.com/stores/Deluxebase/page/5C604107-D64C-437F-93CB-B6F217CDC8FF,Deluxebase,,No (SmartScout monthly quota exhausted),,,Not checked (search budget exhausted),,Yes,Brand store; sold by Deluxebase,Deluxebase,https://www.amazon.com/stores/Deluxebase/page/5C604107-D64C-437F-93CB-B6F217CDC8FF,Brand (Seller Central),Yes,Deluxebase,exact,Home & Kitchen,Snow Globes,1129.85,68504.26,31,2914,4.18,9.24,0.97,Deluxebase,0.9,-0.005,,False,,Water Globe - Red Panda from Deluxebase | B09WRQB7XZ | $94; Water Globe - Polar Bear from Deluxebase | B09WRT1ZHF | $80; Water Globe - Wolf from Deluxebase | B08HJMQKPK | $80; Water Globe - Reef Fish from Deluxebase | B08KYJVDSY | $80; Water Globe - Parrot from Deluxebase | B08KYHGRGL | $75,Deluxebase: 99.1%; Amazon.com: 0.9%,2,Brand direct,0,Seasonal catalog (snow globes) at ~$1k a month now versus ~$68k trailing year; sold direct; Q4 prep angle,"Deluxebase 99.1%; monthly rev ~$1.1k; TTM ~$68.5k; 31 products; 2,914 reviews; rating 4.18",Deluxebase before Q4,"Hi {{first_name}},

Saw you're exhibiting at the Las Vegas Souvenir & Resort Gift Show next week.

Looking at your listings, Deluxebase did close to $70k on Amazon over the trailing year, sold direct, but sits around $1k a month right now going into the season that carries it. With 31 snow globe listings and close to 3,000 reviews, the catalog is there. What tends to be missing is the Q4 plan: stock, advertising ramp and content refreshed before the November spike rather than during it.

We manage Amazon for brands end to end, including strategy, content, advertising, inventory and operations.

Would it make sense to have a quick conversation before Q4?

Yoni
",sheet Brand (Seller Central) confirmed,2026-09-25T16:21:46
1 - Confirmed on Amazon,Las Vegas Souvenir & Resort Gift Show 2026,"Dutch American Import Co., Inc.","YES on Amazon (Google only, no SmartScout brand record)",,,,,,,https://www.amazon.com/Dutch-American-Imports-Christmas-Ornament/dp/B0184HFQLI,Dutch American Import,,Yes,none,,Yes,Dutch American Imports Delft ornaments listed on Amazon,Not needed,,,,,SmartScout,,not found,,,,,,,,,,,,,,,,,,,,,"Not found; industry-level: Delft ornaments listed, no storefront, no measurable sales",No brand record on two attempts; sheet: Delft ornaments listed on Amazon,Dutch American Imports on Amazon,"Hi {{first_name}},

Saw you're exhibiting at the Las Vegas Souvenir & Resort Gift Show next week.

Looking at your listings, Dutch American Imports Delft ornaments show up on Amazon, but they aren't registering measurable sales in public marketplace data, and we don't see a brand storefront. Ornaments are one of the biggest Q4 gift searches on Amazon, so listings that aren't managed for content and advertising going into November mostly go unseen.

We recently helped a brand go from no Amazon presence to a $1M+ annual run rate within six months. We manage the channel end to end.

Is Amazon something you're looking at going into the holidays?

Yoni
","no brand record on two attempts (Dutch American Import Co, Dutch American Imports); industry-level email",2026-09-25T16:21:46
1 - Confirmed on Amazon,Las Vegas Souvenir & Resort Gift Show 2026,END SMALL TALK,"YES on Amazon (Google only, no SmartScout brand record)",,,,,,,https://www.amazon.com/End-Small-Talk-Questions-Conversations/dp/B0CH25NFZM,END SMALL TALK,,Yes,none,,Yes,'End Small Talk' conversation card books/decks by Cory Stout listed on Amazon,Not needed,,,,,SmartScout,,not found,,,,,,,,,,,,,,,,,,,,,"Not found; industry-level: conversation card decks listed, no measurable sales",No brand record on two attempts; sheet: End Small Talk decks and books listed,END SMALL TALK on Amazon,"Hi {{first_name}},

Saw you're exhibiting at the Las Vegas Souvenir & Resort Gift Show next week.

Looking at your listings, END SMALL TALK decks show up on Amazon, but they aren't registering measurable sales in public marketplace data. Conversation card games are a real Amazon category, with most of the volume around gifting, and what separates the ones that sell is reviews and advertising on the listing rather than the product itself.

We recently helped a brand go from no Amazon presence to a $1M+ annual run rate within six months. We manage the channel end to end.

Is Amazon something you're looking at more seriously?

Yoni
",no brand record on two attempts; industry-level email,2026-09-25T16:21:46
1 - Confirmed on Amazon,Las Vegas Souvenir & Resort Gift Show 2026,Fifth Avenue Manufacturers,"YES on Amazon (Google only, no SmartScout brand record)",,,,,,,https://www.amazon.com/Fifth-Avenue-Manufacturers-Vulcanized-Luggage/dp/B00J4F0OQM,Fifth Avenue Manufacturers,,Yes,none,NY Fifth Avenue (unrelated),Yes,Fifth Avenue Manufacturers souvenir pins/luggage tags listed on Amazon,Not needed,,,,,SmartScout,,not found,,,,,,,,,,,,,,,,,,,,,"Not found; industry-level: one luggage tag listing, no storefront, no measurable sales",No brand record on two attempts; sheet: souvenir pins and luggage tags listed,Fifth Avenue Manufacturers on Amazon,"Hi {{first_name}},

Saw you're exhibiting at the Las Vegas Souvenir & Resort Gift Show next week.

Looking at your listings, Fifth Avenue Manufacturers has a luggage tag listing on Amazon, but it isn't registering measurable sales in public marketplace data, and we don't see a brand storefront. Souvenir pins and tags are a steady Amazon search from travelers after the trip, and a single unmanaged listing doesn't rank into that.

We recently helped a brand go from no Amazon presence to a $1M+ annual run rate within six months. We manage the channel end to end.

Is Amazon something you're looking at more seriously?

Yoni
","no brand record on two attempts; industry-level email; weaker fit: souvenir manufacturer, likely wholesale-first",2026-09-25T16:21:46
1 - Confirmed on Amazon,Las Vegas Souvenir & Resort Gift Show 2026,Forest Life Creations,"YES on Amazon (Google only, no SmartScout brand record)",,,,,,,https://www.amazon.com/Forest-Life-Creations-Handmade-Chlorociboria/dp/B01JB32FDQ,Forest Life Creations,,Yes,none,,Yes,Forest Life Creations handmade earrings listed on Amazon,Not needed,,,,,SmartScout,,not found,,,,,,,,,,,,,,,,,,,,,"Not found; industry-level: handmade earrings listing, no measurable sales",No brand record on two attempts; sheet: handmade earrings listed,Forest Life Creations on Amazon,"Hi {{first_name}},

Saw you're exhibiting at the Las Vegas Souvenir & Resort Gift Show next week.

Looking at your listings, Forest Life Creations has handmade earrings on Amazon, but the listing isn't registering measurable sales in public marketplace data. Handmade jewelry does sell on Amazon, mostly with real photography, reviews and advertising behind it, and a single listing rarely gets there on its own.

We recently helped a brand go from no Amazon presence to a $1M+ annual run rate within six months. We manage the channel end to end.

Is Amazon something you're looking at more seriously?

Yoni
",no brand record on two attempts; industry-level email; weaker fit: small handmade maker,2026-09-25T16:21:46
1 - Confirmed on Amazon,Las Vegas Souvenir & Resort Gift Show 2026,"Gear Lifestyle Brands (Champion, UA, Gear For Sports, Comfort Wash, Alternative Apparel)","YES on Amazon (Google only, no SmartScout brand record)",,,,,,,https://www.amazon.com/s?srs=19831160011,Gear Lifestyle,,Yes,none,retry 'Gear For Sports' also empty,Yes,Gear For Sports brand page on amazon.com (parent brands Champion/UA also on Amazon),Not needed,,,,,SmartScout,,not found,,,,,,,,,,,,,,,,,,,,,"Not found; industry-level: licensed collegiate apparel, brand page, no measurable sales under Gear For Sports","No brand record on two attempts; parent brands (Champion, UA) not queried since their Amazon data reflects the parent companies",Gear For Sports on Amazon,"Hi {{first_name}},

Saw you're exhibiting at the Las Vegas Souvenir & Resort Gift Show next week.

From what we can see, Gear For Sports has a brand page on Amazon, but the listings aren't registering measurable sales in public marketplace data, and the Champion and Under Armour volume on Amazon belongs to the parent brands rather than the licensed collegiate line. Alumni search a school name on Amazon, and that demand goes to whoever has a managed listing.

We recently helped a brand go from no Amazon presence to a $1M+ annual run rate within six months. We manage the channel end to end.

Is Amazon something you're looking at more seriously?

Yoni
","combined exhibitor name; queried Gear For Sports (licensee brand); Champion, UA, Comfort Wash, Alternative Apparel not queried; no brand record on two attempts; industry-level email",2026-09-25T16:21:46
1 - Confirmed on Amazon,Las Vegas Souvenir & Resort Gift Show 2026,Gecko Hawaii,"YES on Amazon (Google only, no SmartScout brand record)",,,,,,,https://www.amazon.com/Gecko-Hawaii-Splatter-Throwback-Windbreaker/dp/B084X4JR3W,Gecko Hawaii,,Yes,none,,Yes,Gecko Hawaii apparel listed on Amazon (brand filter page and product pages),Not needed,,,,,SmartScout,,not found,,,,,,,,,,,,,,,,,,,,,"Not found; industry-level: apparel brand page, no measurable sales",No brand record on two attempts; sheet: apparel listed with brand filter page,Gecko Hawaii on Amazon,"Hi {{first_name}},

Saw you're exhibiting at the Las Vegas Souvenir & Resort Gift Show next week.

Looking at your listings, Gecko Hawaii apparel shows up on Amazon under a brand page, but the listings aren't registering measurable sales in public marketplace data. Destination and nostalgia brands get searched by name on Amazon long after the trip, and that only turns into sales if someone owns the listings and runs them.

We recently helped a brand go from no Amazon presence to a $1M+ annual run rate within six months. We manage the channel end to end.

Is Amazon something you're looking at more seriously?

Yoni
",no brand record on two attempts; industry-level email,2026-09-25T16:21:46
1 - Confirmed on Amazon,Las Vegas Souvenir & Resort Gift Show 2026,"GetAGadget, Inc","YES on Amazon (Google only, no SmartScout brand record)",,,,,,,https://www.amazon.com/dp/B071SH27KD,GetAGadget,,Yes,none,,Yes,Getagadget mesh beach tote listed on Amazon (via price tracker),Not needed,,,,,SmartScout,,not found,,,,,,,,,,,,,,,,,,,,,"Not found; industry-level: one beach tote listing, no storefront, no measurable sales",No brand record on two attempts; sheet: mesh beach tote listed,GetAGadget on Amazon,"Hi {{first_name}},

Saw you're exhibiting at the Las Vegas Souvenir & Resort Gift Show next week.

Looking at your listings, GetAGadget's mesh beach tote shows up on Amazon, but the listing isn't registering measurable sales in public marketplace data, and we don't see a brand storefront. Beach totes are a high-volume Amazon search every spring and summer, and a single unmanaged listing doesn't rank into that.

We recently helped a brand go from no Amazon presence to a $1M+ annual run rate within six months. We manage the channel end to end.

Is Amazon something you're looking at more seriously?

Yoni
",no brand record on two attempts; industry-level email,2026-09-25T16:21:46
1 - Confirmed on Amazon,Las Vegas Souvenir & Resort Gift Show 2026,"Global SWIBCO, Inc.","YES on Amazon (Google only, no SmartScout brand record)",,,,,,,"https://www.amazon.com/Stuffed-Animals-Plush-Toys-Swibco-Games/s?rh=n:166461011,p_4:Swibco",Global SWIBCO,,Yes,none,,Yes,Swibco plush/bobbleheads listed on Amazon (brand filter and product pages),Not needed,,,,,SmartScout,,not found,,,,,,,,,,,,,,,,,,,,,"Not found; industry-level: plush and bobbleheads brand page, no measurable sales","No brand record on two attempts (Global SWIBCO, Swibco); sheet: plush and bobbleheads listed",Swibco on Amazon,"Hi {{first_name}},

Saw you're exhibiting at the Las Vegas Souvenir & Resort Gift Show next week.

Looking at your listings, Swibco plush and bobbleheads show up on Amazon under a brand page, but the listings aren't registering measurable sales in public marketplace data. Souvenir plush does real volume on Amazon around the holidays, and destination items in particular sell to people who saw them in a gift shop first.

We recently helped a brand go from no Amazon presence to a $1M+ annual run rate within six months. We manage the channel end to end.

Is Amazon something you're looking at going into the holidays?

Yoni
",no brand record on two attempts; industry-level email,2026-09-25T16:21:46
1 - Confirmed on Amazon,Las Vegas Souvenir & Resort Gift Show 2026,Glyder LLC,"YES on Amazon (Google only, no SmartScout brand record)",,,,,,,https://www.amazon.com/stores/Glyder/Homepage/page/542741A8-251A-422D-9DAC-1F33DFF77BEF,Glyder,,Yes,none,Glyderm; BeasyGlyder (unrelated),Yes,Amazon storefront 'Glyder' (apparel) found,Not needed,,,,,SmartScout,,not found,,,,,,,,,,,,,,,,,,,,,"Not found; industry-level: apparel storefront, no measurable sales",No brand record on two attempts; sheet: Glyder apparel storefront found,Glyder on Amazon,"Hi {{first_name}},

Saw you're exhibiting at the Las Vegas Souvenir & Resort Gift Show next week.

From what we can see, Glyder has an Amazon storefront for the apparel, but the listings aren't registering measurable sales in public marketplace data. Activewear on Amazon is competitive, but it's also where a brand's existing customers go to rebuy, and a storefront that isn't run for content, advertising and reviews mostly sends them to the big names.

We recently helped a brand go from no Amazon presence to a $1M+ annual run rate within six months. We manage the channel end to end.

Is Amazon something you're looking at more seriously?

Yoni
",no brand record on two attempts; industry-level email,2026-09-25T16:21:46
1 - Confirmed on Amazon,Las Vegas Souvenir & Resort Gift Show 2026,GUIDES CHOICE,"YES on Amazon (Google only, no SmartScout brand record)",,,,,,,https://www.amazon.com/stores/GuidesChoice/page/D56D95FA-551F-4055-9363-CE2647940B57,GUIDES CHOICE,,Yes,none,,Yes,Amazon storefront 'Guides Choice' found,Not needed,,,,,SmartScout,,not found,,,,,,,,,,,,,,,,,,,,,"Not found; industry-level: storefront exists, no measurable sales",No brand record on two attempts; sheet: Guides Choice storefront found,Guides Choice on Amazon,"Hi {{first_name}},

Saw you're exhibiting at the Las Vegas Souvenir & Resort Gift Show next week.

From what we can see, Guides Choice has an Amazon storefront, but the listings aren't registering measurable sales in the public marketplace data we look at. That usually means the channel was set up and left, and the gap between that and a storefront that sells is content, advertising and review work on the listings.

We recently helped a brand go from no Amazon presence to a $1M+ annual run rate within six months. We manage the channel end to end.

Is Amazon something you're looking at more seriously?

Yoni
",no brand record on two attempts; industry-level email,2026-09-25T16:21:46
1 - Confirmed on Amazon,Las Vegas Souvenir & Resort Gift Show 2026,LEIGHTWORKS,"YES on Amazon (Google only, no SmartScout brand record)",,,,,,,https://www.amazon.com/s?i=merchant-items&me=A3NSMW915SXJMV,LEIGHTWORKS,,Yes,none,,Yes,Amazon merchant storefront and product listings found,Not needed,,,,,SmartScout,,not found,,,,,,,,,,,,,,,,,,,,,"Not found; industry-level: own seller account, no brand storefront, no measurable sales",No brand record on two attempts; sheet: merchant storefront and listings found,LEIGHTWORKS on Amazon,"Hi {{first_name}},

Saw you're exhibiting at the Las Vegas Souvenir & Resort Gift Show next week.

From what we can see, LEIGHTWORKS sells on Amazon through its own seller account, but the listings aren't registering measurable sales in public marketplace data and there's no brand storefront. That usually means the account was set up and left, and the difference between that and a channel that sells is content, advertising and reviews on the listings.

We recently helped a brand go from no Amazon presence to a $1M+ annual run rate within six months. We manage the channel end to end.

Is Amazon something you're looking at more seriously?

Yoni
",no brand record on two attempts; industry-level email,2026-09-25T16:21:46
1 - Confirmed on Amazon,Las Vegas Souvenir & Resort Gift Show 2026,Members Only,YES on Amazon (direct Amazon verification),,,,,,,https://www.amazon.com/stores/MembersOnly/page/895182A2-14C3-4A79-B50F-436E439697F4,Members Only,,No (SmartScout monthly quota exhausted),,,Not checked (SmartScout monthly AI quota exhausted),row not processed - rerun when SmartScout quota resets,Yes,Brand store; sold by Members Only Official,Members Only,https://www.amazon.com/stores/MembersOnly/page/895182A2-14C3-4A79-B50F-436E439697F4,Brand (Seller Central),Yes,Members Only,exact,"Clothing, Shoes & Jewelry",Men's Windbreakers,46479.31,873962,1169,7294,4.35,83.16,0.76,Members Only Official,1.4,-0.062,,True,,"Members Only Men's Big & Tall Classic Iconic Racer Jacket (Grey, 3XL) | B07CKWJRKX | $1,062; Members Only Men's Classic Iconic Racer Jacket (Light Grey, XL) | B0777BNDWP | $972; Members Only Men's Classic Iconic Racer Jacket (Grey, Large) | B01BSYXRHO | $972; Members Only Men's Classic Iconic Racer Jacket (Black, 2XL) | B01BSYXNN2 | $972; Members Only Men's Classic Iconic Racer Jacket (Black, Large) | B01BSYXO0Y | $864",Members Only Official: 98.4%; Amazon.com: 1.4%; Lifestyle Brands NYC: 0.2%,3,Brand direct,0.2,"Close to 1,200 listings doing ~$46k a month combined (under $50 per listing); sold direct; month down ~6%","Members Only Official 98.4%; monthly rev ~$46k; 1,169 products; 7,294 reviews; MoM -6.2%; Iconic Racer variants top",Members Only catalog on Amazon,"Hi {{first_name}},

Saw you're exhibiting at the Las Vegas Souvenir & Resort Gift Show next week.

From what we can see, Members Only has close to 1,200 listings on Amazon doing about $46k a month combined, sold through your own account. That's under $50 per listing, with the Iconic Racer doing most of it. For a brand with this much name recognition, that's a catalog problem rather than a demand problem: variation structure, content and advertising spread across too many SKUs.

We manage Amazon for brands end to end, including strategy, content, advertising, inventory and operations.

Open to a short call on where the catalog is leaving volume?

Yoni
",sheet Brand (Seller Central) confirmed,2026-09-25T16:21:46
1 - Confirmed on Amazon,Las Vegas Souvenir & Resort Gift Show 2026,MV Sport,YES on Amazon (direct Amazon verification),,,,,,,https://www.amazon.com/stores/MVSport/page/757FD38E-B84A-4132-B6BF-C0128D17DDD6,MV Sport,,No (SmartScout monthly quota exhausted),,,Not checked (SmartScout monthly AI quota exhausted),row not processed - rerun when SmartScout quota resets,Yes,Brand store; sold by MV Sport,MV Sport,https://www.amazon.com/stores/MVSport/page/757FD38E-B84A-4132-B6BF-C0128D17DDD6,Brand (Seller Central),Yes,MV Sport,exact,Home & Kitchen,Bed Throws,16183.84,474549.18,62,3929,4.37,35.21,1.89,MV Sport,0,-0.03,,True,,MV Sport Lightweight Sweatshirt Blanket Throw 54 x 84 Black | B08GNH1C6B | $520; MV Sport Sweatshirt Blanket Poncho Hoodie Navy Heather | B087R78TK6 | $500; MV Sport Lightweight Sweatshirt Blanket Throw Dusty Olive | B08GNF8P86 | $480; MV Sport Lightweight Sweatshirt Blanket Throw Gumdrop | B0GLYPJQQL | $480; MV Sport Lightweight Sweatshirt Blanket Throw Vintage Blue | B0GLYNY297 | $480,MV Sport: 94.2%; EZ Sportzwear: 5.6%; Grit & Garb: 0.1%; OnUs: 0.1%; The Golf Prose: 0%,5,Brand direct,5.8,"Small footprint for a major team and school supplier: ~$16k a month across ~60 listings, sold direct; Q4 blanket category","MV Sport 94.2%; EZ Sportzwear 5.6%; monthly rev ~$16k; 62 products; 3,929 reviews; MoM -3%",MV Sport before Q4,"Hi {{first_name}},

Saw you're exhibiting at the Las Vegas Souvenir & Resort Gift Show next week.

Looking at your listings, MV Sport is on Amazon at about $16k a month across roughly 60 listings, sold direct, with the sweatshirt blankets carrying it at a few hundred dollars each. Close to 4,000 reviews says the product lands. For a company that supplies as many schools and teams as MV Sport, Amazon looks like a side project, and the Q4 blanket category is big enough to be more.

We manage Amazon for brands end to end, including strategy, content, advertising, inventory and operations.

Would it make sense to have a quick conversation before Q4?

Yoni
",sheet Brand (Seller Central) confirmed,2026-09-25T16:21:46
1 - Confirmed on Amazon,Las Vegas Souvenir & Resort Gift Show 2026,"MY ARCADE / dreamGEAR, LLC",YES on Amazon (direct Amazon verification),,,,,,,https://www.amazon.com/stores/MyArcade/page/B863CFB8-C14A-4651-A366-8F6D63E83205,MY ARCADE,,No (SmartScout monthly quota exhausted),,,Not checked (SmartScout monthly AI quota exhausted),row not processed - rerun when SmartScout quota resets,Yes,Brand store; sold by Amazon.com,My Arcade,https://www.amazon.com/stores/MyArcade/page/B863CFB8-C14A-4651-A366-8F6D63E83205,Amazon (Vendor),Yes,My Arcade,exact,Toys & Games,Plug & Play Video Games,295043.22,8594223.5,120,17387,4.17,44.75,6.74,Amazon.com,85.2,-0.025,,True,,"My Arcade Atari Gamestation Go: 200+ Preloaded Retro Games | B0CT68G1TP | $39,070; My Arcade Atari Game Station Pro: Retro Video Game Console | B0BT36XWTS | $37,007; My Arcade Atari Pocket Player, 100 Games | B0BT3XY8XG | $17,992; My Arcade Pac-Man Micro Player Pro | B0C63SJG5R | $17,716; My Arcade Pac-Man Pocket Player Pro | B0BT4DTB96 | $15,962",Amazon.com: 85.2%; My Arcade Official: 6.3%; iLOVE DEALS INC: 3.5%; LimitedTimeDealsToday: 1.3%; i-Deals Store: 0.5%,6,Amazon 1P,5.7,Amazon 1P ~85% (vendor); brand account ~6%; resellers ~9%; 4.17 rating; Q4 category,Amazon.com 85.2%; My Arcade Official 6.3%; iLOVE DEALS 3.5%; monthly rev ~$295k; 120 products; rating 4.17; MoM -2.5%,My Arcade vendor side before Q4,"Hi {{first_name}},

Saw you're exhibiting at the Las Vegas Souvenir & Resort Gift Show next week.

Looking at your listings, My Arcade does about $300k a month on Amazon, with Amazon selling about 85% as a vendor, your own account around 6% and a handful of resellers the rest. The Atari Gamestation listings carry it. On a vendor-heavy setup going into Q4, advertising and content tend to fall between teams, and a rating around 4.2 says reviews need attention too.

We manage Amazon for brands end to end, including strategy, content, advertising, inventory and operations.

Open to a 20 minute look at the vendor side before Q4?

Yoni
",sheet Amazon (Vendor) confirmed; profile pulled on run_query retry; combined exhibitor name; queried My Arcade,2026-09-25T16:21:46
1 - Confirmed on Amazon,Las Vegas Souvenir & Resort Gift Show 2026,OCEAN POTION,YES on Amazon (direct Amazon verification),,,,,,,https://www.amazon.com/stores/OceanPotion/page/8AF84F3B-09FD-4BAE-96BA-AA4D5FAF99F7,OCEAN POTION,,No (SmartScout monthly quota exhausted),,,Not checked (SmartScout monthly AI quota exhausted),row not processed - rerun when SmartScout quota resets,Yes,Brand store; sold by OCEAN POTION,Ocean Potion,https://www.amazon.com/stores/OceanPotion/page/8AF84F3B-09FD-4BAE-96BA-AA4D5FAF99F7,Brand (Seller Central),Yes,Ocean Potion,exact,Beauty & Personal Care,Sunscreens,55066.82,682665.17,43,2859,4.61,15.77,1,OCEAN POTION,0,-0.27,,True,,"Ocean Potion SPF 50 Sunscreen Body Lotion, 6.8 oz | B0CD82T4XW | $9,372; Ocean Potion SPF 30 Sunscreen Body Lotion, 6.8 oz | B08MBC9S2D | $5,049; Ocean Potion After Sun Lotion with Aloe Vera, 8.5 oz | B0CD864C6P | $4,613; Ocean Potion Sunscreen Lip Balm SPF 50 | B0F1DLG92C | $3,680; Ocean Potion Continuous Sunscreen Spray SPF 50, 5.5 oz | B0CD82YDP6 | $3,063",OCEAN POTION: 100%,1,Brand direct,0,"Brand direct, strong rating; seasonal drop (~27%) as summer ends; off-season plan angle","OCEAN POTION 100%; monthly rev ~$55k; 43 products; 2,859 reviews; rating 4.61; MoM -27%",Ocean Potion off-season on Amazon,"Hi {{first_name}},

Saw you're exhibiting at the Las Vegas Souvenir & Resort Gift Show next week.

Looking at your listings, Ocean Potion is doing about $55k a month on Amazon through your own account, down about a quarter as the season winds down, with the SPF 50 lotion carrying it. The rating is strong at 4.6. The question with a seasonal sunscreen brand is what the off-season gets used for, since the rank and reviews built now are what next spring's ramp starts from.

We manage Amazon for brands end to end, including strategy, content, advertising, inventory and operations.

Would it make sense to have a quick conversation about the off-season plan?

Yoni
",sheet Brand (Seller Central) confirmed,2026-09-25T16:21:46
1 - Confirmed on Amazon,Las Vegas Souvenir & Resort Gift Show 2026,Picnic Time Family of Brands,YES on Amazon (direct Amazon verification),,,,,,,https://www.amazon.com/stores/PicnicTimeFamilyofBrands/page/762402AC-EE68-4D34-AA6A-A416B80D5D66,Picnic Time Family of,,No (SmartScout monthly quota exhausted),,,Not checked (SmartScout monthly AI quota exhausted),row not processed - rerun when SmartScout quota resets,Yes,Brand store; sold by Amazon.com,PICNIC TIME,https://www.amazon.com/stores/PicnicTimeFamilyofBrands/page/762402AC-EE68-4D34-AA6A-A416B80D5D66,Amazon (Vendor),Yes,PICNIC TIME,exact,Sports & Outdoors,Stadium Seats & Cushions,330499.44,5064301.81,2872,53913,4.45,89.83,1.3,Amazon.com,98.8,0.02,,True,,"PICNIC TIME Ventura Stadium Seat (Black) | B004OIAR70 | $13,323; PICNIC TIME Disney Mickey Mouse Head Cheese & Charcuterie Board Set | B075W1CGDV | $11,300; PICNIC TIME Sports Chair with Side Table (Black) | B000NBED7W | $10,284; Picnic TIME Oniva Portable Reclining Stadium Seat (Black) | B0012RI37C | $9,937; PICNIC TIME Ventura Stadium Seat (Royal Blue) | B000I3KSLU | $6,629",Amazon.com: 98.8%; Rico Sports: 0.7%; National Sports: 0.3%; AmznToday: 0.1%; HM Collections LLC: 0.1%,6,Amazon 1P,1.2,"Amazon 1P ~99% (vendor) across ~2,900 listings; ~$110 per listing; licensed items surface, rest invisible","Amazon.com 98.8%; monthly rev ~$330k; 2,872 products; 53,913 reviews; MoM +2%; top listings stadium seats and Disney board",Picnic Time vendor side on Amazon,"Hi {{first_name}},

Saw you're exhibiting at the Las Vegas Souvenir & Resort Gift Show next week.

From what we can see, Picnic Time does about $330k a month on Amazon, essentially all sold by Amazon as a vendor, across close to 2,900 listings. That's a huge catalog for the number, roughly $100 per listing, and on a vendor setup Amazon decides which of those get stocked and promoted. The stadium seats and the Disney board are what surface. The rest is mostly invisible.

We manage Amazon for brands end to end, including strategy, content, advertising, inventory and operations.

Open to a 20 minute look at the vendor side?

Yoni
",sheet Amazon (Vendor) confirmed,2026-09-25T16:21:46
"2 - Possible, verify",Las Vegas Souvenir & Resort Gift Show 2026,Pilgrim Imports Inc.,"LISTED on Amazon, reseller / seller unclear (direct Amazon verification)",,,,,,,https://www.amazon.com/dp/B0FWD383N4,Pilgrim Imports,,No (SmartScout monthly quota exhausted),,,Not checked (SmartScout monthly AI quota exhausted),row not processed - rerun when SmartScout quota resets,Possible,No brand store found; sold by Alaskan Connection,Pilgrim Imports,,Third-party resellers,Yes,Pilgrim Imports,not found,,,,,,,,,,,,,,,,,,,,,"Not found; industry-level: ornaments sold by a reseller (Alaskan Connection), no storefront, no measurable sales","Record exists with 0 products; sheet: no brand store, sold by Alaskan Connection",Pilgrim Imports on Amazon,"Hi {{first_name}},

Saw you're exhibiting at the Las Vegas Souvenir & Resort Gift Show next week.

Looking at your listings, Pilgrim Imports ornaments show up on Amazon sold by a reseller called Alaskan Connection rather than by you, with no brand storefront, and they aren't registering measurable sales in public marketplace data. Ornaments are one of the biggest Q4 searches on Amazon, and right now the brand isn't the one answering it.

We recently helped a brand go from no Amazon presence to a $1M+ annual run rate within six months. We manage the channel end to end.

Is Amazon something you're looking at going into the holidays?

Yoni
",brand record returned 0 products on two attempts; industry-level email; sheet third-party (Alaskan Connection),2026-09-25T16:21:46
1 - Confirmed on Amazon,Las Vegas Souvenir & Resort Gift Show 2026,Pinch Me Therapy Dough,YES on Amazon (direct Amazon verification),,,,,,,https://www.amazon.com/stores/PinchMe/page/049CED93-B2D5-44F7-A06C-E63A71BCD8F9,Pinch Me Therapy Dough,,No (SmartScout monthly quota exhausted),,,Not checked (SmartScout monthly AI quota exhausted),row not processed - rerun when SmartScout quota resets,Yes,Brand store; sold by Pinch Me,Pinch Me,https://www.amazon.com/stores/PinchMe/page/049CED93-B2D5-44F7-A06C-E63A71BCD8F9,Brand (Seller Central),Yes,Pinch Me,exact,Home & Kitchen,Aromatherapy Candles,7543.92,181479.37,26,2201,4.3,28.44,0.85,Pinch Me,0.8,0.04,,True,,"Pinch Me Therapy Dough - 10 Ounce Spa Scent | B076DYVK2Q | $1,857; Pinch Me Therapy Dough Locket Combo - Relief | B0BM57BSY4 | $569; Pinch Me Therapy Dough Locket Combo - Citrus | B0BM56SPR1 | $569; Pinch Me Therapy Dough Locket Combo - Sun | B0BM54X5F7 | $539; Pinch Me Therapy Dough - 10 Ounce Sun Scent | B074S6RS5R | $389",Pinch Me: 99.2%; Amazon.com: 0.8%,2,Brand direct,0,"Small footprint for a proven gift-shop product: ~$7.5k a month, sold direct, one scent carrying it; Q4 stress-relief gifting","Pinch Me 99.2%; monthly rev ~$7.5k; 26 products; 2,201 reviews; rating 4.3; MoM +4%; Spa 10oz ~$1.9k/mo",Pinch Me before Q4,"Hi {{first_name}},

Saw you're exhibiting at the Las Vegas Souvenir & Resort Gift Show next week.

Looking at your listings, Pinch Me Therapy Dough is on Amazon at about $7.5k a month, sold direct, with the 10 ounce Spa scent doing most of it and the other listings a few hundred dollars each. Over 2,000 reviews says the product is proven. Stress relief gifts are a big Q4 search on Amazon, and this catalog could do several times that with advertising and content behind it.

We manage Amazon for brands end to end, including strategy, content, advertising, inventory and operations.

Would it make sense to have a quick conversation before Q4?

Yoni
",sheet Brand (Seller Central) confirmed,2026-09-25T16:21:46
"2 - Possible, verify",Las Vegas Souvenir & Resort Gift Show 2026,Pucker Powder by Creative Concepts,"LISTED on Amazon, reseller / seller unclear (direct Amazon verification)",,,,,,,https://www.amazon.com/stores/PuckerPowder/page/BDBC5F28-6AC3-4AED-83A6-45335C3C113F,Pucker Powder,,No (SmartScout monthly quota exhausted),,,Not checked (SmartScout monthly AI quota exhausted),row not processed - rerun when SmartScout quota resets,Possible,Brand store; sold by Creative-Concepts,Pucker Powder,https://www.amazon.com/stores/PuckerPowder/page/BDBC5F28-6AC3-4AED-83A6-45335C3C113F,Third-party resellers,Yes,Pucker Powder,exact,Grocery & Gourmet Food,Sour Flavored Candies,19149.32,269393.4,32,1955,4.07,19.51,0.88,Creative-Concepts,0,0.108,,True,,"Pucker Powder Super SOUR Topping Assortment Pack, 4 Pack | B0C8BKLTTP | $6,533; Pucker Powder Sour Blue Raspberry 32oz Bottle | B01IC0J4HE | $2,175; Pucker Powder Sour Blue Raspberry | B01K0M8IBU | $1,440; Pucker Powder Dessert Topping Assortment Pack, 4 Pack | B0186GH5M0 | $1,357; Sour Wild Cherry Pucker Powder Candy Art, 9.5 Oz Bottle | B00D97P85S | $936",Creative-Concepts: 100%,1,Brand direct,0,"Brand direct through the Creative Concepts account; ~$19k a month, growing; 4.07 rating; Halloween and party season","Creative-Concepts 100%; monthly rev ~$19k; 32 products; 1,955 reviews; rating 4.07; MoM +10.8%; sour topping 4 pack ~$6.5k/mo",Pucker Powder on Amazon,"Hi {{first_name}},

Saw you're exhibiting at the Las Vegas Souvenir & Resort Gift Show next week.

Looking at your listings, Pucker Powder is doing about $19k a month on Amazon through the Creative Concepts account and growing, with the sour topping assortment pack carrying it. The rating sits around 4.1, which for candy usually traces to packaging and shipping rather than the product, and that's fixable. The category gets big on Amazon around Halloween and parties.

We manage Amazon for brands end to end, including strategy, content, advertising, inventory and operations.

Would it make sense to have a quick conversation before the holiday run?

Yoni
","sheet says third-party (Creative-Concepts); Creative Concepts is the exhibitor's own company, treated as brand direct",2026-09-25T16:21:46
1 - Confirmed on Amazon,Las Vegas Souvenir & Resort Gift Show 2026,Savvy Sox,YES on Amazon (direct Amazon search; no SmartScout data),,,,,,,,Savvy Sox,,Yes,none,,Not checked (WebSearch budget exhausted),,Yes,Amazon brand filter lists 'Savvy Sox',,,,SmartScout,,not found,,,,,,,,,,,,,,,,,,,,,"Not found; industry-level: brand filter listing, no storefront, no measurable sales","No brand record on two attempts (Savvy Sox, SavvySox); sheet: Amazon brand filter lists Savvy Sox",Savvy Sox on Amazon,"Hi {{first_name}},

Saw you're exhibiting at the Las Vegas Souvenir & Resort Gift Show next week.

From what we can see, Savvy Sox shows up on Amazon under a brand filter, but the listings aren't registering measurable sales in public marketplace data, and we don't see a storefront. Novelty socks are one of the biggest Q4 gift categories on Amazon, and gift-shop brands rarely capture that without someone owning and running the listings.

We recently helped a brand go from no Amazon presence to a $1M+ annual run rate within six months. We manage the channel end to end.

Is Amazon something you're looking at going into the holidays?

Yoni
",no brand record on two attempts; industry-level email,2026-09-25T16:21:46
1 - Confirmed on Amazon,Las Vegas Souvenir & Resort Gift Show 2026,Spirit Jersey®,YES on Amazon (direct Amazon search; no SmartScout data),,,,,,,,Spirit Jersey,,Yes,none,,Not checked (WebSearch budget exhausted),,Yes,Amazon brand filter lists 'Spirit Jersey',,,,SmartScout,,not found,,,,,,,,,,,,,,,,,,,,,"Not found; industry-level: brand filter listing, no storefront, name searched on its own","No brand record on two attempts (Spirit Jersey, SPIRIT JERSEY); sheet: Amazon brand filter lists Spirit Jersey",Spirit Jersey on Amazon,"Hi {{first_name}},

Saw you're exhibiting at the Las Vegas Souvenir & Resort Gift Show next week.

From what we can see, Spirit Jersey shows up on Amazon under a brand filter, but the listings aren't registering measurable sales in public marketplace data, and we don't see a brand storefront. Spirit Jersey is a name people search by itself, and on Amazon that demand goes to whoever holds the listings rather than to the brand.

We recently helped a brand go from no Amazon presence to a $1M+ annual run rate within six months. We manage the channel end to end.

Is Amazon something you're looking at more seriously?

Yoni
",no brand record on two attempts; industry-level email,2026-09-25T16:21:46
1 - Confirmed on Amazon,Las Vegas Souvenir & Resort Gift Show 2026,The Landmark Project,YES on Amazon (direct Amazon search; no SmartScout data),,,,,,,,Landmark Project,,Yes,none,,Not checked (WebSearch budget exhausted),,Yes,Amazon brand filter lists 'The Landmark Project',,,,SmartScout,,not found,,,,,,,,,,,,,,,,,,,,,"Not found; industry-level: brand filter listing, no storefront; national park apparel demand","No brand record on two attempts (The Landmark Project, Landmark Project); sheet: Amazon brand filter lists The Landmark Project",The Landmark Project on Amazon,"Hi {{first_name}},

Saw you're exhibiting at the Las Vegas Souvenir & Resort Gift Show next week.

From what we can see, The Landmark Project shows up on Amazon under a brand filter, but the listings aren't registering measurable sales in public marketplace data, and we don't see a storefront. National park and destination apparel is a large Amazon search, especially around gifting, and right now that demand is going to whoever holds the listings.

We recently helped a brand go from no Amazon presence to a $1M+ annual run rate within six months. We manage the channel end to end.

Is Amazon something you're looking at more seriously?

Yoni
",no brand record on two attempts; industry-level email,2026-09-25T16:21:46
1 - Confirmed on Amazon,Las Vegas Souvenir & Resort Gift Show 2026,Top Trumps USA Inc.,YES on Amazon (direct Amazon verification),,,,,,,https://www.amazon.com/stores/TopTrumps/page/23247C0D-9EA9-4249-9937-BF97EA4BBD94,Top Trumps,,No (SmartScout monthly quota exhausted),,,Not checked (WebSearch budget exhausted),,Yes,Brand store; sold by Amazon.com,Top Trumps,https://www.amazon.com/stores/TopTrumps/page/23247C0D-9EA9-4249-9937-BF97EA4BBD94,Amazon (Vendor),Yes,Top Trumps,exact,Toys & Games,Dedicated Deck Card Games,75691.87,2002813.09,203,29880,4.59,22.51,2.3,Amazon.com,78.2,-0.126,,True,,"Top Trumps Match Game Marvel Heroes | B0FMFQJPJC | $2,800; Top Trumps Stranger Things Quiz Game | B0DFGSWLKK | $2,638; Top Trumps Card Game World Soccer Stars | B0GNMPXXM6 | $2,368; Top Trumps Disney Classic Quiz Game | B084KM2PZK | $2,362; Top Trumps Match Game Super Mario | B0F3JHRN12 | $2,080",Amazon.com: 78.2%; Top Trumps USA Inc.: 5.2%; Gold Cert: 2.6%; Toynk Toys: 2.5%; HOUSE SMART: 1.9%,6,Amazon 1P,8.9,Amazon 1P ~78% (vendor); brand account ~5%; resellers ~17%; ~200 listings; month down ~13% going into Q4,"Amazon.com 78.2%; Top Trumps USA 5.2%; Gold Cert 2.6%; Toynk 2.5%; monthly rev ~$76k; 203 products; 29,880 reviews; MoM -12.6%",Top Trumps vendor side before Q4,"Hi {{first_name}},

Saw you're exhibiting at the Las Vegas Souvenir & Resort Gift Show next week.

Looking at your listings, Top Trumps does about $76k a month on Amazon across roughly 200 games, with Amazon selling close to 80% as a vendor, your own account around 5% and resellers the rest. The month looks to be down about 13% heading into the season that matters most for card games. On a vendor-heavy setup that usually means nobody is pushing advertising and content.

We manage Amazon for brands end to end, including strategy, content, advertising, inventory and operations.

Open to a 20 minute look at the vendor side before Q4?

Yoni
",sheet Amazon (Vendor) confirmed,2026-09-25T16:27:51
1 - Confirmed on Amazon,Las Vegas Souvenir & Resort Gift Show 2026,Uzzi,"YES on Amazon (Google only, no SmartScout brand record)",,,,,,,https://www.amazon.com/stores/UZZI/page/4AA8CD00-C200-44B2-BD0D-3853DEB60F4D,Uzzi,,Yes,none,"SUZZIPAD, suzzipaws, SuzziPals, Jacuzzi, Artuzzi (substring, unrelated)",Yes,UZZI Amazon brand storefront found,Not needed,,,,,SmartScout,UZZI,not found,,,,,,,,,,,,,,,,,,,,,"Not found; industry-level: brand storefront exists, no measurable sales",'UZZI' record has 0 active products; sheet: UZZI Amazon storefront found,UZZI on Amazon,"Hi {{first_name}},

Saw you're exhibiting at the Las Vegas Souvenir & Resort Gift Show next week.

From what we can see, UZZI has an Amazon storefront, but the listings aren't registering measurable sales in the public marketplace data we look at. Activewear and swim are competitive on Amazon, but they're also where a brand's existing customers go to rebuy, and a storefront that isn't being run for content, advertising and reviews mostly sends them elsewhere.

We recently helped a brand go from no Amazon presence to a $1M+ annual run rate within six months. We manage the channel end to end.

Is Amazon something you're looking at more seriously?

Yoni
",brand record returned 0 products on two attempts; industry-level email,2026-09-25T16:27:51
1 - Confirmed on Amazon,Las Vegas Souvenir & Resort Gift Show 2026,Valani Apparel,"YES on Amazon (Google only, no SmartScout brand record)",,,,,,,https://www.amazon.com/Valani-Apparel-Baja-Fleece-Hoodie/dp/B07FKV4GLC,Valani Apparel,,Yes,none,"VALANIXUS (retry 'Valani', unrelated)",Yes,Valani Apparel fleece hoodie listings on amazon.com,Not needed,,,,,SmartScout,,not found,,,,,,,,,,,,,,,,,,,,,"Not found; industry-level: fleece hoodie listings, no measurable sales",No brand record on two attempts; sheet: Valani Apparel fleece hoodie listings on Amazon,Valani Apparel on Amazon,"Hi {{first_name}},

Saw you're exhibiting at the Las Vegas Souvenir & Resort Gift Show next week.

Looking at your listings, Valani Apparel has Baja fleece hoodies on Amazon, but they aren't registering measurable sales in public marketplace data, and we don't see a brand storefront. Baja hoodies are a steady Amazon search, especially from people who bought one on a trip, and that demand goes to whoever has a managed listing.

We recently helped a brand go from no Amazon presence to a $1M+ annual run rate within six months. We manage the channel end to end.

Is Amazon something you're looking at more seriously?

Yoni
",no brand record on two attempts; industry-level email,2026-09-25T16:27:51
1 - Confirmed on Amazon,Las Vegas Souvenir & Resort Gift Show 2026,"West Coast Sunglasses, Inc.","YES on Amazon (Google only, no SmartScout brand record)",,,,,,,https://www.amazon.com/stores/WestCoastSunglasses/page/68D43418-14CF-4406-886A-41345AD02F14,West Coast Sunglasses,,Yes,none,,Yes,West Coast Sunglasses Amazon brand storefront found (SmartScout retry not run: quota exhausted),Not needed,,,,,SmartScout,,not found,,,,,,,,,,,,,,,,,,,,,"Not found; industry-level: storefront exists, no measurable sales",No brand record on two attempts; sheet: West Coast Sunglasses storefront found,West Coast Sunglasses on Amazon,"Hi {{first_name}},

Saw you're exhibiting at the Las Vegas Souvenir & Resort Gift Show next week.

From what we can see, West Coast Sunglasses has an Amazon storefront, but the listings aren't registering measurable sales in the public marketplace data we look at. Sunglasses are one of the most searched gift categories on Amazon, and a storefront that isn't being run for content, advertising and reviews mostly sends that demand to the big names.

We recently helped a brand go from no Amazon presence to a $1M+ annual run rate within six months. We manage the channel end to end.

Is Amazon something you're looking at more seriously?

Yoni
",no brand record on two attempts; industry-level email,2026-09-25T16:27:51
1 - Confirmed on Amazon,Las Vegas Souvenir & Resort Gift Show 2026,Wild Tribute,"YES on Amazon (Google only, no SmartScout brand record)",,,,,,,https://www.amazon.com/Wild-Tribute-National-Camping-Graphic/dp/B07TN2TGS6,Wild Tribute,,Yes,none,,Yes,Wild Tribute national-park tee listings on amazon.com,Not needed,,,,,SmartScout,,not found,,,,,,,,,,,,,,,,,,,,,"Not found; industry-level: national park tee listings, no measurable sales",No brand record on two attempts; sheet: Wild Tribute national park tee listings,Wild Tribute on Amazon,"Hi {{first_name}},

Saw you're exhibiting at the Las Vegas Souvenir & Resort Gift Show next week.

Looking at your listings, Wild Tribute national park tees are on Amazon, but they aren't registering measurable sales in public marketplace data, and we don't see a brand storefront. National park apparel is a large Amazon search, especially around gifting, and a give-back story like yours is a real differentiator there if the listings are built to tell it.

We recently helped a brand go from no Amazon presence to a $1M+ annual run rate within six months. We manage the channel end to end.

Is Amazon something you're looking at more seriously?

Yoni
",no brand record on two attempts; industry-level email,2026-09-25T16:27:51
1 - Confirmed on Amazon,Las Vegas Souvenir & Resort Gift Show 2026,Wilmot Harvey,"YES on Amazon (Google only, no SmartScout brand record)",,,,,,,https://www.amazon.com/Wilmot-Harvey-Kids-Bucket-Hat/dp/B0F4QM3BKY,Wilmot Harvey,,Yes,none,,Yes,Wilmot Harvey kids bucket hat listing on amazon.com,Not needed,,,,,SmartScout,,not found,,,,,,,,,,,,,,,,,,,,,"Not found; industry-level: one kids bucket hat listing, no measurable sales",No brand record on two attempts; sheet: Wilmot Harvey kids bucket hat listing,Wilmot Harvey on Amazon,"Hi {{first_name}},

Saw you're exhibiting at the Las Vegas Souvenir & Resort Gift Show next week.

Looking at your listings, Wilmot Harvey has a kids bucket hat on Amazon, but the listing isn't registering measurable sales in public marketplace data, and we don't see a brand storefront. Kids sun hats are a big seasonal Amazon search from parents, and a single listing without content, advertising or reviews behind it doesn't rank into that.

We recently helped a brand go from no Amazon presence to a $1M+ annual run rate within six months. We manage the channel end to end.

Is Amazon something you're looking at more seriously?

Yoni
",no brand record on two attempts; industry-level email,2026-09-25T16:27:51
1 - Confirmed on Amazon,Las Vegas Souvenir & Resort Gift Show 2026,YRI Belts,"YES on Amazon (Google only, no SmartScout brand record)",,,,,,,https://www.amazon.com/Belts-Mens-Size-Textured-Leather/dp/B0CRLVGD8W,YRI Belts,,Yes,none,,Yes,multiple YRI Belts listings and seller page on amazon.com,Not needed,,,,,SmartScout,,not found,,,,,,,,,,,,,,,,,,,,,"Not found; industry-level: several listings and a seller page, no measurable sales","No brand record on two attempts (YRI Belts, YRI); sheet: multiple YRI Belts listings and seller page",YRI Belts on Amazon,"Hi {{first_name}},

Saw you're exhibiting at the Las Vegas Souvenir & Resort Gift Show next week.

Looking at your listings, YRI Belts sells on Amazon through its own seller account with several listings up, but they aren't registering measurable sales in public marketplace data and there's no brand storefront. Belts are a high-volume, search-driven category on Amazon, so listings without content, advertising and reviews behind them mostly sit there.

We recently helped a brand go from no Amazon presence to a $1M+ annual run rate within six months. We manage the channel end to end.

Is Amazon something you're looking at more seriously?

Yoni
",no brand record on two attempts; industry-level email,2026-09-25T16:27:51
1 - Confirmed on Amazon,FLIBS 2026,Allied Marine,YES on Amazon (direct Amazon verification),,,,,,,https://www.amazon.com/stores/Allied+Flag+%26+Frame/page/6FFC7754-BD3F-48E2-B0D1-3E83ACAD651D,Allied Marine,,No (SmartScout monthly quota exhausted),,,Not checked,,Yes,Brand store; sold by Allied Products.,Allied Flag,https://www.amazon.com/stores/Allied+Flag+%26+Frame/page/6FFC7754-BD3F-48E2-B0D1-3E83ACAD651D,Brand (Seller Central),Yes,Allied Flag,wrong match,,,,,,,,,,,,,,,,,,,,,Wrong match; yacht dealer matched to unrelated Allied Flag & Frame in the sheet; industry-level email on branded gear,"Allied Flag record is a flag and frame company (~$22k/mo), not the exhibitor; no data for Allied Marine",Allied Marine on Amazon,"Hi {{first_name}},

Saw you're exhibiting at FLIBS next month.

From what we can see, Allied Marine doesn't have a brand presence on Amazon, and the only listings under a similar name belong to an unrelated flag company. For a yacht dealer that's not surprising. Where Amazon does come up for brands like yours is branded gear and owner accessories, which owners search for by name and which nobody is answering right now.

We recently helped a brand go from no Amazon presence to a $1M+ annual run rate within six months. We manage the channel end to end.

Is Amazon something you're looking at more seriously?

Yoni
","wrong match: sheet mapped exhibitor to Allied Flag & Frame (unrelated); SS_ numbers are for Allied Flag, not Allied Marine; weaker fit: yacht brokerage and dealer",2026-09-25T16:27:51
"2 - Possible, verify",FLIBS 2026,Aspen,"LISTED on Amazon, reseller / seller unclear (direct Amazon verification)",,,,,,,https://www.amazon.com/dp/B000VOLKWW,Aspen,,No (SmartScout monthly quota exhausted),,,Not checked,,Possible,No brand store found; sold by PerfumesWorld,Aspen,,Third-party resellers,Yes,ASPEN,wrong match,,,,,,,,,,,,,,,,,,,,,Wrong match; boat builder matched to unrelated Aspen cologne in the sheet and Aspen back braces in marketplace data; industry-level email,No data for Aspen Power Catamarans; 'ASPEN' record is back braces; sheet listing sold by PerfumesWorld is a cologne,Aspen on Amazon,"Hi {{first_name}},

Saw you're exhibiting at FLIBS next month.

From what we can see, Aspen doesn't have a brand presence on Amazon, and the listings that come up under the name belong to unrelated products. For a catamaran builder that's expected. Where Amazon does show up for boat brands is owner accessories and branded gear, which owners search for by name, and right now nothing under Aspen answers that.

We recently helped a brand go from no Amazon presence to a $1M+ annual run rate within six months. We manage the channel end to end.

Is Amazon something you're looking at more seriously?

Yoni
",wrong match: 'Aspen' matched back braces; sheet listing is Aspen cologne; exhibitor is Aspen Power Catamarans; weaker fit: boat builder,2026-09-25T16:27:51
"2 - Possible, verify",FLIBS 2026,Bertram,"LISTED on Amazon, reseller / seller unclear (direct Amazon verification)",,,,,,,https://www.amazon.com/dp/B0B4VWRVBL,Bertram,,No (SmartScout monthly quota exhausted),,,Not checked,,Possible,No brand store found; sold by NovelMedia,Bertram,,Third-party resellers,Yes,Bertram,wrong match,,,,,,,,,,,,,,,,,,,,,Wrong match; yacht builder matched to an unrelated book in the sheet and essential oils in marketplace data; industry-level email,No data for Bertram Yachts; 'Bertram' record is essential oil blends; sheet listing sold by NovelMedia,Bertram on Amazon,"Hi {{first_name}},

Saw you're exhibiting at FLIBS next month.

From what we can see, Bertram doesn't have a brand presence on Amazon, and the listings that come up under the name belong to unrelated products. For a yacht builder with Bertram's history that's not unusual. Where Amazon does show up for boat brands is branded gear and owner accessories, which people search for by name, and nothing under Bertram answers that today.

We recently helped a brand go from no Amazon presence to a $1M+ annual run rate within six months. We manage the channel end to end.

Is Amazon something you're looking at more seriously?

Yoni
",wrong match: 'Bertram' matched essential oils; sheet listing is a book; exhibitor is Bertram Yachts; weaker fit: yacht builder,2026-09-25T16:27:51
1 - Confirmed on Amazon,FLIBS 2026,Capelli,YES on Amazon (direct Amazon verification),,,,,,,https://www.amazon.com/stores/CapelliSport/page/95D2B7D1-33FD-4E74-AC03-932A2CAE00F7,Capelli,,No (SmartScout monthly quota exhausted),,,Not checked,,Yes,Brand store; sold by Amazon.com,Capelli Sport,https://www.amazon.com/stores/CapelliSport/page/95D2B7D1-33FD-4E74-AC03-932A2CAE00F7,Amazon (Vendor),Yes,Capelli Sport,exact,Sports & Outdoors,Soccer Balls,89529.11,1216343.64,86,3977,4.37,24.3,0.94,Amazon.com,98.4,-0.085,,True,,"Disney Pixar Cars Soccer Ball, Size 3 | B09YG92DQF | $23,497; Capelli Sport Marvel Spider-Man Kids Soccer Ball Size 3 | B0BHTS8KTY | $18,880; Marvel Avengers Spider-Man Youth Football, Size 5 | B0BHTW8LBX | $6,611; Marvel Spider-Man Soccer Ball, Size 3 | B09YFZH91N | $5,958; Capelli Sport Soccer Ball Size 5, Rio Beach, Neon Yellow | B0D88XMFWG | $4,210",Amazon.com: 98.4%; Armenta Center: 0.6%; Legend Sports NYC: 0.3%; Mom and Pop Wholesale: 0.3%; Seller Products Unlimited: 0.2%,6,Amazon 1P,1.5,Amazon 1P ~98% (vendor); licensed kids soccer balls carry the channel; month down ~8.5%; narrow ask,"Amazon.com 98.4%; monthly rev ~$90k; 86 products; 3,977 reviews; MoM -8.5%; Disney Cars ball ~$23k/mo",Capelli Sport vendor side on Amazon,"Hi {{first_name}},

Saw you're exhibiting at FLIBS next month.

Looking at your listings, Capelli Sport does about $90k a month on Amazon, essentially all sold by Amazon as a vendor, with the licensed Disney and Marvel kids soccer balls carrying it. The month looks to be down close to 10%. On a vendor-only setup Amazon controls price and stock, and the pieces that tend to fall between teams are advertising and content on the rest of the 86 listings.

We manage Amazon for brands end to end, including strategy, content, advertising, inventory and operations.

Open to a 20 minute look at the vendor side?

Yoni
",sheet Amazon (Vendor) confirmed,2026-09-25T16:27:51
"2 - Possible, verify",FLIBS 2026,CMOR Mapping,"LISTED on Amazon, reseller / seller unclear (direct Amazon verification)",,,,,,,https://www.amazon.com/dp/B0GPJT5FD2,CMOR Mapping,,No (SmartScout monthly quota exhausted),,,Not checked,,Possible,No brand store found; seller not shown,CMOR Mapping,,Unknown,Yes,,not found,,,,,,,,,,,,,,,,,,,,,"Not found; industry-level: one chart card listing, seller not shown, no measurable sales","No brand record on two attempts (CMOR Mapping, CMOR); sheet: listing exists, seller not shown",CMOR Mapping on Amazon,"Hi {{first_name}},

Saw you're exhibiting at FLIBS next month.

Looking at your listings, CMOR Mapping charts show up on Amazon, but the listing isn't registering measurable sales in public marketplace data, and we don't see a brand storefront. Chart cards are exactly the kind of product boaters search for by name on Amazon after seeing them at a show or a dealer, and that demand goes to whoever holds the listing.

We recently helped a brand go from no Amazon presence to a $1M+ annual run rate within six months. We manage the channel end to end.

Is Amazon something you're looking at more seriously?

Yoni
",no brand record on two attempts; industry-level email,2026-09-25T16:27:51
1 - Confirmed on Amazon,FLIBS 2026,Cummins,YES on Amazon (direct Amazon verification),,,,,,,https://www.amazon.com/stores/CumminsOfficialMerchandise/page/E32BB788-DDBB-4723-B8D4-40E2FC7A6C63,Cummins,,No (SmartScout monthly quota exhausted),,,Not checked,,Yes,Brand store; sold by Amazon.com,Cummins,https://www.amazon.com/stores/CumminsOfficialMerchandise/page/E32BB788-DDBB-4723-B8D4-40E2FC7A6C63,Amazon (Vendor),Yes,Cummins,close,Automotive,Power Inverters,364868.69,6113038.91,95,21393,4.54,98.97,20.23,,46.2,0.018,,True,,"Cummins 5000 Watts Inverter CMN5000W | B0B8LBBB5S | $53,508; Cummins 3000 Watts Inverter CMN3000W | B0B7V79J7R | $39,362; Cummins Edition BlueParrott B450-XT Headset | B0D7DL6R1G | $36,470; Onan OnaMax SAE 15W-40 Engine Oil, 32 oz | B00278MET8 | $23,463; LF14000NN Fleetguard Lube Filter | B07WJRRRB5 | $21,858",Amazon.com: 46.2%; SPEEDSTUFFSALES: 13.9%; VirVentures: 7.7%; Buyers Lair: 6.0%; KART IT: 3.9%,6,Mixed,34.7,"Large company; Amazon 1P ~46%, dealers and resellers ~54% (SPEEDSTUFFSALES 14%, VirVentures 8%); marine line not visible; narrow ask","Amazon.com 46.2%; SPEEDSTUFFSALES 13.9%; VirVentures 7.7%; Buyers Lair 6%; monthly rev ~$365k; 95 products; top listings inverters, Onan oil, Fleetguard filters",Cummins parts and marine line on Amazon,"Hi {{first_name}},

Saw you're exhibiting at FLIBS next month.

From what we can see, the Cummins consumer catalog on Amazon does about $360k a month, with Amazon selling under half as a vendor and dealers like SPEEDSTUFFSALES and VirVentures the rest. The inverters, Onan oil and Fleetguard filters carry it, and the marine line doesn't show up in the top listings at all. I know Cummins has people on this. This is a narrow point about the marine side.

We manage Amazon for brands end to end, including strategy, content, advertising, inventory and operations.

Open to a 20 minute look at how the marine parts are positioned on Amazon?

Yoni
","record is the whole Cummins consumer catalog (inverters, Onan, Fleetguard); Cummins Marine not separately visible; sheet Amazon (Vendor); fresh data shows Mixed with dealers over half; large company, narrow ask",2026-09-25T16:27:51
1 - Confirmed on Amazon,FLIBS 2026,flite,YES on Amazon (direct Amazon verification),,,,,,,https://www.amazon.com/dp/B0BMF6FFK9,flite,,No (SmartScout monthly quota exhausted),,,Not checked,,Yes,No brand store found; sold by FliteBMX,Flite,,Brand (Seller Central),Yes,Flite,wrong match,,,,,,,,,,,,,,,,,,,,,Wrong match; eFoil brand matched to unrelated FliteBMX in the sheet and in marketplace data; industry-level email,"'Flite' record is FliteBMX pad sets (~$1.3k/mo), not the exhibitor; no data for Flite eFoils",Flite on Amazon,"Hi {{first_name}},

Saw you're exhibiting at FLIBS next month.

From what we can see, Flite doesn't have a brand presence on Amazon, and the listings that come up under the name belong to an unrelated BMX parts company. For a premium eFoil that's a reasonable choice. Where Amazon does come up for brands like yours is accessories, spares and branded gear, which owners search for by name and which nobody is answering under Flite right now.

We recently helped a brand go from no Amazon presence to a $1M+ annual run rate within six months. We manage the channel end to end.

Is Amazon something you're looking at more seriously?

Yoni
","wrong match: 'Flite' matched FliteBMX; sheet's 'sold by FliteBMX' is the same unrelated company; weaker fit: premium eFoil, dealer-led",2026-09-25T16:27:51
1 - Confirmed on Amazon,FLIBS 2026,"Headhunter, Inc.",YES on Amazon (direct Amazon verification),,,,,,,https://www.amazon.com/stores/Headhunter/page/286EBD59-7FAE-4838-8EB4-58369944BE85,Headhunter,,No (SmartScout monthly quota exhausted),,,Not checked,,Yes,Brand store; sold by Headhunter Suncare,Headhunter,https://www.amazon.com/stores/Headhunter/page/286EBD59-7FAE-4838-8EB4-58369944BE85,Brand (Seller Central),Yes,Headhunter,exact,Beauty & Personal Care,Facial Sunscreens,7643.82,89605.6,25,1379,4.57,19.2,0.76,Headhunter Suncare,0,0.06,,True,,"Headhunter Sunscreen Face Stick SPF 45, Tinted Light Brown (1 pack) | B081PL7XF3 | $3,040; Headhunter Sunscreen Face Stick SPF 45, Tinted (2 pack) | B085WBDRZM | $1,835; Headhunter Heavy Duty Reef Safe Sunscreen SPF 50 | B098DP9BC1 | $1,690; Headhunter Sunscreen Face Stick SPF 45, Clear White | B08T6J76K3 | $1,043; Headhunter Spearfishing Nomad Warhead Injector Rod | B09T75VF68 | $35",Headhunter Suncare: 99.5%; Austin's Diving Center: 0.5%; LastChanceRecords: 0%,3,Brand direct,0.5,Small footprint (~$7.6k a month) for a proven surf sunscreen; sold direct; spearfishing gear barely listed,"Headhunter Suncare 99.5%; monthly rev ~$7.6k; 25 products; 1,379 reviews; rating 4.57; MoM +6%",Headhunter on Amazon,"Hi {{first_name}},

Saw you're exhibiting at FLIBS next month.

Looking at your listings, Headhunter is on Amazon at about $7.6k a month, sold direct, with the SPF 45 face stick carrying it and close to 1,400 reviews at a 4.6 average. That's a proven product doing a small number. The spearfishing gear is barely listed at all. Reef-safe sport sunscreen is a big Amazon search every spring, and this looks like a catalog that could do several times that with advertising and content behind it.

We manage Amazon for brands end to end, including strategy, content, advertising, inventory and operations.

Would it make sense to have a quick conversation before next season?

Yoni
",sheet Brand (Seller Central) confirmed,2026-09-25T16:27:51
"2 - Possible, verify",FLIBS 2026,Honda Marine,"LISTED on Amazon, reseller / seller unclear (direct Amazon verification)",,,,,,,https://www.amazon.com/stores/Honda/page/43C8596F-751A-48B8-9864-E07B55577CD0,Honda Marine,,No (SmartScout monthly quota exhausted),,,Not checked,,Possible,Brand store; sold by G.P.S.,Honda,https://www.amazon.com/stores/Honda/page/43C8596F-751A-48B8-9864-E07B55577CD0,Third-party resellers,Yes,Honda,close,Automotive,Outdoor Generators,4742856.8,53278131.43,986,252176,4.62,93.99,5.42,,0.2,0.129,,True,,"Honda EU2200i 2200 Watt Inverter Generator | B08YJVDGS1 | $670,565; Honda 08200-9008 Automatic Transmission Fluid, 4 Pack | B01ATG3RCC | $255,666; Honda EU2200i Companion Inverter Generator | B08GPKL8N2 | $250,707; Honda EU2200i 2200 Watt Inverter Generator | B079YF1HF6 | $205,951; Honda EU7000iS Inverter Generator | B0FNRZWFWK | $154,969",Jacks Small Engines: 38.0%; Crown Auto Group: 10.1%; Westcap Power Equipment: 8.4%; G.P.S.: 3.7%; Cyclemax: 2.6%,6,Mixed,65.4,"Honda parts and equipment on Amazon sold entirely by dealers (Jacks Small Engines 38%, Crown Auto 10%, G.P.S. 4%); no brand seller; marine line not visible; narrow ask",Jacks Small Engines 38%; Crown Auto Group 10.1%; Westcap 8.4%; G.P.S. 3.7%; Amazon.com 0.2%; monthly rev ~$4.7M (all Honda); top listings generators and ATF,Honda Marine parts on Amazon,"Hi {{first_name}},

Saw you're exhibiting at FLIBS next month.

From what we can see, Honda parts and equipment do serious volume on Amazon, all of it through dealers like Jacks Small Engines, Crown Auto Group and G.P.S. rather than a Honda account, and the marine line doesn't show up in the top listings, which are generators and transmission fluid. I know Honda has people on this. It's a narrow point about who controls the outboard parts and oil listings that boaters actually search for.

We manage Amazon for brands end to end, including strategy, content, advertising, inventory and operations.

Open to a 20 minute look at the marine parts side of Amazon?

Yoni
","record is all of Honda on Amazon (generators, auto fluids); Honda Marine not separately visible; sheet third-party (G.P.S.) confirmed; very large brand, narrow ask",2026-09-25T16:27:51
"2 - Possible, verify",FLIBS 2026,KOAH,"LISTED on Amazon, reseller / seller unclear (direct Amazon verification)",,,,,,,https://www.amazon.com/stores/Koah/page/8A15EBB1-CC0C-4D5A-9AC4-6A85E26602BC,KOAH,,No (SmartScout monthly quota exhausted),,,Not checked,,Possible,Brand store; sold by Focus Camera LLC,Koah,https://www.amazon.com/stores/Koah/page/8A15EBB1-CC0C-4D5A-9AC4-6A85E26602BC,Third-party resellers,Yes,Koah,close,Camera & Photo,Camera Cases,24623.45,573362.38,37,1459,4.54,164.42,1.46,Lifestyle by Focus,0,-0.481,,True,,"Koah Weatherproof Hard Case (unrelated Focus Camera brand) | B09MMJ3M7W | $12,799; Koah Ultimate 32GB SDHC Memory Card Bundle (unrelated) | B0GJ192GL6 | $6,399; Koah 53 Inch Weatherproof Roller Rifle Hard Case (unrelated) | B0D68F5FRY | $1,430; Koah Long Fin Utility Spearfishing Backpack | B01HFC39E4 | $844; Koah Pro Vertical Battery Grip for Sony (unrelated) | B08PVXRFHW | $840",Focus Camera LLC: 88.0%; House of Scuba: 3.4%; Koah Spearfishing Company Inc.: 3.0%; Divers Direct: 2.5%; Austin's Diving Center: 1.0%,6,Third-party resellers,95.9,Brand name collision: 'Koah' on Amazon is dominated by an unrelated Focus Camera accessory line; Koah Spearfishing's own account sells under $1k a month,Focus Camera LLC 88% (unrelated Koah camera line); Koah Spearfishing Company 3%; spearfishing backpack ~$840/mo; record MoM -48%,The Koah name on Amazon,"Hi {{first_name}},

Saw you're exhibiting at FLIBS next month.

Looking at your listings, anyone who searches Koah on Amazon lands on hard cases and memory card bundles from an unrelated camera accessory brand that uses the same name, and that line takes almost 90% of what Amazon attributes to Koah. Your own account sells a few hundred dollars a month, mostly the spearfishing backpack. So the name is doing work on Amazon and almost none of it is for you.

We manage Amazon for brands end to end, including strategy, content, advertising, inventory and operations.

Would it make sense to have a quick conversation about carving out the spearfishing line?

Yoni
",mixed record: 'Koah' brand on Amazon is mostly Focus Camera's Koah accessory line; SS_ totals not the exhibitor's; email uses only the spearfishing seller data; sheet third-party (Focus Camera) is the unrelated brand's seller,2026-09-25T16:27:51
"2 - Possible, verify",FLIBS 2026,KVH Industries,"LISTED on Amazon, reseller / seller unclear (direct Amazon verification)",,,,,,,https://www.amazon.com/dp/B0FWZVM3Q5,KVH,,No (SmartScout monthly quota exhausted),,,Not checked,,Possible,No brand store found; sold by The Factory Depot,KVH,,Third-party resellers,Yes,KVH,exact,Electronics,Satellite Television Receivers,1299.97,4749.84,2,169,3.65,117.5,13,,0,,,False,,"Dish Network VIP 211z HD Satellite Receiver | B00IJE0H9I | $850; KVH H24 DIRECTV Receiver, Remanufactured | B08BDCF6Y9 | $450",All Prime Things: 44.5%; White Family Farms: 34.6%; Prime Electronics US: 20.9%,3,Third-party resellers,100.0,Effectively not on Amazon: two remanufactured receiver listings sold by resellers at a 3.65 rating; no brand account or storefront,All Prime Things 44.5%; White Family Farms 34.6%; Prime Electronics US 20.9%; monthly rev ~$1.3k; 2 products; rating 3.65,KVH on Amazon,"Hi {{first_name}},

Saw you're exhibiting at FLIBS next month.

Looking at your listings, KVH shows up on Amazon with two remanufactured receiver listings sold by third parties, doing about $1k a month at a 3.65 rating, and no KVH account or storefront behind them. For the name KVH carries in marine connectivity, that means the brand's Amazon presence is a couple of refurb resellers and the reviews they earn. Antennas and accessories are what boaters actually search for there.

We manage Amazon for brands end to end, including strategy, content, advertising, inventory and operations.

Is Amazon something you're looking at for the accessories and parts side?

Yoni
",sheet third-party (The Factory Depot) confirmed; tiny record,2026-09-25T16:27:51
"2 - Possible, verify",FLIBS 2026,"Lee's Tackle, Inc.","LISTED on Amazon, reseller / seller unclear (direct Amazon verification)",,,,,,,https://www.amazon.com/dp/B005F4J5Y8,Lee's Tackle,,No (SmartScout monthly quota exhausted),,,Not checked,,Possible,No brand store found; sold by Less Is Always More ✱AUTHORIZED SELLER✱,Lee's Tackle,,Third-party resellers,Yes,Lee's Tackle,exact,Sports & Outdoors,Fishing Rod Holders,428.92,6936.27,4,28,4.53,75.35,26.25,,0,,,False,,Lee's 30176 Stainless Steel Flush Mount Rod Holder 2 inch | B0000AYEMQ | $429; Lee's Vinyl Rubber Insert for RH525 | B000VY9TJI | $0; Lee's Tackle RH526 Vinyl Rubber Insert | B007RDCVMS | $0; Lee's 0 Degree SS Flush Mount Swivel Base Rod Holder | B005F4J5Y8 | $0,Freeport Marine Supply: 89.8%; Less Is Always More: 10.2%; House & Hammer: 0%; Payless 'N Save: 0%; Bulkify Direct: 0%,6,Third-party resellers,100.0,"Barely on Amazon: four listings, one selling ~$430 a month, all through resellers (Freeport Marine 90%); no brand account",Freeport Marine Supply 89.8%; Less Is Always More 10.2%; monthly rev ~$430; TTM ~$7k; 4 products; 28 reviews,Lee's Tackle on Amazon,"Hi {{first_name}},

Saw you're exhibiting at FLIBS next month.

Looking at your listings, Lee's Tackle has four rod holder listings on Amazon, one of them selling a few hundred dollars a month, all through resellers like Freeport Marine Supply rather than a Lee's account. Rod holders and outrigger hardware are a real Amazon search from boat owners, and for the name Lee's carries in that category the footprint is close to nothing.

We recently helped a brand go from no Amazon presence to a $1M+ annual run rate within six months. We manage the channel end to end.

Is Amazon something you're looking at more seriously?

Yoni
",sheet third-party confirmed,2026-09-25T16:27:51
"2 - Possible, verify",FLIBS 2026,Multiplex GmbH,"LISTED on Amazon, reseller / seller unclear (direct Amazon verification)",,,,,,,https://www.amazon.com/dp/B01GX9DNUK,Multiplex,,No (SmartScout monthly quota exhausted),,,Not checked,,Possible,No brand store found; sold by Commercial Kitchen Direct,Multiplex,,Third-party resellers,Yes,Multiplex,wrong match,,,,,,,,,,,,,,,,,,,,,Wrong match; exhibitor's products not found; listings under the name are unrelated; industry-level email,'Multiplex' record is lab beakers (~$1.7k/mo); sheet listing sold by Commercial Kitchen Direct is unrelated,Multiplex on Amazon,"Hi {{first_name}},

Saw you're exhibiting at FLIBS next month.

From what we can see, Multiplex doesn't have a brand presence on Amazon, and the listings that come up under the name belong to unrelated products. That's common for a European manufacturer selling through dealers in the US. The question is whether Amazon should be doing some of the work here, since that's where US buyers research even when they buy through a dealer.

We recently helped a brand go from no Amazon presence to a $1M+ annual run rate within six months. We manage the channel end to end.

Is Amazon something you're looking at for the US market?

Yoni
",wrong match: 'Multiplex' matched lab beakers; sheet listing unrelated; exhibitor product line unclear; weaker fit,2026-09-25T16:27:51
"2 - Possible, verify",FLIBS 2026,Nimbus,"LISTED on Amazon, reseller / seller unclear (direct Amazon verification)",,,,,,,https://www.amazon.com/stores/Nimbus/page/016F5E17-4E30-42CA-A5D5-3559A4E73146,Nimbus,,No (SmartScout monthly quota exhausted),,,Not checked,,Possible,Brand store; sold by ZenEssence,NIMBUS,https://www.amazon.com/stores/Nimbus/page/016F5E17-4E30-42CA-A5D5-3559A4E73146,Third-party resellers,Yes,Nimbus,wrong match,,,,,,,,,,,,,,,,,,,,,Wrong match; boat builder matched to an unrelated toothbrush brand; industry-level email,"'Nimbus' record is manual toothbrushes (~$626k/mo), not the exhibitor; sheet: brand store sold by ZenEssence is the same unrelated brand",Nimbus on Amazon,"Hi {{first_name}},

Saw you're exhibiting at FLIBS next month.

From what we can see, Nimbus doesn't have a brand presence on Amazon, and the listings under the name belong to an unrelated toothbrush brand that does real volume, so anyone searching the name lands there. For a boat builder that's expected. Where Amazon does show up for boat brands is branded gear and owner accessories, which owners search for by name.

We recently helped a brand go from no Amazon presence to a $1M+ annual run rate within six months. We manage the channel end to end.

Is Amazon something you're looking at more seriously?

Yoni
",wrong match: 'Nimbus' matched a toothbrush brand; sheet store (ZenEssence) is the same unrelated brand; exhibitor is Nimbus Boats; weaker fit: boat builder,2026-09-25T16:27:51
1 - Confirmed on Amazon,FLIBS 2026,Paddle North,YES on Amazon (direct Amazon verification),,,,,,,https://www.amazon.com/stores/PaddleNorth/page/28A39D2C-B9F7-48D9-9887-1928B5AF9C2C,Paddle North,,No (SmartScout monthly quota exhausted),,,Not checked,,Yes,Brand store; sold by Paddle North,Paddle North,https://www.amazon.com/stores/PaddleNorth/page/28A39D2C-B9F7-48D9-9887-1928B5AF9C2C,Brand (Seller Central),Yes,Paddle North,exact,Sports & Outdoors,Inflatable Rafts,2799.2,18736.42,3,6,4.47,642.68,1,,0,-0.67,,False,,Paddle North Utility Dock XL 12 x 6 Inflatable Swim Platform | B0CV9BT2VB | $999; Action Mount Cup Holder for Kayaks and Paddleboards | B0DVCYHDS7 | $901; Paddle North Utility Dock 9 x 6 Inflatable Swim Platform | B0CV9B73WP | $899,Paddle North: 100%,1,Brand direct,0,"Tiny footprint: three listings, ~$2.8k a month, six reviews, no storefront; sold direct; season ending",Paddle North 100%; monthly rev ~$2.8k; TTM ~$19k; 3 products; 6 reviews; MoM -67%; avg price ~$640,Paddle North on Amazon,"Hi {{first_name}},

Saw you're exhibiting at FLIBS next month.

Looking at your listings, Paddle North has three products on Amazon, sold direct, doing a few thousand dollars a month with six reviews between them and no brand storefront. For a $600 to $900 inflatable dock, six reviews is the whole problem, since nobody buys at that price without them. The off-season is when that gets fixed, so the listings are ready before next spring.

We manage Amazon for brands end to end, including strategy, content, advertising, inventory and operations.

Would it make sense to have a quick conversation before next season?

Yoni
","sheet Brand (Seller Central) confirmed; sheet says brand store, fresh data shows no storefront",2026-09-25T16:27:51
"2 - Possible, verify",FLIBS 2026,Propspeed,"LISTED on Amazon, reseller / seller unclear (direct Amazon verification)",,,,,,,https://www.amazon.com/dp/B09T3LP6WN,Propspeed,,No (SmartScout monthly quota exhausted),,,Not checked,,Possible,No brand store found; sold by Autoplicity ✅,Propspeed,,Third-party resellers,Yes,Propspeed,exact,Sports & Outdoors,Boat Cleaners,3889.01,45116.76,3,49,4.73,181.51,6,,0,-0.527,,False,,"Propspeed Oceanmax DIY Kit 500 ml | B078H71N4T | $1,852; Propspeed DIY 200ml Kit | B078H96CYX | $1,737; Propspeed Lightspeed Underwater Light Coating | B08VS3K7N9 | $300",Coastal Marine & Trailer: 30.8%; HARVARD MARINE: 30.6%; Atlantic Boat Supply: 28.5%; HHSN1: 8.5%; LFS Marine & Outdoor: 0.8%,6,Third-party resellers,99.7,"Sold entirely by marine resellers (Coastal Marine 31%, Harvard Marine 31%, Atlantic Boat Supply 29%); three listings; month down ~53%",Coastal Marine & Trailer 30.8%; HARVARD MARINE 30.6%; Atlantic Boat Supply 28.5%; monthly rev ~$3.9k; TTM ~$45k; 3 products; 49 reviews; rating 4.73,Propspeed listings on Amazon,"Hi {{first_name}},

Saw you're exhibiting at FLIBS next month.

Looking at your listings, Propspeed is on Amazon with three DIY kit listings doing a few thousand dollars a month, all sold by resellers like Coastal Marine, Harvard Marine and Atlantic Boat Supply rather than by you, and the month is down by about half. The reviews are strong at 4.7. For a product boaters search for by name, that's a channel being run by whoever has stock that week.

We manage Amazon for brands end to end, including strategy, content, advertising, inventory and operations.

Would it make sense to have a quick conversation about owning the channel directly?

Yoni
",sheet third-party (Autoplicity) confirmed,2026-09-25T16:27:51
"2 - Possible, verify",FLIBS 2026,QMI,"LISTED on Amazon, reseller / seller unclear (direct Amazon verification)",,,,,,,https://www.amazon.com/dp/B00QX33I2K,QMI,,No (SmartScout monthly quota exhausted),,,Not checked,,Possible,No brand store found; sold by HorizonExpand Trading,QMI,,Third-party resellers,Yes,Qmi,wrong match,,,,,,,,,,,,,,,,,,,,,Wrong match; marine shade company matched to unrelated fender trim listings; industry-level email,'Qmi' record is automotive fender trim (2 products); sheet listing sold by HorizonExpand Trading,QMI on Amazon,"Hi {{first_name}},

Saw you're exhibiting at FLIBS next month.

From what we can see, QMI doesn't have a brand presence on Amazon, and the listings that come up under the name belong to unrelated automotive parts. For a marine shade and screen manufacturer selling through boat builders and dealers, that may be by design. It also means boat owners searching for replacement screens and shades by name find nothing from you.

We recently helped a brand go from no Amazon presence to a $1M+ annual run rate within six months. We manage the channel end to end.

Is Amazon something you're looking at more seriously?

Yoni
",wrong match: 'QMI' matched fender trim; sheet listing unrelated; weaker fit: OEM supplier,2026-09-25T16:27:51
"2 - Possible, verify",FLIBS 2026,Rupp Marine Inc.,"LISTED on Amazon, reseller / seller unclear (direct Amazon verification)",,,,,,,https://www.amazon.com/dp/B00X0X6LR0,Rupp Marine,,No (SmartScout monthly quota exhausted),,,Not checked,,Possible,No brand store found; sold by HARVARD MARINE,Rupp,,Third-party resellers,Yes,Rupp,exact,Automotive,Automotive Clips,1731.45,21579.59,6,283,4.48,51.9,10.17,,0,-0.388,,False,,"Rupp Nok-Outs Outrigger Release Clips, Pair | B001449DXQ | $773; Rupp Aluma Guard Aluminum Protectant 16oz | B001448KBC | $511; Rupp Aluma Guard Aluminum Protectant 16oz | B011LO2TCA | $448; Rupp Nok-Outs Outrigger Release Clips, Pair | B00JME3IOU | $0; Rupp Control Knob Gold for Morse Controls | B019YLVGWQ | $0",Less Is Always More: 32.9%; J&B Tackle Co. Inc.: 30.3%; Deff Audio: 23.4%; Homestead Supply & More: 5.6%; HARVARD MARINE: 5.2%,6,Third-party resellers,100.0,"Sold entirely by resellers (Less Is Always More 33%, J&B Tackle 30%, Deff Audio 23%); six listings; month down ~39%",Less Is Always More 32.9%; J&B Tackle 30.3%; Deff Audio 23.4%; monthly rev ~$1.7k; TTM ~$22k; 6 products; 283 reviews,Rupp listings on Amazon,"Hi {{first_name}},

Saw you're exhibiting at FLIBS next month.

Looking at your listings, Rupp is on Amazon with six listings doing under $2k a month, all sold by resellers like Less Is Always More, J&B Tackle and Deff Audio rather than a Rupp account, and the month is down close to 40%. The Nok-Outs and Aluma Guard are what moves. Outrigger hardware is a name-driven search from boat owners, and the brand isn't the one answering it.

We manage Amazon for brands end to end, including strategy, content, advertising, inventory and operations.

Would it make sense to have a quick conversation about owning the channel directly?

Yoni
",sheet third-party (Harvard Marine) confirmed,2026-09-25T16:27:51
"2 - Possible, verify",FLIBS 2026,Salty Dawgs,"LISTED on Amazon, reseller / seller unclear (direct Amazon verification)",,,,,,,https://www.amazon.com/dp/B0DWKCBJQ3,Salty Dawgs,,No (SmartScout monthly quota exhausted),,,Not checked,,Possible,No brand store found; seller not shown; name from Amazon search label,Salty Dawg,,Unknown,Yes,,not found,,,,,,,,,,,,,,,,,,,,,"Not found; industry-level: one listing, seller not shown, no measurable sales","No brand record on two attempts (Salty Dawg, Salty Dawgs); sheet: single listing, seller not shown",Salty Dawgs on Amazon,"Hi {{first_name}},

Saw you're exhibiting at FLIBS next month.

Looking at your listings, Salty Dawgs shows up on Amazon with a single listing that isn't registering measurable sales in public marketplace data, and we don't see a brand storefront. Boat show brands get searched by name on Amazon long after the show, and a lone listing without content, advertising or reviews behind it doesn't catch that.

We recently helped a brand go from no Amazon presence to a $1M+ annual run rate within six months. We manage the channel end to end.

Is Amazon something you're looking at more seriously?

Yoni
",no brand record on two attempts; industry-level email; sheet sold_by Unknown,2026-09-25T16:36:01
"2 - Possible, verify",FLIBS 2026,Sancochos,"LISTED on Amazon, reseller / seller unclear (direct Amazon verification)",,,,,,,https://www.amazon.com/dp/B07BGT36M7,Sancochos,,No (SmartScout monthly quota exhausted),,,Not checked,,Possible,No brand store found; seller not shown; name from Amazon search label,Sancocho,,Unknown,Yes,,not found,,,,,,,,,,,,,,,,,,,,,"Not found; industry-level: one listing, seller not shown, no measurable sales","No brand record on two attempts (Sancocho, Sancochos); sheet: single listing, seller not shown",Sancochos on Amazon,"Hi {{first_name}},

Saw you're exhibiting at FLIBS next month.

Looking at your listings, Sancochos shows up on Amazon with a single listing that isn't registering measurable sales in public marketplace data, and we don't see a brand storefront. For a brand exhibiting at a show like FLIBS, Amazon is usually where the people who saw you go to look afterward, and right now there's nothing built to catch that.

We recently helped a brand go from no Amazon presence to a $1M+ annual run rate within six months. We manage the channel end to end.

Is Amazon something you're looking at more seriously?

Yoni
",no brand record on two attempts; industry-level email; sheet sold_by Unknown; product line unclear,2026-09-25T16:36:01
1 - Confirmed on Amazon,FLIBS 2026,Scania/Mack Boring & Parts Co.,YES on Amazon (direct Amazon verification),,,,,,,https://www.amazon.com/dp/B0HDDM683S,Scania,,No (SmartScout monthly quota exhausted),,,Not checked,,Yes,No brand store found; sold by Amazon.com,SCANIA SWEDEN,,Amazon (Vendor),Yes,,not found,,,,,,,,,,,,,,,,,,,,,"Not found; industry-level: one listing sold by Amazon, no brand presence; engine distributor, weak fit","No brand record on two attempts (SCANIA SWEDEN, Scania); sheet: single listing sold by Amazon.com",Scania marine parts on Amazon,"Hi {{first_name}},

Saw you're exhibiting at FLIBS next month.

From what we can see, Scania has a single listing on Amazon sold by Amazon itself, no brand storefront, and nothing registering measurable sales in public marketplace data. For a marine engine line sold through Mack Boring and dealers that's expected. Where Amazon tends to matter for engine brands is filters, service kits and consumables that owners search for by part number.

We recently helped a brand go from no Amazon presence to a $1M+ annual run rate within six months. We manage the channel end to end.

Is Amazon something you're looking at for the parts side?

Yoni
",combined exhibitor name; queried SCANIA SWEDEN (sheet brand name) and Scania; no brand record on two attempts; industry-level email; weaker fit: engine distributor,2026-09-25T16:36:01
"2 - Possible, verify",FLIBS 2026,Solara,"LISTED on Amazon, reseller / seller unclear (direct Amazon verification)",,,,,,,https://www.amazon.com/stores/SolaraSuncare/page/98ED9EFA-96A6-4985-B9AD-53B4C8891C86,Solara,,No (SmartScout monthly quota exhausted),,,Not checked,,Possible,Brand store; sold by JJ Online store,SOLARA SUNCARE,https://www.amazon.com/stores/SolaraSuncare/page/98ED9EFA-96A6-4985-B9AD-53B4C8891C86,Third-party resellers,Yes,Solara Suncare,exact,Beauty & Personal Care,Facial Sunscreens,37305.51,481438.33,16,748,3.79,33.8,1.13,,0,-0.404,0.182,True,https://www.amazon.com/stores/SolaraSuncare/page/98ED9EFA-96A6-4985-B9AD-53B4C8891C86,"Solara Suncare Go! Daily Defense Soothing Face Sunscreen (1.7 fl oz) | B0BG6ZRYMC | $9,120; Solara Suncare Guardian Angel Super Peptide Sunscreen Milk (1 fl oz) | B0D9L1XLPZ | $8,150; Solara Suncare Go! Mineral Defense SPORT Body Sunscreen (5 fl oz) | B0DBM6C2S8 | $3,658; Solara Suncare Good Karma Dry Oil Mineral Sunscreen (3.4 fl oz) | B0DGH2X4H8 | $3,024; Solara Suncare Go! Vacation Glow Tinted Mineral Sunscreen (1.7 fl oz) | B0BGDFC8H6 | $2,499",Carbon Beauty: 89.8%; JJ Online store: 3.6%; Mint Blossoms: 2.9%; Tech P. Horizon: 2.1%; V Choices: 1.2%,6,Third-party resellers,100.0,Nearly all revenue through one seller (Carbon Beauty ~90%); 3.8 rating; month down ~40% after summer,Carbon Beauty 89.8%; JJ Online store 3.6%; Mint Blossoms 2.9%; monthly rev ~$37k; 16 products; 748 reviews; rating 3.79; MoM -40%; 12M MoM +18%,Solara Suncare on Amazon,"Hi {{first_name}},

Saw you're exhibiting at FLIBS next month.

Looking at your listings, Solara Suncare is doing about $37k a month on Amazon, almost all of it through a seller called Carbon Beauty rather than a Solara account, with a few small resellers on the same listings. If Carbon Beauty is your partner, fine. What stands out either way is a 3.8 rating across the catalog, which for a premium sunscreen is the thing capping conversion, and the off-season is when that gets fixed.

We manage Amazon for brands end to end, including strategy, content, advertising, inventory and operations.

Would it make sense to have a quick conversation before next season?

Yoni
","sheet third-party (JJ Online store); fresh data shows Carbon Beauty at 90%, may be an affiliated account, verify",2026-09-25T16:36:01
1 - Confirmed on Amazon,FLIBS 2026,Sunchill,YES on Amazon (direct Amazon verification),,,,,,,https://www.amazon.com/dp/B0H4FZ5S4S,Sunchill,,No (SmartScout monthly quota exhausted),,,Not checked,,Yes,No brand store found; sold by Sunchill,Sunchill,,Brand (Seller Central),Yes,Sunchill,exact,Toys & Games,Pool Rafts & Inflatable Ride-ons,2574,30927.04,2,30,4.8,99,0.5,,0,-0.6,,False,,"Sunchill SunChair Inflatable Float Chair, Mint | B0H4FZ5S4S | $2,574; Sunchill SunChair Inflatable Float Chair | B0G15S4QG5 | $0",Sunchill: 100%,1,Brand direct,0,"Tiny footprint: two listings, ~$2.6k a month, 30 reviews, no storefront; sold direct; season ending",Sunchill 100%; monthly rev ~$2.6k; TTM ~$31k; 2 products; 30 reviews; rating 4.8; MoM -60%,Sunchill on Amazon,"Hi {{first_name}},

Saw you're exhibiting at FLIBS next month.

Looking at your listings, the Sunchill SunChair is on Amazon with two listings, sold direct, doing a few thousand dollars a month on about 30 reviews at a 4.8 average, and no brand storefront. The product clearly lands with the people who find it. Almost nobody does, and the off-season is when the content, reviews and advertising get built so next spring starts from a different place.

We manage Amazon for brands end to end, including strategy, content, advertising, inventory and operations.

Would it make sense to have a quick conversation before next season?

Yoni
",sheet Brand (Seller Central) confirmed,2026-09-25T16:36:01
"2 - Possible, verify",FLIBS 2026,Suzuki Marine,"LISTED on Amazon, reseller / seller unclear (direct Amazon verification)",,,,,,,https://www.amazon.com/stores/Suzuki/page/EFCEC546-45B9-4CDE-A967-8C31CEB44B2B,Suzuki Marine,,No (SmartScout monthly quota exhausted),,,Not checked,,Possible,Brand store; sold by Central Florida PowerSports,SUZUKI,https://www.amazon.com/stores/Suzuki/page/EFCEC546-45B9-4CDE-A967-8C31CEB44B2B,Third-party resellers,Yes,Suzuki,close,Musical Instruments,Melodicas,39023.71,646874.96,96,3433,4.43,256.47,1.95,,16.0,-0.158,-0.149,True,https://www.amazon.com/stores/Suzuki/page/EFCEC546-45B9-4CDE-A967-8C31CEB44B2B,"Suzuki HB-250 Two Octave Tone Chime Set (unrelated Suzuki instruments) | B00LIUCL0I | $7,200; Suzuki M-37C Alto Melodion (unrelated) | B000XYFBMK | $5,487; Suzuki Marine 990A0-01E81-01Q ECSTAR Hypoid Gear Oil SAE 90 | B07XF7LFYR | $4,814; Suzuki PRO-37V3 Pro Alto Melodion (unrelated) | B07MMRF1H1 | $4,756; Suzuki Omnichord Gig Bag (unrelated) | B0CVV3NZC1 | $2,316",Briskdrop: 22.5%; Amazon.com: 16.0%; Sweetwater Sound: 10.7%; Central Florida PowerSports: 9.4%; Craft and Sound Hub: 8.2%,6,Mixed,55.8,"Marine parts sold by dealers (Central Florida PowerSports, Cyclemax); the Suzuki name on Amazon is dominated by the instrument line; narrow ask",Mixed record: Briskdrop 22.5%; Amazon.com 16%; Sweetwater 10.7%; Central Florida PowerSports 9.4%; Cyclemax 5%; ECSTAR gear oil ~$4.8k/mo,Suzuki Marine parts on Amazon,"Hi {{first_name}},

Saw you're exhibiting at FLIBS next month.

From what we can see, Suzuki Marine parts and oil show up on Amazon through dealers like Central Florida PowerSports and Cyclemax rather than a Suzuki account, and the Suzuki name on Amazon is mostly the instrument line, so anyone searching lands on melodicas before outboard parts. I know Suzuki has people on this. It's a narrow point about the ECSTAR oil and service parts boaters search for by name.

We manage Amazon for brands end to end, including strategy, content, advertising, inventory and operations.

Open to a 20 minute look at the marine parts side of Amazon?

Yoni
","mixed record: 'Suzuki' on Amazon is mostly Suzuki musical instruments; SS_ totals not marine-specific; sheet third-party (Central Florida PowerSports) confirmed for marine listings; large brand, narrow ask",2026-09-25T16:36:01
1 - Confirmed on Amazon,FLIBS 2026,Teakdecking Systems,YES on Amazon (direct Amazon verification),,,,,,,https://www.amazon.com/stores/TEAKDECKINGSYSTEMS/page/50A60B1F-F86A-49C9-8A76-540628A5A630,Teakdecking Systems,,No (SmartScout monthly quota exhausted),,,Not checked,,Yes,Brand store; sold by TeakDecking Systems,Teakdecking Systems,https://www.amazon.com/stores/TEAKDECKINGSYSTEMS/page/50A60B1F-F86A-49C9-8A76-540628A5A630,Brand (Seller Central),Yes,Teakdecking Systems,exact,Sports & Outdoors,Boat Tools,6393.25,57582.16,8,206,4.36,45.22,1.75,,0,0.745,-0.379,False,,"Teakdecking Systems (TDS) Reefing Hook, Caulk Removal Tool, 8.5in | B08KQK38JP | $3,301; TDS SIS440 Marine Caulk Sausage 20oz, Black | B01E8M0T88 | $598; TDS Seam Sander Kit | B0GHPY6WG4 | $553; TDS SIS440 Marine Caulk Sausage 20oz, Gray | B0GHBJG866 | $501; TDS SIS 440 Teak Deck Caulk Cartridge 10.3oz, White | B00CFN1MNE | $443",TeakDecking Systems: 59.7%; Merritt Supply: 37.8%; IPC-STORE: 1.5%; Fiberglass Supply Depot: 1.0%,4,Mixed,40.3,Brand sells ~60% direct; Merritt Supply ~38% on the same listings; small footprint (~$6k a month); no storefront,TeakDecking Systems 59.7%; Merritt Supply 37.8%; monthly rev ~$6.4k; 8 products; 206 reviews; MoM +75%; 12M MoM -38%; storefront false,Teakdecking Systems on Amazon,"Hi {{first_name}},

Saw you're exhibiting at FLIBS next month.

Looking at your listings, Teakdecking Systems is on Amazon at about $6k a month across eight listings, with your own account selling about 60% and Merritt Supply most of the rest on the same caulk and reefing hook listings. There's no brand storefront. Teak caulk is a repeat purchase owners search for by name, so this is a small channel with a reseller taking a big slice of it.

We manage Amazon for brands end to end, including strategy, content, advertising, inventory and operations.

Would it make sense to have a quick conversation about owning the channel fully?

Yoni
",sheet says brand store; fresh data shows no storefront and Mixed sellers,2026-09-25T16:36:01
1 - Confirmed on Amazon,FLIBS 2026,The Brass Works,YES on Amazon (direct Amazon verification),,,,,,,https://www.amazon.com/stores/ReckittHomeandHygiene/page/4B57FD6D-B4F6-4934-9D2A-6001162DABB9,Brass Works,,No (SmartScout monthly quota exhausted),,,Not checked,,Yes,Brand store; sold by Amazon.com,Brasso,https://www.amazon.com/stores/ReckittHomeandHygiene/page/4B57FD6D-B4F6-4934-9D2A-6001162DABB9,Amazon (Vendor),Yes,Brasso,wrong match,,,,,,,,,,,,,,,,,,,,,Wrong match; brass hardware maker matched to Brasso (Reckitt) in the sheet; industry-level email,"'Brasso' record is Reckitt metal polish (~$121k/mo), not the exhibitor; no data for The Brass Works",The Brass Works on Amazon,"Hi {{first_name}},

Saw you're exhibiting at FLIBS next month.

From what we can see, The Brass Works doesn't have a brand presence on Amazon, and the listings that come up under a similar name belong to a polish brand. For a custom marine hardware maker that's understandable. Where Amazon tends to come up for brands like yours is standard fittings and replacement parts that owners search for by name, and nothing under The Brass Works answers that.

We recently helped a brand go from no Amazon presence to a $1M+ annual run rate within six months. We manage the channel end to end.

Is Amazon something you're looking at more seriously?

Yoni
",wrong match: sheet mapped exhibitor to Brasso (Reckitt) storefront; SS_ numbers are Brasso's; weaker fit: custom marine hardware,2026-09-25T16:36:01
"2 - Possible, verify",FLIBS 2026,Tommy Bahama,"LISTED on Amazon, reseller / seller unclear (direct Amazon verification)",,,,,,,https://www.amazon.com/stores/TommyBahama/page/A00B18A4-3CA1-4FA6-984C-6288D4B16718,Tommy Bahama,,No (SmartScout monthly quota exhausted),,,Not checked,,Possible,Brand store; sold by Underware House,Tommy Bahama,https://www.amazon.com/stores/TommyBahama/page/A00B18A4-3CA1-4FA6-984C-6288D4B16718,Third-party resellers,Yes,Tommy Bahama,exact,Sports & Outdoors,Camping Chairs,1332947.42,21440151.75,1323,80018,4.45,71.99,0.78,,81.2,-0.241,-0.048,True,https://www.amazon.com/stores/TommyBahama/page/A00B18A4-3CA1-4FA6-984C-6288D4B16718,"Tommy Bahama 5-Position Classic Lay Flat Folding Backpack Beach Chair, Navy | B07YH2LB9R | $85,864; Tommy Bahama 4-Position Easy-Out Backpack Beach Chair, 2-Pack | B0CWWC57G8 | $68,413; Tommy Bahama 4-Position Hi-Boy Beach Chair, Blue Palms, 2-Pack | B0CWVWQ6YS | $59,646; Tommy Bahama 5-Position Classic Lay Flat Backpack Beach Chair, Red White Blue | B07YH3W49D | $46,582; Tommy Bahama 4-Position Hi-Boy Beach Chair, Logo Stripe, 2-Pack | B0CWVXND5F | $43,186",Amazon.com: 81.2%; Underware House: 5.0%; IMLDESIGNS: 2.3%; AR DISCOUNTS: 2.1%; ATLANTIC B&G: 1.7%,6,Amazon 1P,12.7,Very large; Amazon 1P ~81%; licensed beach chairs carry the top listings; month down ~24%; narrow ask on the apparel side,"Amazon.com 81.2%; Underware House 5%; IMLDESIGNS 2.3%; monthly rev ~$1.33M; 1,323 products; 80k reviews; MoM -24%; 12M MoM -5%",Tommy Bahama on Amazon,"Hi {{first_name}},

Saw you're exhibiting at FLIBS next month.

From what we can see, Tommy Bahama does about $1.3M a month on Amazon, roughly 80% of it sold by Amazon as a vendor, and the beach chairs carry the top listings while the apparel that defines the brand barely shows up there. The month looks to be down close to a quarter. I know Tommy Bahama has an Amazon team. This is a narrow point about the apparel side.

We manage Amazon for brands end to end, including strategy, content, advertising, inventory and operations.

Open to a 20 minute look at how the apparel is positioned on Amazon?

Yoni
","sheet third-party (Underware House); fresh data shows Amazon 1P 81% (Amazon 1P); very large brand, narrow ask",2026-09-25T16:36:01
"2 - Possible, verify",FLIBS 2026,Volvo Penta,"LISTED on Amazon, reseller / seller unclear (direct Amazon verification)",,,,,,,https://www.amazon.com/dp/B071D6LXYB,Volvo Penta,,No (SmartScout monthly quota exhausted),,,Not checked,,Possible,No brand store found; sold by LEADERS RPM,Volvo Penta,,Third-party resellers,Yes,Volvo Penta,exact,Automotive,Gear Oils,67660.31,663184.58,45,4644,4.68,96.82,4.2,,0,-0.255,-0.322,False,,"Volvo Penta Gear Oil Synthetic 75W 90 1-Gallon | B001VMLF82 | $6,647; Volvo Penta OEM Water Pump Impeller Kit 21700445 | B016WPZ4OI | $6,232; Volvo Penta OEM 10W-40 Full Synthetic Engine Oil 21681795 | B0761Y5ZZF | $5,253; Volvo Penta Gear Oil Synthetic 75W 90 1-Quart | B001VMCUKE | $4,010; Volvo Penta OEM Synthetic Engine Oil 10w-40 Quart, Pack of 5 | B00KRO0UO0 | $3,876",LEADERS RPM: 73.2%; Doug Russell Marine: 7.7%; Power Mower Sales USA: 5.1%; MarineEngineParts: 1.6%; Avalon Online: 1.4%,6,Third-party resellers,90.4,"Parts and oil sold entirely by dealers (LEADERS RPM 73%, Doug Russell Marine 8%); no brand account or storefront; down ~26% month and ~32% on the year","LEADERS RPM 73.2%; Doug Russell Marine 7.7%; Power Mower Sales 5.1%; monthly rev ~$68k; 45 products; 4,644 reviews; MoM -25.5%; 12M MoM -32%",Volvo Penta parts on Amazon,"Hi {{first_name}},

Saw you're exhibiting at FLIBS next month.

Looking at your listings, Volvo Penta oil, impellers and service parts do about $68k a month on Amazon, with LEADERS RPM selling close to three quarters of it and other dealers the rest. There's no Volvo Penta account or storefront, and the trend is down on the month and the year. I know Volvo Penta has people on this. It's a narrow point about who controls price and content on parts owners search for by number.

We manage Amazon for brands end to end, including strategy, content, advertising, inventory and operations.

Open to a 20 minute look at the parts side of Amazon?

Yoni
","sheet third-party (LEADERS RPM) confirmed; large brand, narrow ask",2026-09-25T16:36:01
"2 - Possible, verify",FLIBS 2026,Yamaha Marine,"LISTED on Amazon, reseller / seller unclear (direct Amazon verification)",,,,,,,https://www.amazon.com/dp/B002GU4SN2,Yamaha Marine,,No (SmartScout monthly quota exhausted),,,Not checked,,Possible,No brand store found; sold by Pine Grove Powersports,YAMAHA,,Third-party resellers,Yes,YAMAHA,close,Musical Instruments,Home Digital Pianos,11310667.32,160728860.64,2093,287738,4.54,475.93,4.04,,43.7,-0.03,0.091,False,,"YAMAHA P71 88-Key Digital Piano (unrelated to marine) | B01LY8OUQW | $488,689; Yamaha P145BT Digital Piano (unrelated) | B0F9H3SHFJ | $331,055; Yamaha YFL-222 Flute (unrelated) | B01DD4MIPY | $222,471; Yamaha P225 Digital Piano (unrelated) | B0CBN7HYKB | $187,402; Yamaha P-143 Digital Piano Bundle (unrelated) | B0FMCGPCR4 | $169,318",Amazon.com: 43.7%; Sweetwater Sound: 10.4%; WORLD WIDE STEREO: 4.6%; FocusProAudio: 2.5%; K-Wind Instruments Pro: 2.2%,6,Mixed,21.7,Yamaha on Amazon is dominated by the instrument line; marine parts sold by powersports dealers; no marine brand account; narrow ask,Mixed record: Amazon.com 43.7%; Sweetwater 10.4%; WORLD WIDE STEREO 4.6%; top listings all pianos; sheet: sold by Pine Grove Powersports,Yamaha Marine parts on Amazon,"Hi {{first_name}},

Saw you're exhibiting at FLIBS next month.

From what we can see, the Yamaha name on Amazon is almost entirely the instrument business, and the marine parts and oil that boaters search for sit underneath it, sold by powersports dealers like Pine Grove rather than a Yamaha Marine account. I know Yamaha has an Amazon team. This is a narrow point about the outboard parts, Yamalube and service kits, and who controls price and content on those listings.

We manage Amazon for brands end to end, including strategy, content, advertising, inventory and operations.

Open to a 20 minute look at the marine parts side of Amazon?

Yoni
","mixed record: 'YAMAHA' on Amazon is mostly musical instruments; SS_ totals not marine-specific; sheet third-party (Pine Grove Powersports); very large brand, narrow ask",2026-09-25T16:36:01
1 - Confirmed on Amazon,FNCE 2025,Aonic Inc.,YES on Amazon (direct Amazon verification),,,,,,,https://www.amazon.com/stores/Aonic/page/FAB1550A-4414-4594-9D2E-CF4FAA4966B6,Aonic,,No (SmartScout monthly quota exhausted),,,Not checked (SmartScout monthly AI usage limit and WebSearch budget exhausted),,Yes,Brand store; sold by Aonic,AONIC,https://www.amazon.com/stores/Aonic/page/FAB1550A-4414-4594-9D2E-CF4FAA4966B6,Brand (Seller Central),Yes,AONIC,exact,Health & Household,Sports Nutrition Ready to Drink Protein,14303.7,224517.13,7,236,4.07,41.58,1.14,,0,-0.235,,False,,"Aonic Fuel Protein Shake, Smooth Vanilla, 11 fl oz (Pack 12) | B0G5RWLK1W | $11,264; AONIC Build Creatine, Fruit Punch, 30 Sticks | B0FXJMK2ZW | $1,009; AONIC Build Creatine, Unflavored, 30 Sticks | B0FXJGJ13F | $911; AONIC Flow Blood Pressure Support, 90ct | B0FXFDJKV2 | $840; AONIC GLP-1 Companion Supplement, 90 Caps | B0GKDFHFQP | $280",Aonic: 100%,1,Brand direct,0,Small footprint (~$14k a month) carried by one protein shake listing; sold direct; 4.07 rating; month down ~24%; no storefront showing,Aonic 100%; monthly rev ~$14k; 7 products; 236 reviews; rating 4.07; MoM -23.5%; protein shake ~$11k/mo; storefront false,Aonic on Amazon,"Hi {{first_name}},

Saw that Aonic exhibited at FNCE last year.

Looking at your listings, Aonic is on Amazon at about $14k a month, sold direct, with the vanilla protein shake doing nearly all of it and the creatine and supplement lines a few hundred dollars each. The month looks to be down close to a quarter and the rating sits just above 4. Ready-to-drink protein is a big, ad-driven category on Amazon, and this looks like a catalog running without much behind it.

We manage Amazon for brands end to end, including strategy, content, advertising, inventory and operations.

Would it make sense to have a quick conversation?

Yoni
",sheet says brand store; fresh data shows no storefront,2026-09-25T16:36:01
1 - Confirmed on Amazon,FNCE 2025,Applegate,YES on Amazon (direct Amazon verification),,,,,,,https://www.amazon.com/stores/Applegate/page/B23ECBD8-F79D-474B-B96B-7FB048C4E8E0,Applegate,,No (SmartScout monthly quota exhausted),,,Not checked (SmartScout monthly AI usage limit and WebSearch budget exhausted),,Yes,Brand store; sold by Amazon.com,Applegate,https://www.amazon.com/stores/Applegate/page/B23ECBD8-F79D-474B-B96B-7FB048C4E8E0,Amazon (Vendor),Yes,Applegate,exact,Grocery & Gourmet Food,Frozen Nuggets & Tenders,4155657.53,40736470.77,86,153471,4.38,12.68,1.07,Applegate Brands,50.2,0.039,0.907,True,https://www.amazon.com/stores/Applegate/page/B23ECBD8-F79D-474B-B96B-7FB048C4E8E0,"APPLEGATE NATURALS Chicken & Maple Breakfast Sausage Patties, 16 OZ | B0BWPJ54BV | $194,723; APPLEGATE NATURALS Chicken & Maple Breakfast Sausage Links, 16 OZ | B0DQXZ1G9H | $190,986; APPLEGATE ORGANICS Oven Roasted Turkey Breast, 6oz | B00I2VLK2Q | $188,200; APPLEGATE Naturals Gluten-Free Breaded Chicken Breast Tenders | B09LG1CSNR | $152,285; Applegate Farms Chicken Nugget Gluten Free Value Pack, 16 Ounce | B07PXG3WSF | $144,506",Amazon.com: 50.2%; Whole Foods Market: 49.1%; Basil Grocery LLC: 0.7%; Entrepreneurs 1901: 0.0%,4,Mixed,49.8,Very large; Amazon 1P and Whole Foods ~99% (vendor); growing strongly on the year; narrow ask on advertising and content,Amazon.com 50.2%; Whole Foods Market 49.1%; monthly rev ~$4.16M; 86 products; 153k reviews; MoM +3.9%; 12M MoM +91%,Applegate vendor side on Amazon,"Hi {{first_name}},

Saw that Applegate exhibited at FNCE last year.

From what we can see, Applegate does about $4M a month on Amazon, split almost evenly between Amazon and Whole Foods Market as the sellers, and the year has been strong. That's a vendor setup working well. The piece usually left on the table with vendor-only brands is advertising and content ownership across the catalog, since Amazon controls price and stock. I know Applegate has people on this.

We manage Amazon for brands end to end, including strategy, content, advertising, inventory and operations.

Open to a 20 minute look at the vendor side?

Yoni
","sheet Amazon (Vendor) confirmed; Whole Foods Market counted as third-party per rule but is Amazon-owned; very large brand, narrow ask",2026-09-25T16:36:01
"2 - Possible, verify",FNCE 2025,Cargill,"LISTED on Amazon, reseller / seller unclear (direct Amazon verification)",,,,,,,https://www.amazon.com/dp/B00N37ZENU,Cargill,,No (SmartScout monthly quota exhausted),,,Not checked (SmartScout monthly AI usage limit and WebSearch budget exhausted),,Possible,No brand store found; sold by FoodserviceDirect Inc.,Cargill,,Third-party resellers,Yes,Cargill,exact,Grocery & Gourmet Food,Salt & Salt Substitutes,10909.33,144345.84,8,109,4.71,71.23,5.38,,0,0.039,1.044,False,,"Cargill Salt Diamond Crystal Pellet 50Lb | B001CECONY | $3,546; Cargill Purified Untreated Sea Salt, 50 Pound | B00N37ZENU | $2,722; Cargill Golden Nature Pasteurized Whole Liquid Eggs, 2 lb (Pack of 12) | B00B048LWE | $1,905; Cargill Pretzel Salt Coarse Topping, 25 Lb | B003XDCZTU | $1,635; Cargill Loyall Life Large Breed Dog Food 40 Pounds | B0D2RRHFFK | $450",FoodserviceDirect Inc.: 46.0%; Homegoods Shop: 29.7%; CountryMax Stores: 8.5%; Lovinio: 4.8%; Healthy_Goods: 4.0%,6,Third-party resellers,95.5,"Bulk salt and ingredients sold by distributors (FoodserviceDirect 46%, Homegoods Shop 30%); tiny Amazon slice for a giant; weak fit, narrow ask",FoodserviceDirect 46%; Homegoods Shop 29.7%; CountryMax 8.5%; monthly rev ~$11k; 8 products; 109 reviews; 12M MoM +104%,Cargill consumer listings on Amazon,"Hi {{first_name}},

Saw that Cargill exhibited at FNCE last year.

From what we can see, the Cargill name on Amazon is a handful of bulk salt, liquid egg and pet food listings doing about $11k a month, all sold by distributors like FoodserviceDirect rather than a Cargill account. For a company Cargill's size that's clearly not a priority channel, and it may never be. Where it does come up is consumer-facing brands and ingredients that home bakers and small operators search for by name.

We manage Amazon for brands end to end, including strategy, content, advertising, inventory and operations.

Is there a consumer-facing line where Amazon is on the roadmap?

Yoni
",sheet third-party (FoodserviceDirect) confirmed; weaker fit: B2B ingredient company,2026-09-25T16:36:01
"2 - Possible, verify",FNCE 2025,CommonGround,"LISTED on Amazon, reseller / seller unclear (direct Amazon verification)",,,,,,,https://www.amazon.com/dp/179101450X,CommonGround,,No (SmartScout monthly quota exhausted),,,Not checked (SmartScout monthly AI usage limit and WebSearch budget exhausted),,Possible,No brand store found; seller not shown; name from Amazon search label,Common Ground,,Unknown,Yes,COMMON GROUND,wrong match,,,,,,,,,,,,,,,,,,,,,Wrong match; advocacy organization matched to an unrelated personal care brand; likely non-product exhibitor,"'COMMON GROUND' record is a shampoo brand (~$14k/mo, Organics Buddy); sheet listing is a book ISBN; exhibitor appears to be an advocacy program",CommonGround on Amazon,"Hi {{first_name}},

Saw that CommonGround exhibited at FNCE last year.

From what we can see, CommonGround doesn't have a product presence on Amazon, and the listings that come up under the name belong to an unrelated personal care brand. If CommonGround is purely an advocacy program, Amazon isn't relevant and this note can be ignored. If there's a product or publishing side to it, that's where the marketplace data would matter.

We recently helped a brand go from no Amazon presence to a $1M+ annual run rate within six months. We manage the channel end to end.

Is there a product side to CommonGround where Amazon comes up?

Yoni
","wrong match: 'Common Ground' matched a shampoo brand; sheet listing is a book; org_type: likely nonprofit or advocacy program, weak fit",2026-09-25T16:36:01
1 - Confirmed on Amazon,FNCE 2025,Daily Crunch Inc.,YES on Amazon (direct Amazon verification),,,,,,,https://www.amazon.com/stores/DailyCrunchSnacks/page/9758E082-E4B4-43F4-8ADF-C775B8C58660,Daily Crunch,,No (SmartScout monthly quota exhausted),,,Not checked (SmartScout monthly AI usage limit and WebSearch budget exhausted),,Yes,Brand store; sold by Daily Crunch Snacks,Daily Crunch,https://www.amazon.com/stores/DailyCrunchSnacks/page/9758E082-E4B4-43F4-8ADF-C775B8C58660,Brand (Seller Central),Yes,Daily Crunch,exact,Grocery & Gourmet Food,Almonds,42298.46,604689.35,43,872,4.18,24.93,1.88,,1.8,-0.207,0.756,True,https://www.amazon.com/stores/DailyCrunchSnacks/page/9758E082-E4B4-43F4-8ADF-C775B8C58660,"Daily Crunch Sprouted Almonds & Pepitas, Dill Pickle, 4oz | B0D4648758 | $12,465; Daily Crunch Sprouted Almonds & Pepitas, Dill Pickle, 4oz, 2 Pack | B0CCW986BC | $3,403; Daily Crunch Sprouted Nuts & Seeds, Mediterranean Medley, 2 Pack | B0GHDMSBNN | $3,388; Daily Crunch Sprouted Almonds, Mini Variety Pack, 24 Pack | B0H852SBFM | $2,974; Daily Crunch Sprouted Cashews & Edamame, Sweet & Spicy Sichuan, 4oz | B0D8LKGD7K | $2,874",Daily Crunch Snacks: 58.3%; NEEXMARKET: 19.2%; GrandioseGoods: 9.7%; Truly-deal: 4.5%; Exquisites Market: 2.3%,6,Mixed,35.8,"Brand sells ~58% direct; ~40% through resellers (NEEXMARKET 19%, GrandioseGoods 10%) on the same listings; month down ~21% after a strong year",Daily Crunch Snacks 58.3%; NEEXMARKET 19.2%; GrandioseGoods 9.7%; Truly-deal 4.5%; monthly rev ~$42k; 43 products; MoM -20.7%; 12M MoM +76%,Reseller share on Daily Crunch listings,"Hi {{first_name}},

Saw that Daily Crunch exhibited at FNCE last year.

Looking at your listings, Daily Crunch is doing about $42k a month on Amazon, with your own account selling under 60% of it and resellers like NEEXMARKET and GrandioseGoods taking most of the rest on the dill pickle almonds listing that carries the brand. The year has been strong and the month is down about 20%, which usually means the reseller layer is starting to win the Buy Box.

We manage Amazon for brands end to end, including strategy, content, advertising, inventory and operations.

Would it make sense to have a quick conversation about tightening up the reseller side?

Yoni
",sheet Brand (Seller Central); fresh data shows ~40% resellers (Mixed),2026-09-25T16:36:01
"2 - Possible, verify",FNCE 2025,"Sunsweet Growers, Inc.","LISTED on Amazon, reseller / seller unclear (direct Amazon verification)",,,,,,,https://www.amazon.com/dp/B082WQ5P8T,Sunsweet Growers,,No (SmartScout monthly quota exhausted),,,Not checked,,Possible,No brand store found; seller not shown; name from Amazon search label,Sunsweet,,Unknown,Yes,Sunsweet,exact,Grocery & Gourmet Food,Dried Prunes,290814.2,3461757.28,76,16465,4.5,32.85,3.87,,0,-0.019,0.333,False,,"Sunsweet Gold Label Ones Individually Wrapped Prunes 6.0 Ounces (Pack of 2) | B007AN8OZ8 | $34,241; Sunsweet Pitted Prunes Bundle, 16 oz Canister & Recipe Book | B0BKT93D8H | $25,693; Sunsweet Prune Juice, 32 Ounce (Pack of 2) | B0F787TQNP | $24,130; Sunsweet Prune Juice, Pack of 8 Cans, 7.5 oz | B0F7HVZ2RB | $23,482; Sunsweet Amazin Prune Juice, 6x4 Pack, 7.5oz | B0CTTFZ5P2 | $20,114",Sunsweet Growers: 30.8%; RLP Marketing LLC: 11.3%; Next Day Shipping Store: 10.8%; Product Planet Inc: 7.5%; ShippedFast: 6.2%,6,Mixed,39.0,"Brand account sells ~31%; ~69% through resellers (RLP Marketing 11%, Next Day Shipping 11%, Product Planet 7%); no storefront",Sunsweet Growers 30.8%; RLP Marketing 11.3%; Next Day Shipping Store 10.8%; Product Planet 7.5%; ShippedFast 6.2%; monthly rev ~$291k; 76 products; 16k reviews; 12M MoM +33%; storefront false,Who sells Sunsweet on Amazon,"Hi {{first_name}},

Saw that Sunsweet exhibited at FNCE last year.

Looking at your listings, Sunsweet does about $290k a month on Amazon, but your own account sells under a third of it. The rest is spread across resellers like RLP Marketing, Next Day Shipping Store and Product Planet on the same prune and juice listings, and there's no brand storefront. For a brand that owns its category the way Sunsweet does, that's a lot of Buy Box and margin in other hands.

We manage Amazon for brands end to end, including strategy, content, advertising, inventory and operations.

Would it make sense to have a quick conversation about tightening up the reseller side?

Yoni
",sheet sold_by Unknown; fresh data shows Mixed with ~69% resellers,2026-09-25T16:36:01
1 - Confirmed on Amazon,FNCE 2025,Supergut,YES on Amazon (direct Amazon verification),,,,,,,https://www.amazon.com/stores/Supergut/page/7835B9CC-DE35-45A3-86C5-86C004395689,Supergut,,No (SmartScout monthly quota exhausted),,,Not checked,,Yes,Brand store; sold by Supergut Official,Supergut,https://www.amazon.com/stores/Supergut/page/7835B9CC-DE35-45A3-86C5-86C004395689,Brand (Seller Central),Yes,Supergut,exact,Health & Household,Dietary Fiber Nutritional Supplements,432469.99,7822920.58,21,2601,4.22,32.75,1.38,Supergut Official,0,-0.208,0.427,True,https://www.amazon.com/stores/Supergut/page/7835B9CC-DE35-45A3-86C5-86C004395689,"Supergut GLP1 Daily Support (20 Servings) | B0DRWLTRHB | $96,499; Supergut GLP1 Daily Support, Blood Orange (18 Servings) | B0F8LKTQTX | $55,726; Supergut GLP1 Daily Support, Raspberry Lemon, 18 Servings | B0F8LRV2QK | $48,892; Supergut Foundational Daily Fiber Powder, Unflavored, 20 Servings | B0FM164X5M | $48,717; Supergut GLP1 Daily Support, Variety Pack (15 Servings) | B0F8LG2MWM | $47,001",Supergut Official: 85.6%; Abundita: 3.3%; Scissors Plus: 3.1%; DIGITAL MART: 1.9%; The Brand Collective: 1.9%,6,Brand direct,11.9,"Strong brand-direct position (~86%) after a big year, but month down ~21% and a dozen small resellers appearing on the GLP-1 listings","Supergut Official 85.6%; Abundita 3.3%; Scissors Plus 3.1%; DIGITAL MART 1.9%; monthly rev ~$432k; 21 products; 2,601 reviews; rating 4.22; MoM -20.8%; 12M MoM +43%",Supergut on Amazon,"Hi {{first_name}},

Saw that Supergut exhibited at FNCE last year.

Looking at your listings, Supergut is doing about $430k a month on Amazon through your own account after a strong year, with the GLP-1 daily support line carrying it. Two things stand out. The month looks to be down about 20%, and a dozen small resellers have started showing up on the same listings, which usually means someone is sourcing product to undercut you. I know you have people on this.

We manage Amazon for brands end to end, including strategy, content, advertising, inventory and operations.

Open to a 20 minute look at where the dip is coming from?

Yoni
",sheet Brand (Seller Central) confirmed,2026-09-25T16:36:01
1 - Confirmed on Amazon,FNCE 2025,WILDE Brands,YES on Amazon (direct Amazon verification),,,,,,,https://www.amazon.com/stores/WildeChips/page/062E9906-FE44-4F8E-ADDD-B1A9931EBA31,WILDE,,No (SmartScout monthly quota exhausted),,,Not checked,,Yes,Brand store; sold by Wilde Chips,Wilde Chips,https://www.amazon.com/stores/WildeChips/page/062E9906-FE44-4F8E-ADDD-B1A9931EBA31,Brand (Seller Central),Yes,Wilde Chips,exact,Health & Household,Sports Nutrition Chips & Crisps Snacks,749653.08,12703103.88,46,11523,4.32,33.33,3.46,Wilde Chips,16.5,-0.016,0.36,True,https://www.amazon.com/stores/WildeChips/page/062E9906-FE44-4F8E-ADDD-B1A9931EBA31,"WILDE Protein Chips Variety Pack, 1.34 oz Bags, Pack of 12 | B0B9WDZ7K9 | $284,924; WILDE Chicken & Waffles Protein Chips, Pack of 12 | B0F3DPZ3QP | $73,600; WILDE Protein Chips Variety Pack, Pack of 12 | B0FNB1BP64 | $70,145; WILDE Himalayan Pink Salt Protein Chips, Pack of 12 | B0H8W7PCPF | $64,386; Wilde Brands Sea Salt & Vinegar Protein Chips, 4 OZ | B0BFKD24CF | $42,086",Wilde Chips: 79.5%; Amazon.com: 16.5%; Whole Foods Market: 0.7%; SANTARA USA: 0.6%; O.A.C MegaStore LLC: 0.4%,6,Brand direct,2.0,"Strong position: ~$750k a month, brand direct ~80%, Amazon 1P ~16%, up on the year; modest ask","Wilde Chips 79.5%; Amazon.com 16.5%; monthly rev ~$750k; 46 products; 11,523 reviews; MoM -1.6%; 12M MoM +36%; variety pack ~$285k/mo",WILDE on Amazon,"Hi {{first_name}},

Saw that WILDE exhibited at FNCE last year.

Looking at your listings, WILDE is doing about $750k a month on Amazon, mostly through your own account with Amazon selling the rest as a vendor, and the year has been strong. The variety pack carries close to 40% of it. I know you have an Amazon team, so this isn't a pitch on the basics. It's more about what comes next when one listing does that much of the work.

We manage Amazon for brands end to end, including strategy, content, advertising, inventory and operations.

Open to a 20 minute look at where the next stretch of growth is?

Yoni
",sheet Brand (Seller Central) confirmed; hybrid with Amazon 1P at 16%,2026-09-25T16:36:01
1 - Confirmed on Amazon,FNCE 2025,Zesty Z - Perfect Pita Chips,YES on Amazon (direct Amazon verification),,,,,,,https://www.amazon.com/stores/ZestyZ/page/F2F32BD8-4ECF-49B2-B3C2-8EAB29760CC4,Zesty Z,,No (SmartScout monthly quota exhausted),,,Not checked,,Yes,Brand store; sold by Zesty Z,Zesty Z,https://www.amazon.com/stores/ZestyZ/page/F2F32BD8-4ECF-49B2-B3C2-8EAB29760CC4,Brand (Seller Central),Yes,Zesty Z,exact,Grocery & Gourmet Food,Pita Chips & Crisps,2950.77,7412.98,11,433,4.29,29.33,0.27,,0,0.309,,False,,"Zesty Z 5g Fiber Pita Chips, Parmesan Garlic | B0CWJGVYZM | $1,631; Zesty Z 5g Fiber Pita Chips, Parmesan Garlic | B0CYZMYHXH | $1,319; Zesty Z 5g Fiber Pita Chips, Sea Salt | B0GQHNK9V9 | $0; Zesty Z Fiber Pita Chip Variety, Pack of 8 | B0GH91Z3RH | $0; Zesty Z High Fiber Pita Chip, Parmesan Garlic, Pack of 8 | B0GH8YH9BY | $0",Zesty Z: 100%,1,Brand direct,0,"Small footprint: two listings selling ~$3k a month, sold direct, no storefront; growing; 433 reviews",Zesty Z 100%; monthly rev ~$3k; 11 products; 433 reviews; rating 4.29; MoM +31%; storefront false,Zesty Z on Amazon,"Hi {{first_name}},

Saw that Zesty Z exhibited at FNCE last year.

Looking at your listings, Zesty Z is on Amazon at a few thousand dollars a month, sold direct, with the parmesan garlic fiber pita chips doing all of it and the newer listings not moving yet. It's growing and there are over 400 reviews, so the product lands. There's no brand storefront, and high-fiber snacks are a category where Amazon search is doing real work right now.

We manage Amazon for brands end to end, including strategy, content, advertising, inventory and operations.

Would it make sense to have a quick conversation?

Yoni
",sheet says brand store; fresh data shows no storefront,2026-09-25T16:36:01
"2 - Possible, verify",Las Vegas Souvenir & Resort Gift Show 2026,CoTa Global,"LISTED on Amazon, reseller / seller unclear (direct Amazon verification)",,,,,,,https://www.amazon.com/stores/CoTaGlobal/page/B720A69A-0838-4CE5-8C79-B786CA48AECC,CoTa Global,,No (SmartScout monthly quota exhausted),,,Not checked (search budget exhausted),,Possible,Brand store; sold by Mozlly,CoTa Global,https://www.amazon.com/stores/CoTaGlobal/page/B720A69A-0838-4CE5-8C79-B786CA48AECC,Third-party resellers,Yes,CoTa Global,exact,Toys & Games,Children's Swim Rings,11614.36,209709.83,45,4317,4.4,27.9,2.09,Mozlly,0,-0.286,-0.056,True,https://www.amazon.com/stores/CoTaGlobal/page/B720A69A-0838-4CE5-8C79-B786CA48AECC,"CoTa Global Inflatable Pool Float Tube Confetti, Rose Gold | B07C2NC31C | $1,695; CoTa Global Neptune Nautical Wooden Jewelry Box, 6.5 Inch | B076HBY4BQ | $1,463; CoTa Global Alexander Wooden Barrel Wine Rack, 18 Bottles | B08DHR424B | $800; CoTa Global Sloth Snow Globe, 45 mm | B096X6WCT4 | $391; CoTa Global Inflatable Pool Float Tube Confetti 36 Inches (Pack of 2) | B0HB25JQ2N | $352",Mozlly: 99.8%; Lunch money: 0.2%; Ranger trading: 0.0%,3,Third-party resellers,100.0,Sold entirely through Mozlly rather than a CoTa account; ~$12k a month across 45 listings; month down ~29%,"Mozlly 99.8%; monthly rev ~$11.6k; 45 products; 4,317 reviews; rating 4.4; MoM -28.6%",CoTa Global on Amazon,"Hi {{first_name}},

Saw you're exhibiting at the Las Vegas Souvenir & Resort Gift Show next week.

Looking at your listings, CoTa Global is on Amazon at about $12k a month across 45 products, all sold through a seller called Mozlly rather than a CoTa account, and the month is down close to 30%. If Mozlly is your own operation, fine. Either way, a catalog of gift and novelty items with over 4,000 reviews is doing a few hundred dollars per listing going into Q4.

We manage Amazon for brands end to end, including strategy, content, advertising, inventory and operations.

Would it make sense to have a quick conversation before Q4?

Yoni
","sheet third-party (Mozlly); Mozlly may be an affiliated account, verify",2026-09-25T16:36:01
1 - Confirmed on Amazon,Las Vegas Souvenir & Resort Gift Show 2026,Neil Enterprises,YES on Amazon (direct Amazon verification),,,,,,,https://www.amazon.com/stores/NeilMedPharmaceuticals/page/3FBD35CC-E591-42D8-B3B5-BB420454C4E4,Neil,,No (SmartScout monthly quota exhausted),,,Not checked (SmartScout monthly AI quota exhausted),row not processed - rerun when SmartScout quota resets,Yes,Brand store; sold by Amazon.com,NeilMed,https://www.amazon.com/stores/NeilMedPharmaceuticals/page/3FBD35CC-E591-42D8-B3B5-BB420454C4E4,Amazon (Vendor),Yes,NeilMed,wrong match,,,,,,,,,,,,,,,,,,,,,Wrong match; souvenir and photo products company matched to NeilMed in the sheet; industry-level email,"'NeilMed' record is a sinus care brand (~$2.1M/mo), not the exhibitor; no data for Neil Enterprises",Neil Enterprises on Amazon,"Hi {{first_name}},

Saw you're exhibiting at the Las Vegas Souvenir & Resort Gift Show next week.

From what we can see, Neil Enterprises doesn't have a brand presence on Amazon, and the listings that come up under a similar name belong to an unrelated health brand. Souvenir photo frames and keepsakes are a steady Amazon search from visitors after the trip, and that demand goes to whoever has a managed listing under a name people can find.

We recently helped a brand go from no Amazon presence to a $1M+ annual run rate within six months. We manage the channel end to end.

Is Amazon something you're looking at more seriously?

Yoni
","wrong match: sheet mapped exhibitor to NeilMed storefront; SS_ numbers are NeilMed's; exhibitor product line assumed from name, verify",2026-09-25T16:36:01
1 - Confirmed on Amazon,Las Vegas Souvenir & Resort Gift Show 2026,Old Guys Rule,YES on Amazon (direct Amazon verification),,,,,,,https://www.amazon.com/stores/OldGuysRule/page/895FE4DF-71BE-4A3C-B9F6-285A1A15FC9A,Old Guys Rule,,No (SmartScout monthly quota exhausted),,,Not checked (SmartScout monthly AI quota exhausted),row not processed - rerun when SmartScout quota resets,Yes,Brand store; sold by Old Guys Rule,OLD GUYS RULE,https://www.amazon.com/stores/OldGuysRule/page/895FE4DF-71BE-4A3C-B9F6-285A1A15FC9A,Brand (Seller Central),Yes,OLD GUYS RULE,exact,"Clothing, Shoes & Jewelry",Men's Novelty T-Shirts,2004.55,46526.51,10,452,4.8,27.44,0.9,Old Guys Rule,0,-0.077,-0.551,True,https://www.amazon.com/stores/OldGuysRule/page/895FE4DF-71BE-4A3C-B9F6-285A1A15FC9A,"OLD GUYS RULE Men's Graphic T-Shirt, On Permanent Vacation (Heather Indigo, 3X-Large) | B0160CNHCO | $454; OLD GUYS RULE Men's Graphic T-Shirt, On Permanent Vacation (Heather Indigo, XX-Large) | B0160CNFPI | $359; OLD GUYS RULE Men's Graphic T-Shirt, On Permanent Vacation (Heather Indigo, Medium) | B0160CNAVM | $324; OLD GUYS RULE Men's Graphic T-Shirt, On Permanent Vacation (Heather Indigo, X-Large) | B0160CNE1I | $290; Old Guys Rule Men's Graphic T-Shirt, Respect the Rust (Dark Heather, XX-Large) | B088QSQWTL | $216",Old Guys Rule: 100%,1,Brand direct,0,"Tiny footprint for a well-known brand: ten listings, ~$2k a month, sold direct, down ~55% on the year",Old Guys Rule 100%; monthly rev ~$2k; TTM ~$47k; 10 products; 452 reviews; rating 4.8; 12M MoM -55%,Old Guys Rule on Amazon,"Hi {{first_name}},

Saw you're exhibiting at the Las Vegas Souvenir & Resort Gift Show next week.

Looking at your listings, Old Guys Rule is on Amazon with ten tee listings doing about $2k a month, sold direct, and the trend on the year is down by more than half. The reviews are excellent, 4.8 across the board. For a brand with this much name recognition and a Father's Day and holiday gift profile, that's a channel that has been left to drift going into Q4.

We manage Amazon for brands end to end, including strategy, content, advertising, inventory and operations.

Would it make sense to have a quick conversation before Q4?

Yoni
",sheet Brand (Seller Central) confirmed,2026-09-25T16:36:01
"2 - Possible, verify",Las Vegas Souvenir & Resort Gift Show 2026,Parks Project,"LISTED on Amazon, reseller / seller unclear (direct Amazon verification)",,,,,,,https://www.amazon.com/dp/B0GMS191QC,Parks Project,,No (SmartScout monthly quota exhausted),,,Not checked (SmartScout monthly AI quota exhausted),row not processed - rerun when SmartScout quota resets,Possible,No brand store found; sold by Backcountry,Parks Project,,Third-party resellers,Yes,Parks Project,not found,,,,,,,,,,,,,,,,,,,,,"Not found; industry-level: listings sold by Backcountry, no brand account or storefront","Record exists with 0 active products; sheet: no brand store, sold by Backcountry",Parks Project on Amazon,"Hi {{first_name}},

Saw you're exhibiting at the Las Vegas Souvenir & Resort Gift Show next week.

Looking at your listings, Parks Project shows up on Amazon through Backcountry rather than a brand account, with no storefront, and the listings aren't registering measurable sales in public marketplace data. National park apparel is a large Amazon search, especially around gifting, and a brand with your following is leaving that to a retailer.

We recently helped a brand go from no Amazon presence to a $1M+ annual run rate within six months. We manage the channel end to end.

Is Amazon something you're looking at more seriously?

Yoni
",brand record returned 0 products on two attempts; industry-level email; sheet third-party (Backcountry),2026-09-25T16:36:01
"2 - Possible, verify",Las Vegas Souvenir & Resort Gift Show 2026,Pennington Bear Company,"LISTED on Amazon, reseller / seller unclear (direct Amazon verification)",,,,,,,https://www.amazon.com/stores/PenningtonBearCompany/page/32BCE87C-4AB1-4885-A9FF-46761E703F9E,Pennington Bear,,No (SmartScout monthly quota exhausted),,,Not checked (SmartScout monthly AI quota exhausted),row not processed - rerun when SmartScout quota resets,Possible,Brand store; sold by Atharva Brands,Pennington Bear Company,https://www.amazon.com/stores/PenningtonBearCompany/page/32BCE87C-4AB1-4885-A9FF-46761E703F9E,Third-party resellers,Yes,Pennington Bear Company,exact,Toys & Games,Stuffed Animals & Teddy Bears,3544.77,64316.03,1,1352,4.8,20.49,2,,0,0.3,-0.2,True,https://www.amazon.com/stores/PenningtonBearCompany/page/32BCE87C-4AB1-4885-A9FF-46761E703F9E,"Pennington Bear Company The Original Sock Monkey, Hand-Knit, 20 inch | B07GBJKMZ1 | $3,545",Atharva Brands: 100%,1,Third-party resellers,100,"One listing (sock monkey) doing ~$3.5k a month, sold by a reseller (Atharva Brands) rather than the brand; 1,352 reviews","Atharva Brands 100%; monthly rev ~$3.5k; TTM ~$64k; 1 product; 1,352 reviews; rating 4.8; MoM +30%",Pennington Bear on Amazon,"Hi {{first_name}},

Saw you're exhibiting at the Las Vegas Souvenir & Resort Gift Show next week.

Looking at your listings, Pennington Bear Company has one product on Amazon, the sock monkey, doing a few thousand dollars a month with over 1,300 reviews at a 4.8 average, and it's sold by a reseller called Atharva Brands rather than by you. That's a proven listing the brand doesn't control, and the rest of the catalog isn't on Amazon at all going into the season that matters for plush.

We manage Amazon for brands end to end, including strategy, content, advertising, inventory and operations.

Would it make sense to have a quick conversation before Q4?

Yoni
",sheet third-party (Atharva Brands) confirmed,2026-09-25T16:36:01
1 - Confirmed on Amazon,Las Vegas Souvenir & Resort Gift Show 2026,"Pennybandz, LLC",YES on Amazon (direct Amazon verification),,,,,,,https://www.amazon.com/stores/pennybandz/page/57E8DBFC-EED7-43E7-92A7-F9C0C092D0D1,Pennybandz,,No (SmartScout monthly quota exhausted),,,Not checked (SmartScout monthly AI quota exhausted),row not processed - rerun when SmartScout quota resets,Yes,Brand store; sold by Pennybandz,Pennybandz,https://www.amazon.com/stores/pennybandz/page/57E8DBFC-EED7-43E7-92A7-F9C0C092D0D1,Brand (Seller Central),Yes,Pennybandz,exact,"Clothing, Shoes & Jewelry",Coin Collecting Storage,1371.7,41817.1,44,1362,4.77,20.36,1,Pennybandz,0,0.492,-0.483,False,,"Spiral Penny Notebook by Pennybandz, Pressed Penny Album Holds 224 Coins (Sunset Peach) | B0DXMWDGMT | $1,372; Pennybandz The Penny Journal Holds 146 Coins (Sunshine Yellow) | B0B4HLF5GH | $0; Pennybandz The Penny Journal Holds 146 Coins (Thundercloud Gray) | B09S4Z8KPW | $0; Pennybandz The Penny Journal Holds 146 Coins (Purple Hippo) | B08ZS8ZZB3 | $0; Pennybandz The Penny Journal Holds 146 Coins (Lime Green) | B08WFS7QDH | $0",Pennybandz: 100%,1,Brand direct,0,"Tiny footprint for a category-defining product: 44 listings, one selling ~$1.4k a month, sold direct, down ~48% on the year; no storefront","Pennybandz 100%; monthly rev ~$1.4k; TTM ~$42k; 44 products; 1,362 reviews; rating 4.77; 12M MoM -48%; storefront false",Pennybandz on Amazon,"Hi {{first_name}},

Saw you're exhibiting at the Las Vegas Souvenir & Resort Gift Show next week.

Looking at your listings, Pennybandz has 44 penny book listings on Amazon, sold direct, but only one of them is selling, at about $1.4k a month, and the year is down by close to half. Over 1,300 reviews at a 4.8 average says the product is loved. Pressed penny books get searched by name by people who bought one at a park, and the catalog isn't built to catch that.

We manage Amazon for brands end to end, including strategy, content, advertising, inventory and operations.

Would it make sense to have a quick conversation before Q4?

Yoni
",sheet says brand store; fresh data shows no storefront,2026-09-25T16:43:28
1 - Confirmed on Amazon,Las Vegas Souvenir & Resort Gift Show 2026,Pillzar LLC,YES on Amazon (direct Amazon verification),,,,,,,https://www.amazon.com/stores/Pillzar/page/458DCF4B-A890-44F8-8DA4-FA656278B373,Pillzar,,No (SmartScout monthly quota exhausted),,,Not checked (SmartScout monthly AI quota exhausted),row not processed - rerun when SmartScout quota resets,Yes,Brand store; sold by Pillzar,Pillzar,https://www.amazon.com/stores/Pillzar/page/458DCF4B-A890-44F8-8DA4-FA656278B373,Brand (Seller Central),Yes,Pillzar,exact,Health & Household,Personal Pill Organizers,459.8,17136.94,1,122,2.8,22.99,1,,0,0.588,0.059,False,,Pillzar Portable Pill Organizer Dispenser with Timer Cap | B0CM7SLMDD | $460,Pillzar: 100%,1,Brand direct,0,One listing at a 2.8 rating doing a few hundred dollars a month; sold direct; rating is the blocker,Pillzar 100%; monthly rev ~$460; TTM ~$17k; 1 product; 122 reviews; rating 2.8,Pillzar listing on Amazon,"Hi {{first_name}},

Saw you're exhibiting at the Las Vegas Souvenir & Resort Gift Show next week.

Looking at your listings, Pillzar has one product on Amazon, sold direct, doing a few hundred dollars a month with about 120 reviews at a 2.8 rating. At that rating the listing is working against you, since pill organizers are a huge Amazon category decided almost entirely on reviews. Whether the fix is the product, the listing expectations or the review handling, it comes before any advertising.

We manage Amazon for brands end to end, including strategy, content, advertising, inventory and operations.

Would it make sense to have a quick conversation about the listing?

Yoni
",sheet Brand (Seller Central) confirmed; low rating,2026-09-25T16:43:28
"2 - Possible, verify",Las Vegas Souvenir & Resort Gift Show 2026,Pyvot,"LISTED on Amazon, reseller / seller unclear (direct Amazon verification)",,,,,,,https://www.amazon.com/stores/Pyvot/page/659A67B4-5541-46D1-A329-F2A2D95899C1,Pyvot,,No (SmartScout monthly quota exhausted),,,Not checked (SmartScout monthly AI quota exhausted),row not processed - rerun when SmartScout quota resets,Possible,Brand store; sold by Levinsohn Textile,PYVOT,https://www.amazon.com/stores/Pyvot/page/659A67B4-5541-46D1-A329-F2A2D95899C1,Third-party resellers,Yes,PYVOT,exact,Sports & Outdoors,Strength Training Weight Vests,5622.07,301252.55,91,87,4.34,142.95,1.18,,0,-1,0.294,True,https://www.amazon.com/stores/Pyvot/page/659A67B4-5541-46D1-A329-F2A2D95899C1,PYVOT Women's Spark Weighted Vest | B0F5HVL5PY | $280; PYVOT Women's Verve Short Sleeve Weighted Vest | B0F7WB666G | $170; PYVOT Men's Journey Weighted Vest | B0F7VWP8KD | $170; PYVOT Women's Focus Weighted Vest | B0FS2DLNQM | $169; PYVOT Men's Journey Weighted Vest | B0F7VWS65X | $166,Levinsohn Textile: 100%,1,Third-party resellers,100,Sold entirely through Levinsohn Textile; 91 listings doing ~$5.6k a month combined; 87 reviews,Levinsohn Textile 100%; monthly rev ~$5.6k; TTM ~$301k; 91 products; 87 reviews; rating 4.34; 12M MoM +29%,PYVOT on Amazon,"Hi {{first_name}},

Saw you're exhibiting at the Las Vegas Souvenir & Resort Gift Show next week.

Looking at your listings, PYVOT has over 90 weighted vest listings on Amazon, all sold through Levinsohn Textile, doing a few thousand dollars a month combined with fewer than 90 reviews across the catalog. If Levinsohn is your parent, fine. Either way, weighted vests are one of the fastest-growing fitness searches on Amazon right now, and a catalog this size with that few reviews is not set up to catch it.

We manage Amazon for brands end to end, including strategy, content, advertising, inventory and operations.

Would it make sense to have a quick conversation?

Yoni
","sheet third-party (Levinsohn Textile); may be the parent company, verify",2026-09-25T16:43:28
"2 - Possible, verify",Las Vegas Souvenir & Resort Gift Show 2026,Ranger Industries LLC,"LISTED on Amazon, reseller / seller unclear (direct Amazon verification)",,,,,,,https://www.amazon.com/dp/B004HFSZU6,Ranger,,No (SmartScout monthly quota exhausted),,,Not checked (SmartScout monthly AI quota exhausted),row not processed - rerun when SmartScout quota resets,Possible,No brand store found; sold by JandSProducts,Ranger Pro,,Third-party resellers,Yes,Ranger Industries,close,Everything Else,Student Awards & Student Incentives,144.64,3496.09,11,203,4.75,18.12,1.36,,0,-1,-0.435,False,,"Ranger Industries 2 Month AA Medallion Sobriety Chip | B08XDYRQN6 | $119; HGB Ranger Industries 6 Month AA Medallion Sobriety Chip | B08V95Q9Q6 | $17; Ranger Industries Glitter Glue, Blue | B0CXTLT3NV | $9; Ranger Industries 19 Year AA Medallion | B08RCDBRYT | $0; Ranger Industries 12 Year AA Medallion | B08KTTSL83 | $0",RecoveryChip: 93.9%; ScrapbookPalonline: 6.0%; Memories 4 All Seasons: 0.1%,3,Third-party resellers,100.0,"Barely on Amazon: sobriety medallion listings doing about $150 a month, all through a reseller (RecoveryChip); sheet's 'Ranger Pro' match is an unrelated herbicide",RecoveryChip 93.9%; monthly rev ~$145; 11 products; 203 reviews; rating 4.75; 12M MoM -44%,Ranger Industries on Amazon,"Hi {{first_name}},

Saw you're exhibiting at the Las Vegas Souvenir & Resort Gift Show next week.

Looking at your listings, Ranger Industries medallions are on Amazon at a couple hundred dollars a month, sold through a reseller called RecoveryChip rather than by you, with about 200 reviews at a 4.75 average and no brand storefront. That's a proven product line with almost no channel behind it. Recovery and milestone gifts get searched on Amazon year round.

We recently helped a brand go from no Amazon presence to a $1M+ annual run rate within six months. We manage the channel end to end.

Is Amazon something you're looking at more seriously?

Yoni
","sheet brand name 'Ranger Pro' is an unrelated herbicide; used 'Ranger Industries' record instead, verify it is the exhibitor; sheet third-party confirmed",2026-09-25T16:43:28
"2 - Possible, verify",FLIBS 2026,Aqua Nautica USA,"LISTED on Amazon, reseller / seller unclear (direct Amazon verification)",,,,,,,https://www.amazon.com/stores/Nautica/page/AE6F8A7E-6EEF-4FB0-8A5D-0ACDEA2E0DE4,Aqua Nautica,,No (SmartScout monthly quota exhausted),,,Not checked,,Possible,Brand store; sold by Vipcosllc,Nautica,https://www.amazon.com/stores/Nautica/page/AE6F8A7E-6EEF-4FB0-8A5D-0ACDEA2E0DE4,Third-party resellers,Yes,,wrong match,,,,,,,,,,,,,,,,,,,,,Not found; sheet mapped exhibitor to the unrelated Nautica apparel brand; industry-level email,"No brand record for Aqua Nautica; 'Nautica' record is the apparel and fragrance brand, not the exhibitor",Aqua Nautica on Amazon,"Hi {{first_name}},

Saw you're exhibiting at FLIBS next month.

From what we can see, Aqua Nautica doesn't have a brand presence on Amazon, and searches for the name land on the Nautica apparel brand instead. That's a real problem for anyone who saw you at a show and goes looking afterward. Building a storefront and listings that own the name is the first step, and the boat show season is when the searches happen.

We recently helped a brand go from no Amazon presence to a $1M+ annual run rate within six months. We manage the channel end to end.

Is Amazon something you're looking at more seriously?

Yoni
",no brand record on two attempts; sheet mapped to unrelated Nautica storefront; industry-level email,2026-09-25T16:43:28
1 - Confirmed on Amazon,FLIBS 2026,AquaVue Tech Co,YES on Amazon (direct Amazon verification),,,,,,,https://www.amazon.com/dp/B004ZR9TDI,AquaVue Tech,,No (SmartScout monthly quota exhausted),,,Not checked,,Yes,No brand store found; sold by Amazon.com,AQUA-TECH,,Amazon (Vendor),Yes,,wrong match,,,,,,,,,,,,,,,,,,,,,Not found; sheet mapped exhibitor to the unrelated AQUA-TECH aquarium filter brand; industry-level email,"No brand record for AquaVue; 'AQUA-TECH' record is aquarium filters sold by Amazon, not the exhibitor",AquaVue on Amazon,"Hi {{first_name}},

Saw you're exhibiting at FLIBS next month.

From what we can see, AquaVue doesn't have a brand presence on Amazon, and the listings that come up under a similar name belong to an unrelated aquarium filter brand. For a marine tech product that's a gap worth closing, since boat owners research on Amazon before they buy, even when they buy through a dealer, and nothing under AquaVue is there for them to find.

We recently helped a brand go from no Amazon presence to a $1M+ annual run rate within six months. We manage the channel end to end.

Is Amazon something you're looking at more seriously?

Yoni
",no brand record on two attempts; sheet mapped to unrelated AQUA-TECH listing; industry-level email,2026-09-25T16:43:28
"2 - Possible, verify",FLIBS 2026,Axalta Coatings System,"LISTED on Amazon, reseller / seller unclear (direct Amazon verification)",,,,,,,https://www.amazon.com/dp/B08LZYVC97,Axalta Coatings System,,No (SmartScout monthly quota exhausted),,,Not checked,,Possible,No brand store found; sold by Slc Powder Coating,Axalta,,Third-party resellers,Yes,,not found,,,,,,,,,,,,,,,,,,,,,Not found; coatings company with one unrelated listing sold by a powder coater; weak fit,"No brand record on two attempts (Axalta, Axalta Coating Systems); sheet: single listing sold by Slc Powder Coating",Axalta marine coatings on Amazon,"Hi {{first_name}},

Saw you're exhibiting at FLIBS next month.

From what we can see, Axalta doesn't have a brand presence on Amazon beyond a single listing sold by a third-party coater. For a coatings company selling through distributors and applicators that's normal. Where Amazon tends to come up for coatings brands is the DIY and small-yard side, touch-up and maintenance products that owners search for by name, and nothing under Axalta answers that today.

We recently helped a brand go from no Amazon presence to a $1M+ annual run rate within six months. We manage the channel end to end.

Is the DIY side something you're looking at on Amazon?

Yoni
",no brand record on two attempts; industry-level email; weaker fit: B2B coatings company,2026-09-25T16:43:28
"2 - Possible, verify",FLIBS 2026,Bisous,"LISTED on Amazon, reseller / seller unclear (direct Amazon verification)",,,,,,,https://www.amazon.com/dp/B07WQ9QV16,Bisous,,No (SmartScout monthly quota exhausted),,,Not checked,,Possible,No brand store found; sold by Whole Foods Market,Bisousweet Confections,,Third-party resellers,Yes,Bisousweet Confections,close,Grocery & Gourmet Food,Muffins,21555.93,323546.92,1,972,4.2,9.13,1,,0,0.962,2.718,False,,,,0,,0,"One listing doing ~$22k a month through Whole Foods Market, growing fast; no brand account or storefront; identity of exhibitor unverified",Whole Foods Market seller (per sheet); monthly rev ~$21.6k; TTM ~$324k; 1 product; 972 reviews; rating 4.2; MoM +96%; 12M MoM +272%,Bisousweet on Amazon,"Hi {{first_name}},

Saw you're exhibiting at FLIBS next month.

Looking at your listings, Bisousweet has one muffin listing on Amazon doing about $22k a month, sold through Whole Foods Market rather than a brand account, and it has been growing fast this year. There's no brand storefront and nothing else from the catalog is listed. When one listing carries a brand and someone else is the seller, the upside is real and so is the risk of it stalling.

We manage Amazon for brands end to end, including strategy, content, advertising, inventory and operations.

Would it make sense to have a quick conversation about building out the rest of the catalog?

Yoni
",verify identity: exhibitor listed as 'Bisous'; sheet and SmartScout record are Bisousweet Confections muffins; may be a different company; sheet third-party (Whole Foods Market),2026-09-25T16:43:28
1 - Confirmed on Amazon,FLIBS 2026,Blu Technology,YES on Amazon (direct Amazon verification),,,,,,,https://www.amazon.com/stores/BLUTECHNOLOGY/page/A3318792-FCE0-4E9C-A5DA-B4BD0B42BBD7,Blu Technology,,No (SmartScout monthly quota exhausted),,,Not checked,,Yes,Brand store; sold by Blu Technology,blu technology,https://www.amazon.com/stores/BLUTECHNOLOGY/page/A3318792-FCE0-4E9C-A5DA-B4BD0B42BBD7,Brand (Seller Central),Yes,Blu Technology,exact,Automotive,RV Freshwater Filtration Systems & Parts,132138.04,1334555.22,12,342,4.56,455.78,1.58,Blu Technology,0,-0.132,1.264,True,https://www.amazon.com/stores/BLUTECHNOLOGY/page/A3318792-FCE0-4E9C-A5DA-B4BD0B42BBD7,"GoBluTech AR3 RV Water Filter System, 0.2 Micron, 5-inch Filters | B0D7XYRKJD | $32,469; GoBluTech Trio RV Water Filter Recharge Pack for R3 and AR3 | B0B9YRJB1T | $24,111; GoBluTech R3 Water Filtration Unit + Water Softener Bundle | B0DF34JKTD | $16,150; GoBluTech AR3 XLT RV Water Filter System, 10-inch Filters | B0D7XR21F8 | $11,400; GoBluTech R2 Water Filtration Unit + Water Softener Bundle | B0DF33JNHH | $11,200",Blu Technology: 97.3%; Dune Auto Company: 2.7%,2,Brand direct,2.7,"Strong brand-direct position, up sharply on the year (~$132k a month); one reseller starting to appear; modest ask on marine positioning",Blu Technology 97.3%; Dune Auto Company 2.7%; monthly rev ~$132k; 12 products; 342 reviews; rating 4.56; MoM -13%; 12M MoM +126%,Blu Technology on Amazon,"Hi {{first_name}},

Saw you're exhibiting at FLIBS next month.

Looking at your listings, Blu Technology is doing about $130k a month on Amazon through your own account, more than double where it was a year ago, with the AR3 filter system carrying it. Two things stand out. A reseller called Dune Auto Company has started showing up on one listing, and the listings are positioned almost entirely for RV buyers even though the boat market searches the same terms.

We manage Amazon for brands end to end, including strategy, content, advertising, inventory and operations.

Open to a 20 minute look at the marine side of the catalog?

Yoni
",sheet Brand (Seller Central) confirmed,2026-09-25T16:43:28
1 - Confirmed on Amazon,FLIBS 2026,BLU3 / SeaNXT / JayKay / Lift Foils,YES on Amazon (direct Amazon verification),,,,,,,https://www.amazon.com/stores/BLU3/page/40DB3CCE-E32D-4851-8241-357FEB00DECB,BLU3,,No (SmartScout monthly quota exhausted),,,Not checked,,Yes,Brand store; sold by BLU3 Tankless Dive Systems,BLU3,https://www.amazon.com/stores/BLU3/page/40DB3CCE-E32D-4851-8241-357FEB00DECB,Brand (Seller Central),Yes,BLU3,exact,Sports & Outdoors,Diving Electronics,32984,293463.84,12,21,4.24,2286.5,0.42,BLU3 Tankless Dive Systems,0,-0.707,0.542,True,https://www.amazon.com/stores/BLU3/page/40DB3CCE-E32D-4851-8241-357FEB00DECB,"BLU3 Nomad + Backpack Dive System (One Spare Battery) | B09SDKM3V9 | $10,196; BLU3 Nomad + Backpack Dive System | B09NCLFTLH | $8,796; BLU3 Nomad Mini (1 Spare Battery) | B0C198Q3MH | $7,396; BLU3 Nomad Mini (No Spare Battery) | B0C197QN9H | $6,596; BLU3 Nomad Mini (Include Reserve Air Tank) | B0C199N88B | $0",BLU3 Tankless Dive Systems: 100%,1,Brand direct,0,"Sold direct at ~$33k a month, up on the year, but 21 reviews across a $2,000 product line and a sharp seasonal drop","BLU3 Tankless Dive Systems 100%; monthly rev ~$33k; TTM ~$293k; 12 products; 21 reviews; rating 4.24; avg price ~$2,287; MoM -71%; 12M MoM +54%",BLU3 on Amazon,"Hi {{first_name}},

Saw you're exhibiting at FLIBS next month.

Looking at your listings, BLU3 is doing about $33k a month on Amazon through your own account, up on the year, with the Nomad and Nomad Mini carrying it. What stands out is 21 reviews across the whole catalog for a product that costs over $2,000, and a month that dropped by about 70% as the season turned. At that price point reviews are the entire purchase decision, and the off-season is when that gets built.

We manage Amazon for brands end to end, including strategy, content, advertising, inventory and operations.

Would it make sense to have a quick conversation before next season?

Yoni
","combined exhibitor name; queried BLU3 (first brand); SeaNXT, JayKay, Lift Foils not queried; sheet Brand (Seller Central) confirmed",2026-09-25T16:43:28
1 - Confirmed on Amazon,FLIBS 2026,Bolt Depot,YES on Amazon (direct Amazon verification),,,,,,,https://www.amazon.com/stores/BoltsandNutscom/page/D543BA2A-2492-49CD-9E56-C6C8C3FBA4C7,Bolt Depot,,No (SmartScout monthly quota exhausted),,,Not checked,,Yes,Brand store; sold by BoltsandNuts com,BoltsandNuts.com,https://www.amazon.com/stores/BoltsandNutscom/page/D543BA2A-2492-49CD-9E56-C6C8C3FBA4C7,Brand (Seller Central),Yes,Bolt Depot,wrong match,,,,,,,,,,,,,,,,,,,,,Not found; sheet mapped exhibitor to the unrelated BoltsandNuts.com storefront; direct online seller with no Amazon presence,'Bolt Depot' record has 0 products; 'BoltsandNuts.com' is a different company (~$120k/mo),Bolt Depot on Amazon,"Hi {{first_name}},

Saw you're exhibiting at FLIBS next month.

From what we can see, Bolt Depot doesn't have a presence on Amazon, and searches for fasteners there land on competitors like BoltsandNuts.com, which does real volume with a storefront and several hundred listings. Bolt Depot has built a strong direct business, and Amazon is where a lot of the same small-quantity fastener searches happen from people who never think to go direct.

We recently helped a brand go from no Amazon presence to a $1M+ annual run rate within six months. We manage the channel end to end.

Is Amazon something you're looking at more seriously?

Yoni
",brand record returned 0 products; sheet mapped to unrelated BoltsandNuts.com storefront; industry-level email,2026-09-25T16:43:28
"2 - Possible, verify",FLIBS 2026,Chris-Craft,"LISTED on Amazon, reseller / seller unclear (direct Amazon verification)",,,,,,,https://www.amazon.com/dp/0945903200,Chris-Craft,,No (SmartScout monthly quota exhausted),,,Not checked,,Possible,No brand store found; seller not shown; name from Amazon search label,The Legend of Chris-Craft,,Unknown,Yes,,not found,,,,,,,,,,,,,,,,,,,,,"Not found; boat builder, only a book listing under the name; industry-level email on branded gear","No brand record on two attempts (Chris-Craft, Chris Craft); sheet listing is a book",Chris-Craft on Amazon,"Hi {{first_name}},

Saw you're exhibiting at FLIBS next month.

From what we can see, Chris-Craft doesn't have a brand presence on Amazon, and the only listing that comes up under the name is a book about the company. For a name with this much heritage, that's a lot of search going unanswered. Where Amazon shows up for boat brands is branded apparel, gear and owner accessories, which people search for by name, and nothing under Chris-Craft is there.

We recently helped a brand go from no Amazon presence to a $1M+ annual run rate within six months. We manage the channel end to end.

Is Amazon something you're looking at more seriously?

Yoni
",no brand record on two attempts; industry-level email; weaker fit: boat builder,2026-09-25T16:43:28
"2 - Possible, verify",FLIBS 2026,CIRO Marine,"LISTED on Amazon, reseller / seller unclear (direct Amazon verification)",,,,,,,https://www.amazon.com/dp/B0DHLTV7B6,CIRO Marine,,No (SmartScout monthly quota exhausted),,,Not checked,,Possible,No brand store found; sold by Gritr,CIRO,,Third-party resellers,Yes,CIRO,wrong match,,,,,,,,,,,,,,,,,,,,,Wrong match; 'CIRO' on Amazon is a motorcycle accessories brand; no data for CIRO Marine,"'CIRO' record is powersports foot pegs (~$71k/mo, sold by Gritr); 'CIRO Marine' returned empty",CIRO Marine on Amazon,"Hi {{first_name}},

Saw you're exhibiting at FLIBS next month.

From what we can see, CIRO Marine doesn't have a brand presence on Amazon, and searches for the name land on an unrelated motorcycle accessories brand that does real volume there. That means anyone who saw you at a show and goes looking afterward finds the wrong company. Owning the name with a storefront and listings is the first step, and it's a small one.

We recently helped a brand go from no Amazon presence to a $1M+ annual run rate within six months. We manage the channel end to end.

Is Amazon something you're looking at more seriously?

Yoni
",wrong match: 'CIRO' matched a motorcycle accessories brand; sheet listing (sold by Gritr) is the same unrelated brand; industry-level email,2026-09-25T16:43:28
"2 - Possible, verify",FLIBS 2026,CMC Marine Corp,"LISTED on Amazon, reseller / seller unclear (direct Amazon verification)",,,,,,,https://www.amazon.com/dp/B0CZ7MV4LG,CMC Marine,,No (SmartScout monthly quota exhausted),,,Not checked,,Possible,No brand store found; sold by MarineBoatingSupply,CMC,,Third-party resellers,Yes,CMC,wrong match,,,,,,,,,,,,,,,,,,,,,Wrong match; 'CMC' on Amazon is a mix of T-H Marine jack plate parts and piano books; no data for CMC Marine stabilizers,"'CMC' record is mixed (T-H Marine CMC parts, piano songbooks); 'CMC Marine' returned empty",CMC Marine on Amazon,"Hi {{first_name}},

Saw you're exhibiting at FLIBS next month.

From what we can see, CMC Marine doesn't have a brand presence on Amazon, and searches for the name land on a mix of unrelated boat parts and piano books. For a stabilizer manufacturer selling through builders and yards that's expected. Where Amazon tends to matter for brands like yours is spares, consumables and branded gear that owners and captains search for by name.

We recently helped a brand go from no Amazon presence to a $1M+ annual run rate within six months. We manage the channel end to end.

Is Amazon something you're looking at for the parts side?

Yoni
",wrong match: 'CMC' matched unrelated T-H Marine parts and piano books; industry-level email; weaker fit: OEM stabilizer manufacturer,2026-09-25T16:43:28
1 - Confirmed on Amazon,FLIBS 2026,Cody's Fish,YES on Amazon (direct Amazon verification),,,,,,,https://www.amazon.com/stores/CodyJohnson/page/BCCFBCA7-E7A6-4DAE-B75F-E87979D2E58A,Cody's Fish,,No (SmartScout monthly quota exhausted),,,Not checked,,Yes,Brand store; sold by Amazon.com,Cody Johnson,https://www.amazon.com/stores/CodyJohnson/page/BCCFBCA7-E7A6-4DAE-B75F-E87979D2E58A,Amazon (Vendor),Yes,,wrong match,,,,,,,,,,,,,,,,,,,,,Not found; sheet mapped exhibitor to the unrelated Cody Johnson music storefront; industry-level email,"No brand record on two attempts (Cody's Fish, Codys Fish); sheet storefront is Cody Johnson, a musician",Cody's Fish on Amazon,"Hi {{first_name}},

Saw you're exhibiting at FLIBS next month.

From what we can see, Cody's Fish doesn't have a brand presence on Amazon, and searches for the name land on an unrelated music storefront. For a brand that sells at shows and through shops, Amazon is where the people who saw the work go to find it again, and right now there's nothing under the name for them to find.

We recently helped a brand go from no Amazon presence to a $1M+ annual run rate within six months. We manage the channel end to end.

Is Amazon something you're looking at more seriously?

Yoni
",no brand record on two attempts; sheet mapped to unrelated Cody Johnson storefront; industry-level email,2026-09-25T16:43:28
"2 - Possible, verify",FLIBS 2026,Colnago USA,"LISTED on Amazon, reseller / seller unclear (direct Amazon verification)",,,,,,,https://www.amazon.com/dp/B0GM12NV1Z,Colnago,,No (SmartScout monthly quota exhausted),,,Not checked,,Possible,No brand store found; seller not shown; name from Amazon search label,Colnago,,Unknown,Yes,Colnago,not found,,,,,,,,,,,,,,,,,,,,,Not found; record has no active products; weak fit,"'Colnago' record has 0 active products (bike brand); sheet: single listing, seller not shown",Colnago on Amazon,"Hi {{first_name}},

Saw you're exhibiting at FLIBS next month.

From what we can see, Colnago doesn't have an active brand presence on Amazon, with no storefront and nothing registering measurable sales in public marketplace data. For a brand sold through dealers that's a deliberate choice for the bikes themselves. Where Amazon tends to come up for brands like yours is apparel, accessories and small parts that owners search for by name.

We recently helped a brand go from no Amazon presence to a $1M+ annual run rate within six months. We manage the channel end to end.

Is Amazon something you're looking at more seriously?

Yoni
",brand record returned 0 active products on two attempts; industry-level email; weaker fit: dealer-led premium brand,2026-09-25T16:43:28
"2 - Possible, verify",FLIBS 2026,Dockmate USA,"LISTED on Amazon, reseller / seller unclear (direct Amazon verification)",,,,,,,https://www.amazon.com/stores/Dockmate/page/E7C32A58-7CF4-445B-909A-AEDC8E39DFBF,Dockmate,,No (SmartScout monthly quota exhausted),,,Not checked,,Possible,Brand store; sold by CWDS,Dockmate,https://www.amazon.com/stores/Dockmate/page/E7C32A58-7CF4-445B-909A-AEDC8E39DFBF,Third-party resellers,Yes,Dockmate,wrong match,,,,,,,,,,,,,,,,,,,,,"Wrong match; 'Dockmate' on Amazon is a dock bumper brand sold by CWDS, not the Dockmate remote control system; industry-level email","'Dockmate' record is dock guards and fenders (~$11.5k/mo, CWDS 94%); sheet store is the same unrelated brand",Dockmate on Amazon,"Hi {{first_name}},

Saw you're exhibiting at FLIBS next month.

From what we can see, the Dockmate name on Amazon belongs to a dock bumper and fender line sold by a distributor, so anyone searching for your remote docking system lands on rubber dock guards. For a dealer-installed system that may not matter for the sale itself. It does matter for the search, since owners research on Amazon and the name is pointing them somewhere else.

We recently helped a brand go from no Amazon presence to a $1M+ annual run rate within six months. We manage the channel end to end.

Is owning the Dockmate name on Amazon something you've looked at?

Yoni
",wrong match: 'Dockmate' record and sheet storefront are an unrelated dock guard brand; exhibitor is the Dockmate wireless docking system; weaker fit: dealer-installed system,2026-09-25T16:43:28
"2 - Possible, verify",FLIBS 2026,Dockside Pros,"LISTED on Amazon, reseller / seller unclear (direct Amazon verification)",,,,,,,https://www.amazon.com/dp/B07C9VQLDJ,Dockside Pros,,No (SmartScout monthly quota exhausted),,,Not checked,,Possible,No brand store found; sold by Hunter's Bundle,Dockside,,Third-party resellers,Yes,,not found,,,,,,,,,,,,,,,,,,,,,"Not found; services company, only an unrelated listing under a similar name; weak fit","No brand record on two attempts (Dockside Pros, Dockside); sheet listing sold by Hunter's Bundle is unrelated",Dockside Pros on Amazon,"Hi {{first_name}},

Saw you're exhibiting at FLIBS next month.

From what we can see, Dockside Pros doesn't have a presence on Amazon, and the listings that come up under a similar name are unrelated. If Dockside Pros is purely a services business, Amazon isn't relevant and this note can be ignored. If there's a product side, dock hardware or boat care, that's where public marketplace data would start to matter.

We recently helped a brand go from no Amazon presence to a $1M+ annual run rate within six months. We manage the channel end to end.

Is there a product side to Dockside Pros where Amazon comes up?

Yoni
",no brand record on two attempts; industry-level email; weaker fit: likely services company,2026-09-25T16:43:28
"2 - Possible, verify",FLIBS 2026,"Dusky Marine, Inc.","LISTED on Amazon, reseller / seller unclear (direct Amazon verification)",,,,,,,https://www.amazon.com/dp/B0BZ571534,Dusky Marine,,No (SmartScout monthly quota exhausted),,,Not checked,,Possible,No brand store found; seller not shown; name from Amazon search label,for 2016 Dusky XF 278 Faux Teak Non-Slip Yacht Marine Boat Deck Pad,,Unknown,Yes,,not found,,,,,,,,,,,,,,,,,,,,,"Not found; boat builder, only a third-party deck pad listing under the name; industry-level email","No brand record on two attempts (Dusky Marine, Dusky); sheet listing is a third-party faux teak deck pad for a Dusky model",Dusky Marine on Amazon,"Hi {{first_name}},

Saw you're exhibiting at FLIBS next month.

From what we can see, Dusky Marine doesn't have a brand presence on Amazon, and the only listing under the name is a third-party deck pad made to fit one of your hulls. That's a small tell: someone else is selling to Dusky owners on Amazon by name, and the brand isn't. Branded gear and owner accessories are where Amazon shows up for boat builders.

We recently helped a brand go from no Amazon presence to a $1M+ annual run rate within six months. We manage the channel end to end.

Is Amazon something you're looking at more seriously?

Yoni
",no brand record on two attempts; industry-level email; weaker fit: boat builder,2026-09-25T16:43:28
1 - Confirmed on Amazon,FLIBS 2026,ELITE Fenders,YES on Amazon (direct Amazon verification),,,,,,,https://www.amazon.com/stores/ELITEFenders/page/543190A8-4996-40EB-9A28-C5E805D2F97C,ELITE Fenders,,No (SmartScout monthly quota exhausted),,,Not checked,,Yes,Brand store; sold by ELITE Fenders,Elite Fenders,https://www.amazon.com/stores/ELITEFenders/page/543190A8-4996-40EB-9A28-C5E805D2F97C,Brand (Seller Central),Yes,Elite Fenders,exact,Sports & Outdoors,Boat Fenders,13897.82,261240.29,30,89,4.84,195.9,1.07,ELITE Fenders,0,-0.064,-0.168,True,https://www.amazon.com/stores/ELITEFenders/page/543190A8-4996-40EB-9A28-C5E805D2F97C,"Elite Fenders Heavy-Duty Inflatable Boat Fenders [The Doorman XL: 96 x 12] | B0DYDW4MKY | $2,023; Elite Fenders Heavy-Duty Inflatable Boat Fenders | B09V4S98FC | $1,912; Elite Fenders Heavy-Duty Inflatable Boat Fenders [The Kong: 60 x 24] | B0CHDNPD6D | $1,745; Elite Fenders Heavy-Duty Inflatable Boat Fenders [The Mega Boss: 120 x 18] | B0GM929282 | $1,316; Elite Fenders Round Fenders (Black 36 x 18) | B0BG7DBQ13 | $1,194",ELITE Fenders: 100%,1,Brand direct,0,"Sold direct at ~$14k a month across 30 listings, but 89 reviews total on $200 fenders; down ~17% on the year",ELITE Fenders 100%; monthly rev ~$13.9k; TTM ~$261k; 30 products; 89 reviews; rating 4.84; MoM -6%; 12M MoM -17%,Elite Fenders on Amazon,"Hi {{first_name}},

Saw you're exhibiting at FLIBS next month.

Looking at your listings, Elite Fenders is doing about $14k a month on Amazon through your own account across 30 listings, with the Doorman and Kong sizes carrying it. The rating is excellent at 4.8, but there are fewer than 90 reviews across the whole catalog for a $200 product, and the year is down about 17%. Fenders are a search-driven purchase on Amazon, and that review count is what's capping it.

We manage Amazon for brands end to end, including strategy, content, advertising, inventory and operations.

Would it make sense to have a quick conversation about growing the channel?

Yoni
",sheet Brand (Seller Central) confirmed,2026-09-25T16:43:28
1 - Confirmed on Amazon,FLIBS 2026,FERRETTI GROUP,YES on Amazon (direct Amazon verification),,,,,,,https://www.amazon.com/dp/B0CW23SHNP,FERRETTI,,No (SmartScout monthly quota exhausted),,,Not checked,,Yes,No brand store found; sold by Rossano Ferretti,Rossano Ferretti,,Brand (Seller Central),Yes,,wrong match,,,,,,,,,,,,,,,,,,,,,Not found; yacht group matched in the sheet to an unrelated hair care brand; industry-level email,"No brand record on two attempts (Ferretti Yachts, Ferretti); sheet listing is Rossano Ferretti hair care",Ferretti Group on Amazon,"Hi {{first_name}},

Saw you're exhibiting at FLIBS next month.

From what we can see, Ferretti Group doesn't have a brand presence on Amazon, and searches for the name land on an unrelated hair care brand. For a yacht group that's expected, and it isn't the point. Where Amazon shows up for brands like Riva, Pershing and Ferretti is branded apparel, gear and owner accessories, which people search for by name and which nobody is answering.

We recently helped a brand go from no Amazon presence to a $1M+ annual run rate within six months. We manage the channel end to end.

Is Amazon something you're looking at more seriously?

Yoni
",no brand record on two attempts; sheet mapped to unrelated Rossano Ferretti listing; industry-level email; weaker fit: yacht builder,2026-09-25T16:43:28
"2 - Possible, verify",FLIBS 2026,Force-e,"LISTED on Amazon, reseller / seller unclear (direct Amazon verification)",,,,,,,https://www.amazon.com/stores/ForceFactor/page/7A2784E3-DCD6-4D35-A547-485A039ABE44,Force-e,,No (SmartScout monthly quota exhausted),,,Not checked,,Possible,Brand store; sold by Lydia Online,Force Factor,https://www.amazon.com/stores/ForceFactor/page/7A2784E3-DCD6-4D35-A547-485A039ABE44,Third-party resellers,Yes,,wrong match,,,,,,,,,,,,,,,,,,,,,Not found; dive retailer matched in the sheet to the unrelated Force Factor supplement brand; weak fit,"No brand record on two attempts (Force-e, Force-E Scuba); sheet storefront is Force Factor supplements",Force-E on Amazon,"Hi {{first_name}},

Saw you're exhibiting at FLIBS next month.

From what we can see, Force-E doesn't have a presence on Amazon, and searches for the name land on an unrelated supplement brand. For a dive retailer that's not surprising, and Amazon may simply not be a fit. Where it can be is house-brand gear and accessories, which divers search for by name after the trip, and that's a small, contained way in if it ever makes sense.

We recently helped a brand go from no Amazon presence to a $1M+ annual run rate within six months. We manage the channel end to end.

Is there a house-brand side where Amazon comes up?

Yoni
",no brand record on two attempts; sheet mapped to unrelated Force Factor storefront; industry-level email; weaker fit: dive retailer,2026-09-25T16:43:28
"2 - Possible, verify",FLIBS 2026,FreedomLift,"LISTED on Amazon, reseller / seller unclear (direct Amazon verification)",,,,,,,https://www.amazon.com/dp/B0FG8WPMQW,FreedomLift,,No (SmartScout monthly quota exhausted),,,Not checked,,Possible,No brand store found; sold by Active Distribution,Freedom Offroad,,Third-party resellers,Yes,,wrong match,,,,,,,,,,,,,,,,,,,,,Not found; boat lift maker matched in the sheet to an unrelated off-road listing; industry-level email,"No brand record on two attempts (FreedomLift, Freedom Lift); sheet listing is Freedom Offroad sold by Active Distribution",FreedomLift on Amazon,"Hi {{first_name}},

Saw you're exhibiting at FLIBS next month.

From what we can see, FreedomLift doesn't have a brand presence on Amazon, and searches for the name land on unrelated off-road parts. For a boat lift sold through dealers and installers that's expected. Where Amazon tends to matter for brands like yours is accessories, covers and replacement parts that owners search for by name, and nothing under FreedomLift answers that.

We recently helped a brand go from no Amazon presence to a $1M+ annual run rate within six months. We manage the channel end to end.

Is Amazon something you're looking at for the accessories side?

Yoni
",no brand record on two attempts; sheet mapped to unrelated Freedom Offroad listing; industry-level email; weaker fit: dealer-installed equipment,2026-09-25T16:43:28
1 - Confirmed on Amazon,FLIBS 2026,Gloria Keg,YES on Amazon (direct Amazon verification),,,,,,,https://www.amazon.com/stores/Gloria/page/1CA4E23E-E277-4504-BF34-269042366C79,Gloria Keg,,No (SmartScout monthly quota exhausted),,,Not checked,,Yes,Brand store; sold by Gloria LLC,GLORIA,https://www.amazon.com/stores/Gloria/page/1CA4E23E-E277-4504-BF34-269042366C79,Brand (Seller Central),Yes,Gloria,wrong match,,,,,,,,,,,,,,,,,,,,,Wrong match; 'Gloria' on Amazon is a dollhouse furniture brand; no data for Gloria Keg,'Gloria' record is dollhouse furniture (~$17k/mo); 'Gloria Keg' returned empty; sheet storefront (Gloria LLC) unrelated,Gloria Keg on Amazon,"Hi {{first_name}},

Saw you're exhibiting at FLIBS next month.

From what we can see, Gloria Keg doesn't have a brand presence on Amazon, and searches for the name land on an unrelated toy brand. For a brand exhibiting at FLIBS, Amazon is where the people who saw you go to look afterward, and right now there's nothing built under the name to catch that. Owning the name with a storefront and a few listings is a small step.

We recently helped a brand go from no Amazon presence to a $1M+ annual run rate within six months. We manage the channel end to end.

Is Amazon something you're looking at more seriously?

Yoni
",wrong match: 'GLORIA' matched dollhouse furniture; sheet storefront unrelated; exhibitor product line unclear; industry-level email,2026-09-25T16:43:28
"2 - Possible, verify",FLIBS 2026,Hooker Pumps,"LISTED on Amazon, reseller / seller unclear (direct Amazon verification)",,,,,,,https://www.amazon.com/dp/B000CCFILC,Hooker Pumps,,No (SmartScout monthly quota exhausted),,,Not checked,,Possible,No brand store found; sold by Holley Performance Product,Hooker,,Third-party resellers,Yes,Hooker,wrong match,,,,,,,,,,,,,,,,,,,,,Wrong match; 'Hooker' on Amazon is Holley exhaust parts; no data for Hooker Pumps; industry-level email,"'Hooker' record is automotive exhaust (2 products, $0/mo); 'Hooker Pumps' returned empty; sheet listing sold by Holley is unrelated",Hooker Pumps on Amazon,"Hi {{first_name}},

Saw you're exhibiting at FLIBS next month.

From what we can see, Hooker Pumps doesn't have a brand presence on Amazon, and searches for the name land on unrelated automotive exhaust parts. For engine-driven pumps sold through builders and yards that's expected. Where Amazon tends to matter for brands like yours is rebuild kits, impellers and spares that owners and mechanics search for by part number, and nothing under Hooker answers that.

We recently helped a brand go from no Amazon presence to a $1M+ annual run rate within six months. We manage the channel end to end.

Is Amazon something you're looking at for the parts side?

Yoni
",wrong match: 'Hooker' matched Holley exhaust parts; sheet listing unrelated; industry-level email; weaker fit: OEM pump manufacturer,2026-09-25T16:43:28
"2 - Possible, verify",FLIBS 2026,ICOM America,"LISTED on Amazon, reseller / seller unclear (direct Amazon verification)",,,,,,,https://www.amazon.com/dp/B07RF9YT9S,ICOM,,No (SmartScout monthly quota exhausted),,,Not checked,,Possible,No brand store found; seller not shown; name from Amazon search label,ICOM,,Unknown,Yes,ICOM,exact,Electronics,Marine Two-Way Radios,389583.2,4934195.08,59,3011,4.53,330.74,11.71,,1.7,0.022,0.377,False,,"Icom M94D VHF Marine Transceiver with DSC & AIS Receiver | B095L6VKJM | $54,969; Icom IC-A16 VHF COM Aviation Handheld | B07RF9YT9S | $28,897; Icom M25EVO Blue Marine VHF Radio, Floating | B0FKN2WY4G | $27,717; ICOM 7300 Direct Sampling Shortwave Radio | B01C95F56M | $25,210; Icom IC-9700 VHF/UHF Base Station Transceiver | B07QZ4FGM2 | $23,500",GigaParts: 24.1%; Gulf Coast Avionics Corp.: 9.5%; Texpert Deals: 7.8%; The Orange Club: 7.6%; AXDIGITAL LLC: 7.2%,6,Mixed,62.8,"Sold entirely by dealers (GigaParts 24%, Gulf Coast Avionics 10%, CE Showroom 6%); Amazon 1P under 2%; no storefront; growing ~38% on the year","GigaParts 24.1%; Gulf Coast Avionics 9.5%; Texpert Deals 7.8%; The Orange Club 7.6%; Amazon.com 1.7%; monthly rev ~$390k; 59 products; 3,011 reviews; 12M MoM +38%; storefront false",Icom marine radios on Amazon,"Hi {{first_name}},

Saw you're exhibiting at FLIBS next month.

Looking at your listings, Icom does about $390k a month on Amazon, up strongly on the year, with the M94D and M25 marine handhelds among the top listings. None of it runs through an Icom account. GigaParts, Gulf Coast Avionics and a dozen other dealers split it, and there's no brand storefront. I know Icom has people on distribution. This is about who controls price, content and the Buy Box on the marine line.

We manage Amazon for brands end to end, including strategy, content, advertising, inventory and operations.

Open to a 20 minute look at the marine radio listings?

Yoni
",sheet sold_by Unknown; fresh data shows Third-party resellers,2026-09-25T16:49:03
"2 - Possible, verify",FLIBS 2026,Imtra,"LISTED on Amazon, reseller / seller unclear (direct Amazon verification)",,,,,,,https://www.amazon.com/dp/B07JNCRX7H,Imtra,,No (SmartScout monthly quota exhausted),,,Not checked,,Possible,No brand store found; sold by Marine Lighting Solutions DBA Apollo Lighting,Imtra Marine,,Third-party resellers,Yes,Imtra,not found,,,,,,,,,,,,,,,,,,,,,Not found; record has no active products; distributor selling through resellers,'Imtra' record has 0 active products; 'Imtra Marine' returned empty; sheet: listing sold by Marine Lighting Solutions,Imtra on Amazon,"Hi {{first_name}},

Saw you're exhibiting at FLIBS next month.

From what we can see, Imtra doesn't have an active brand presence on Amazon, and the one listing under the name is sold by a lighting reseller rather than by you. For a distributor of thrusters, lighting and hardware that's a choice, and it may be the right one. Where Amazon tends to matter is the lighting and small hardware owners buy without a yard.

We recently helped a brand go from no Amazon presence to a $1M+ annual run rate within six months. We manage the channel end to end.

Is Amazon something you're looking at for the lighting side?

Yoni
",brand record returned 0 active products on two attempts; industry-level email; weaker fit: marine distributor,2026-09-25T16:49:03
"2 - Possible, verify",FLIBS 2026,Inflatable Boat Pro,"LISTED on Amazon, reseller / seller unclear (direct Amazon verification)",,,,,,,https://www.amazon.com/dp/B07F88P35C,Inflatable Boat Pro,,No (SmartScout monthly quota exhausted),,,Not checked,,Possible,No brand store found; seller not shown; name from Amazon search label,INTEX Excursion 5-Person Inflatable Fishing Boat River Raft Set with Oars,,Unknown,Yes,,not found,,,,,,,,,,,,,,,,,,,,,"Not found; sheet listing is an Intex raft, not the exhibitor; likely retailer",No brand record on two attempts; sheet listing is an unrelated Intex product,Inflatable Boat Pro on Amazon,"Hi {{first_name}},

Saw you're exhibiting at FLIBS next month.

From what we can see, Inflatable Boat Pro doesn't have a brand presence on Amazon, and the listing tied to the name is an unrelated Intex raft. If Inflatable Boat Pro is a retailer, Amazon may not be the right channel and this can be ignored. If there's a house brand or a line you distribute exclusively, that's where a storefront and managed listings would start to matter.

We recently helped a brand go from no Amazon presence to a $1M+ annual run rate within six months. We manage the channel end to end.

Is there a house-brand side where Amazon comes up?

Yoni
",no brand record on two attempts; sheet listing unrelated; industry-level email; weaker fit: likely retailer,2026-09-25T16:49:03
"2 - Possible, verify",FLIBS 2026,Island Optics Polarized Sunglasses,"LISTED on Amazon, reseller / seller unclear (direct Amazon verification)",,,,,,,https://www.amazon.com/stores/OpticNerve/page/D4813702-6CD5-4139-89FD-7A4FB2764754,Island Optics Polarized Sunglasses,,No (SmartScout monthly quota exhausted),,,Not checked,,Possible,Brand store; sold by Gritr,Optic Nerve,https://www.amazon.com/stores/OpticNerve/page/D4813702-6CD5-4139-89FD-7A4FB2764754,Third-party resellers,Yes,Optic Nerve,wrong match,,,,,,,,,,,,,,,,,,,,,Wrong match; sheet mapped exhibitor to the unrelated Optic Nerve sunglasses brand; no data for Island Optics,'Optic Nerve' record (~$14k/mo) is a different sunglasses brand; 'Island Optics' returned empty on two attempts,Island Optics on Amazon,"Hi {{first_name}},

Saw you're exhibiting at FLIBS next month.

From what we can see, Island Optics doesn't have a brand presence on Amazon, and searches for polarized fishing sunglasses there go to the big names and to smaller brands that own their listings. Polarized sunglasses are one of the most searched marine categories on Amazon, and a Florida brand with real reviews behind it can rank there if the listings, content and advertising are built.

We recently helped a brand go from no Amazon presence to a $1M+ annual run rate within six months. We manage the channel end to end.

Is Amazon something you're looking at more seriously?

Yoni
",wrong match: sheet mapped to Optic Nerve storefront; SS_ numbers are Optic Nerve's; Island Optics not found; industry-level email,2026-09-25T16:49:03
1 - Confirmed on Amazon,FLIBS 2026,Jeanneau America,YES on Amazon (direct Amazon verification),,,,,,,https://www.amazon.com/dp/B07WMQBYKG,Jeanneau,,No (SmartScout monthly quota exhausted),,,Not checked,,Yes,No brand store found; sold by Amazon.com,Shredders Jeanneau,,Amazon (Vendor),Yes,,not found,,,,,,,,,,,,,,,,,,,,,"Not found; boat builder, only an unrelated listing under the name; industry-level email","No brand record on two attempts (Jeanneau, Jeanneau America); sheet listing sold by Amazon is unrelated",Jeanneau on Amazon,"Hi {{first_name}},

Saw you're exhibiting at FLIBS next month.

From what we can see, Jeanneau doesn't have a brand presence on Amazon, and the listings that come up under the name are unrelated. For a boat builder that's expected. Where Amazon does show up for brands like Jeanneau is branded gear and owner accessories, which owners search for by name after the purchase, and right now nothing under Jeanneau answers that.

We recently helped a brand go from no Amazon presence to a $1M+ annual run rate within six months. We manage the channel end to end.

Is Amazon something you're looking at more seriously?

Yoni
",no brand record on two attempts; industry-level email; weaker fit: boat builder,2026-09-25T16:49:03
"2 - Possible, verify",FLIBS 2026,Koenig Polish,"LISTED on Amazon, reseller / seller unclear (direct Amazon verification)",,,,,,,https://www.amazon.com/stores/Koenig+Polish/page/4CC04D6F-1730-444D-A668-992D6C32425B,Koenig Polish,,No (SmartScout monthly quota exhausted),,,Not checked,,Possible,Brand store; sold by Alubix,Koenig,https://www.amazon.com/stores/Koenig+Polish/page/4CC04D6F-1730-444D-A668-992D6C32425B,Third-party resellers,Yes,Koenig,close,Health & Household,All-Purpose Household Cleaners,1720,19661.99,1,69,4.2,40,1,,0,0.372,0.081,False,,"Koenig Spray Polish, Multipurpose Cleaner and Polish | B0067SECP8 | $1,720",Alubix: 100%,1,Third-party resellers,100,"One spray polish listing doing ~$1.7k a month, sold by Alubix rather than a Koenig account; no storefront showing; growing",Alubix 100%; monthly rev ~$1.7k; TTM ~$20k; 1 product; 69 reviews; rating 4.2; MoM +37%,Koenig Polish on Amazon,"Hi {{first_name}},

Saw you're exhibiting at FLIBS next month.

Looking at your listings, Koenig spray polish is on Amazon with a single listing doing about $1.7k a month, sold by a seller called Alubix rather than by you, with about 70 reviews at a 4.2 average. It's growing, so the demand is real. Marine metal and surface polish is a repeat purchase owners search for by name, and one listing owned by a reseller isn't a channel.

We recently helped a brand go from no Amazon presence to a $1M+ annual run rate within six months. We manage the channel end to end.

Is Amazon something you're looking at more seriously?

Yoni
",record is 'Koenig' (single spray polish listing); verify it is the exhibitor's product; sheet third-party (Alubix) confirmed,2026-09-25T16:49:03
"2 - Possible, verify",FLIBS 2026,KScott Art & Apparel,"LISTED on Amazon, reseller / seller unclear (direct Amazon verification)",,,,,,,https://www.amazon.com/dp/B0DBDPNQZR,KScott Art & Apparel,,No (SmartScout monthly quota exhausted),,,Not checked,,Possible,No brand store found; sold by CHAOS Fishing,K SCOTT,,Third-party resellers,Yes,,not found,,,,,,,,,,,,,,,,,,,,,Not found; art and apparel brand with a single listing sold by a fishing reseller,"No brand record on two attempts (K SCOTT, KScott); sheet: listing sold by CHAOS Fishing",KScott on Amazon,"Hi {{first_name}},

Saw you're exhibiting at FLIBS next month.

Looking at your listings, KScott has a single listing on Amazon sold by a fishing reseller rather than by you, and it isn't registering measurable sales in public marketplace data. For an art and apparel brand that sells at shows, Amazon is where the people who saw the work go to find it again, and right now a reseller is the only thing there for them to find.

We recently helped a brand go from no Amazon presence to a $1M+ annual run rate within six months. We manage the channel end to end.

Is Amazon something you're looking at more seriously?

Yoni
",no brand record on two attempts; industry-level email; sheet third-party (CHAOS Fishing),2026-09-25T16:49:03
1 - Confirmed on Amazon,FLIBS 2026,LaPorte Products,YES on Amazon (direct Amazon verification),,,,,,,https://www.amazon.com/dp/B0DLVKTK43,LaPorte,,No (SmartScout monthly quota exhausted),,,Not checked,,Yes,No brand store found; sold by Amazon.com,Laporte Pennsylvania T-Shirts & Sweatshirts,,Amazon (Vendor),Yes,,not found,,,,,,,,,,,,,,,,,,,,,Not found; sheet listing is an unrelated print-on-demand shirt; industry-level email,"No brand record on two attempts (LaPorte Products, LaPorte); sheet listing is a Laporte, Pennsylvania novelty shirt",LaPorte Products on Amazon,"Hi {{first_name}},

Saw you're exhibiting at FLIBS next month.

From what we can see, LaPorte Products doesn't have a brand presence on Amazon, and the only listing tied to the name is an unrelated novelty shirt. For a marine products company that's a gap, since boat owners research on Amazon before they buy, even when they end up buying through a dealer, and nothing under LaPorte is there for them to find.

We recently helped a brand go from no Amazon presence to a $1M+ annual run rate within six months. We manage the channel end to end.

Is Amazon something you're looking at more seriously?

Yoni
",no brand record on two attempts; sheet listing unrelated; industry-level email; exhibitor product line unclear,2026-09-25T16:49:03
"2 - Possible, verify",FLIBS 2026,Leak Stop Gun,"LISTED on Amazon, reseller / seller unclear (direct Amazon verification)",,,,,,,https://www.amazon.com/stores/LeakSaver/page/132B44A5-BE79-4E06-9F43-38AE6AE9E6E6,Leak Stop Gun,,No (SmartScout monthly quota exhausted),,,Not checked,,Possible,Brand store; sold by UDirect,Leak Saver,https://www.amazon.com/stores/LeakSaver/page/132B44A5-BE79-4E06-9F43-38AE6AE9E6E6,Third-party resellers,Yes,Leak Saver,wrong match,,,,,,,,,,,,,,,,,,,,,Wrong match; sheet mapped exhibitor to the unrelated Leak Saver HVAC brand; no data for Leak Stop Gun,"'Leak Saver' record (~$844k/mo, UDirect) is an HVAC products brand; 'Leak Stop Gun' returned empty on two attempts",Leak Stop Gun on Amazon,"Hi {{first_name}},

Saw you're exhibiting at FLIBS next month.

From what we can see, Leak Stop Gun doesn't have a brand presence on Amazon, and searches for the name land on an unrelated HVAC leak sealer brand that does serious volume there. That's a useful comparison, since it shows how big the search for leak repair products is. A single well-built listing with the right content, reviews and advertising can own the marine side of that search.

We recently helped a brand go from no Amazon presence to a $1M+ annual run rate within six months. We manage the channel end to end.

Is Amazon something you're looking at more seriously?

Yoni
",wrong match: sheet mapped to Leak Saver storefront; SS_ numbers are Leak Saver's; Leak Stop Gun not found; industry-level email,2026-09-25T16:49:03
"2 - Possible, verify",FLIBS 2026,Life League Gear | Lobster League,"LISTED on Amazon, reseller / seller unclear (direct Amazon verification)",,,,,,,https://www.amazon.com/stores/LobsterLeague/page/B4736BB9-D0A4-42D2-8A00-BB0A710DD41F,Life League Gear,,No (SmartScout monthly quota exhausted),,,Not checked,,Possible,Brand store; sold by Lobster League Company,Life League Gear,https://www.amazon.com/stores/LobsterLeague/page/B4736BB9-D0A4-42D2-8A00-BB0A710DD41F,Third-party resellers,Yes,,not found,,,,,,,,,,,,,,,,,,,,,Not found; combined exhibitor; Lobster League record has no active products,No brand record for Life League Gear on two attempts; 'Lobster League' record has 0 active products; sheet: Lobster League storefront sold by Lobster League Company,Life League Gear on Amazon,"Hi {{first_name}},

Saw you're exhibiting at FLIBS next month.

From what we can see, Life League Gear and Lobster League have a storefront on Amazon, but the listings aren't registering measurable sales in public marketplace data. Lobster season gear and dive apparel get searched by name on Amazon in the weeks before the season, and a storefront that isn't run for content, advertising and reviews mostly misses that window.

We recently helped a brand go from no Amazon presence to a $1M+ annual run rate within six months. We manage the channel end to end.

Is Amazon something you're looking at more seriously?

Yoni
",combined exhibitor name; queried Life League Gear (first brand) and Lobster League; both empty; industry-level email,2026-09-25T16:49:03
"2 - Possible, verify",FLIBS 2026,"Lowrance, Simrad, B&G","LISTED on Amazon, reseller / seller unclear (direct Amazon verification)",,,,,,,https://www.amazon.com/dp/B082VLYHKX,"Lowrance, Simrad, B&G",,No (SmartScout monthly quota exhausted),,,Not checked,,Possible,No brand store found; seller not shown; name from Amazon search label,Simrad,,Unknown,Yes,Lowrance,exact,Electronics,Fish Finders & Depth Finders,1646105.18,23314497.85,211,22710,4.44,578.57,6.93,,40.7,-0.085,0.561,True,https://www.amazon.com/stores/Lowrance/page/352C377F-7EA7-4EB1-A090-EC3D50B093C8,"Lowrance Elite FS 9 Fish Finder with Active Imaging 3-in-1 | B08NPBX9D5 | $125,001; Lowrance HDS PRO 10 Fish Finder | B0C954XDSV | $100,758; Lowrance Eagle Eye 9 Live Sonar Fish Finder | B0DDWFQ393 | $88,437; Lowrance Elite FS 12 Fish Finder, No Transducer | B0DLS4SX26 | $68,321; Lowrance Elite FS 12 Fish Finder with Active Imaging 3-in-1 | B0DLRY8DQY | $62,778",Amazon.com: 40.7%; Max n Company LLC: 8.9%; CE Showroom: 8.2%; ShipSound: 6.3%; BeachAudio: 5.3%,6,Mixed,32.7,"Very large; Amazon 1P ~41% and a long tail of dealers (Max n Company, CE Showroom, ShipSound) on the rest; Simrad shows the same pattern; narrow reseller-layer ask",Lowrance: Amazon.com 40.7%; Max n Company 8.9%; CE Showroom 8.2%; ShipSound 6.3%; monthly rev ~$1.65M; 211 products; 12M MoM +56%. Simrad: Amazon.com 32.8%; CE Showroom 15.2%; Trumbull Supply 10.9%; monthly rev ~$614k,Lowrance and Simrad reseller layer on Amazon,"Hi {{first_name}},

Saw you're exhibiting at FLIBS next month.

From what we can see, Lowrance does about $1.6M a month on Amazon and Simrad around $600k, with Amazon itself selling roughly 40% of Lowrance and a third of Simrad. The rest runs through dealers like CE Showroom, ShipSound and Max n Company on the same Elite FS and NSS listings. I know Navico has an Amazon team. This is a narrow point about the third-party layer on your top units.

We manage Amazon for brands end to end, including strategy, content, advertising, inventory and operations.

Open to a 20 minute look at the reseller layer across the three brands?

Yoni
","combined exhibitor name; queried Lowrance (first brand) and Simrad; B&G not queried; SS_ columns hold Lowrance data; sheet sold_by Unknown; fresh data shows Mixed; very large brand, narrow ask",2026-09-25T16:49:03
"2 - Possible, verify",FLIBS 2026,Mabru,"LISTED on Amazon, reseller / seller unclear (direct Amazon verification)",,,,,,,https://www.amazon.com/dp/2951091583,Mabru,,No (SmartScout monthly quota exhausted),,,Not checked,,Possible,No brand store found; seller not shown; name from Amazon search label,Mabru,,Unknown,Yes,,not found,,,,,,,,,,,,,,,,,,,,,Not found; marine AC and watermaker brand with an unrelated listing under the name,"No brand record on two attempts (Mabru, Mabru Power Systems); sheet listing is a book ISBN",Mabru on Amazon,"Hi {{first_name}},

Saw you're exhibiting at FLIBS next month.

From what we can see, Mabru doesn't have a brand presence on Amazon, and the only listing tied to the name is unrelated. For marine air conditioning and watermakers sold through installers that's understandable. Where Amazon tends to matter for brands like yours is filters, pumps and service parts that owners and techs search for by part number, and nothing under Mabru answers that.

We recently helped a brand go from no Amazon presence to a $1M+ annual run rate within six months. We manage the channel end to end.

Is Amazon something you're looking at for the parts side?

Yoni
",no brand record on two attempts; industry-level email; weaker fit: installer-led equipment,2026-09-25T16:49:03
"2 - Possible, verify",FLIBS 2026,Merle Wood & Associates,"LISTED on Amazon, reseller / seller unclear (direct Amazon verification)",,,,,,,https://www.amazon.com/dp/B08B51PKGR,Merle Wood &,,No (SmartScout monthly quota exhausted),,,Not checked,,Possible,No brand store found; sold by PRO-SELECT,Merle Norman,,Third-party resellers,Yes,,wrong match,,,,,,,,,,,,,,,,,,,,,"Not found; yacht brokerage, sheet mapped to unrelated Merle Norman cosmetics; weak fit","No brand record; sheet listing is Merle Norman cosmetics, unrelated",Merle Wood on Amazon,"Hi {{first_name}},

Saw you're exhibiting at FLIBS next month.

From what we can see, Merle Wood doesn't have a presence on Amazon, and searches for the name land on an unrelated cosmetics brand. For a yacht brokerage that's expected, and Amazon isn't really the point. If there's ever a branded gear or client gifting side to the business, that's the one place Amazon comes up for firms like yours.

We recently helped a brand go from no Amazon presence to a $1M+ annual run rate within six months. We manage the channel end to end.

Is there a branded gear side where Amazon comes up?

Yoni
",no brand record; sheet mapped to unrelated Merle Norman listing; industry-level email; weaker fit: yacht brokerage,2026-09-25T16:49:03
"2 - Possible, verify",FLIBS 2026,"Novurania of America, Inc.","LISTED on Amazon, reseller / seller unclear (direct Amazon verification)",,,,,,,https://www.amazon.com/dp/B0HJ2DVTRH,Novurania,,No (SmartScout monthly quota exhausted),,,Not checked,,Possible,No brand store found; seller not shown; name from Amazon search label,Inflatable Boat Cover for Novurania Chase 31 2004–Present,,Unknown,Yes,,not found,,,,,,,,,,,,,,,,,,,,,"Not found; RIB builder, only a third-party cover listing under the name; industry-level email","No brand record on two attempts (Novurania, Novurania of America); sheet listing is a third-party boat cover for a Novurania model",Novurania on Amazon,"Hi {{first_name}},

Saw you're exhibiting at FLIBS next month.

From what we can see, Novurania doesn't have a brand presence on Amazon, and the only listing under the name is a third-party cover made to fit one of your tenders. That's a small tell: someone else is selling to Novurania owners on Amazon by name, and the brand isn't. Covers, accessories and branded gear are where Amazon shows up for tender builders.

We recently helped a brand go from no Amazon presence to a $1M+ annual run rate within six months. We manage the channel end to end.

Is Amazon something you're looking at more seriously?

Yoni
",no brand record on two attempts; industry-level email; weaker fit: boat builder,2026-09-25T16:49:03
"2 - Possible, verify",FLIBS 2026,Ocean Alexander,"LISTED on Amazon, reseller / seller unclear (direct Amazon verification)",,,,,,,https://www.amazon.com/dp/B0HDS7TYJW,Ocean Alexander,,No (SmartScout monthly quota exhausted),,,Not checked,,Possible,No brand store found; seller not shown; name from Amazon search label,Ocean,,Unknown,Yes,,not found,,,,,,,,,,,,,,,,,,,,,"Not found; yacht builder, sheet mapped to a generic 'Ocean' listing; industry-level email","No brand record on two attempts (Ocean Alexander, Ocean Alexander Yachts); sheet brand name 'Ocean' is unrelated",Ocean Alexander on Amazon,"Hi {{first_name}},

Saw you're exhibiting at FLIBS next month.

From what we can see, Ocean Alexander doesn't have a brand presence on Amazon, and searches for the name land on unrelated listings. For a yacht builder that's expected. Where Amazon does show up for brands like Ocean Alexander is branded apparel, gear and owner accessories, which owners and crew search for by name, and nothing under the brand answers that today.

We recently helped a brand go from no Amazon presence to a $1M+ annual run rate within six months. We manage the channel end to end.

Is Amazon something you're looking at more seriously?

Yoni
",no brand record on two attempts; sheet brand name 'Ocean' unrelated; industry-level email; weaker fit: yacht builder,2026-09-25T16:49:03
1 - Confirmed on Amazon,FLIBS 2026,Ocean-Tamer Inc.,YES on Amazon (direct Amazon verification),,,,,,,https://www.amazon.com/stores/Ocean-Tamer/page/B3AAAB48-5D06-487C-860F-E8F95D543948,Ocean-Tamer,,No (SmartScout monthly quota exhausted),,,Not checked,,Yes,Brand store; sold by Ocean-Tamer Inc.,Ocean-Tamer,https://www.amazon.com/stores/Ocean-Tamer/page/B3AAAB48-5D06-487C-860F-E8F95D543948,Brand (Seller Central),Yes,Ocean-Tamer,exact,Home & Kitchen,Bean Bag Chairs,1607.75,14869.59,15,90,4.59,178.94,0.93,,0,0,-0.851,False,,"Ocean-Tamer Wedge Boat Bean Bag Chair (Small, White/Seafoam) | B0DSZF7L7F | $179; Ocean-Tamer Wedge Boat Bean Bag Chair (Small, White/Gray) | B01LZBNFXF | $179; Ocean-Tamer Teardrop Boat Bean Bag Chair (Medium, White/Black) | B0DTYT26QC | $179; Ocean-Tamer Teardrop Boat Bean Bag Chair (Medium, White/Tan) | B0DTYZ4XDT | $179; Ocean-Tamer Teardrop Boat Bean Bag Chair (Medium, White/Navy) | B09RTB52CR | $179",Ocean-Tamer Inc.: 100%,1,Brand direct,0,"Tiny footprint: 15 listings, ~$1.6k a month, sold direct, down ~85% on the year; no storefront showing",Ocean-Tamer Inc. 100%; monthly rev ~$1.6k; TTM ~$15k; 15 products; 90 reviews; rating 4.59; 12M MoM -85%; storefront false,Ocean-Tamer on Amazon,"Hi {{first_name}},

Saw you're exhibiting at FLIBS next month.

Looking at your listings, Ocean-Tamer has 15 bean bag listings on Amazon, sold direct, doing under $2k a month combined and down sharply on the year, with about 90 reviews across the catalog. Marine bean bags are a name-driven search from boat owners, and a $180 product with a 4.6 rating should do far more than a couple of units per listing. Content, reviews and advertising are what's missing.

We manage Amazon for brands end to end, including strategy, content, advertising, inventory and operations.

Would it make sense to have a quick conversation about growing the channel?

Yoni
",sheet says brand store; fresh data shows no storefront,2026-09-25T16:49:03
1 - Confirmed on Amazon,FLIBS 2026,Ring Power Cox Marine,YES on Amazon (direct Amazon verification),,,,,,,https://www.amazon.com/stores/Ring/page/77B53039-540E-4816-BABB-49AA21285FCF,Ring Power Cox Marine,,No (SmartScout monthly quota exhausted),,,Not checked,,Yes,Brand store; sold by Amazon.com,Ring,https://www.amazon.com/stores/Ring/page/77B53039-540E-4816-BABB-49AA21285FCF,Amazon (Vendor),Yes,,wrong match,,,,,,,,,,,,,,,,,,,,,"Not found; dealer, sheet mapped to the unrelated Ring (Amazon) storefront; weak fit","No brand record on two attempts (Ring Power, Cox Marine); sheet storefront is Ring doorbells, unrelated",Cox Marine parts on Amazon,"Hi {{first_name}},

Saw you're exhibiting at FLIBS next month.

From what we can see, neither Ring Power nor Cox Marine has a brand presence on Amazon, and searches for Ring Power land on the Ring doorbell storefront. For a dealer that's expected. Where Amazon tends to matter for an engine line like Cox is filters, service kits and consumables owners search for by part number, and nothing under Cox Marine is there.

We recently helped a brand go from no Amazon presence to a $1M+ annual run rate within six months. We manage the channel end to end.

Is Amazon something you're looking at for the Cox parts side?

Yoni
",combined exhibitor name; queried Ring Power and Cox Marine; both empty; sheet mapped to unrelated Ring storefront; weaker fit: dealer,2026-09-25T16:49:03
1 - Confirmed on Amazon,FLIBS 2026,Rio Life Hats,YES on Amazon (direct Amazon verification),,,,,,,https://www.amazon.com/dp/B0HDH79KXK,Rio Life Hats,,No (SmartScout monthly quota exhausted),,,Not checked,,Yes,No brand store found; sold by Amazon.com,Rio Living The Rio Life Birthday Funny,,Amazon (Vendor),Yes,,not found,,,,,,,,,,,,,,,,,,,,,Not found; sheet listing is an unrelated novelty shirt; industry-level email,"No brand record on two attempts (Rio Life, Rio Life Hats); sheet listing is a print-on-demand birthday shirt",Rio Life Hats on Amazon,"Hi {{first_name}},

Saw you're exhibiting at FLIBS next month.

From what we can see, Rio Life Hats doesn't have a brand presence on Amazon, and the only listing tied to the name is an unrelated novelty shirt. Boat show hats get searched by name on Amazon by the people who picked one up at the show, and a brand storefront with a few well-built listings is a small way to catch that.

We recently helped a brand go from no Amazon presence to a $1M+ annual run rate within six months. We manage the channel end to end.

Is Amazon something you're looking at more seriously?

Yoni
",no brand record on two attempts; sheet listing unrelated; industry-level email,2026-09-25T16:49:03
"2 - Possible, verify",FLIBS 2026,RIVA Motorsports,"LISTED on Amazon, reseller / seller unclear (direct Amazon verification)",,,,,,,https://www.amazon.com/dp/B00IN6S0SM,RIVA Motorsports,,No (SmartScout monthly quota exhausted),,,Not checked,,Possible,No brand store found; sold by Purely Power Sports,Riva Racing,,Third-party resellers,Yes,Riva Racing,exact,Automotive,Powersports Air Filters,1394.9,1606.88,2,78,4.35,205.74,1,,0,,-0.632,False,,"RIVA Yamaha SVHO/SHO/HO Replacement Performance Air Filter | B07TLNHC5X | $1,395; RIVA SEA-DOO 300 2018+ Speed Control Override Module | B07MZHHNSL | $0",A and D Discount Performance: 73.7%; PWC Parts: 26.3%; oemcycles: 0%,3,Third-party resellers,100.0,"Barely on Amazon: two listings, one air filter selling ~$1.4k a month, sold by resellers (A and D Discount Performance, PWC Parts); no brand account or storefront",A and D Discount Performance 73.7%; PWC Parts 26.3%; monthly rev ~$1.4k; 2 products; 78 reviews; rating 4.35,RIVA Racing parts on Amazon,"Hi {{first_name}},

Saw you're exhibiting at FLIBS next month.

Looking at your listings, RIVA has two listings on Amazon, one Yamaha air filter doing about $1.4k a month, sold by resellers like A and D Discount Performance and PWC Parts rather than a RIVA account, and no brand storefront. For the catalog RIVA carries in PWC performance parts, that's close to nothing. Riders search Amazon by part and model name, and that demand is going to whoever lists first.

We manage Amazon for brands end to end, including strategy, content, advertising, inventory and operations.

Is Amazon something you're looking at for the parts catalog?

Yoni
",sheet third-party (Purely Power Sports) confirmed,2026-09-25T16:49:03
"2 - Possible, verify",FLIBS 2026,Seaward Automation,"LISTED on Amazon, reseller / seller unclear (direct Amazon verification)",,,,,,,https://www.amazon.com/dp/B076CBM9RV,Seaward Automation,,No (SmartScout monthly quota exhausted),,,Not checked,,Possible,No brand store found; sold by Neobits_,Seaward,,Third-party resellers,Yes,Seaward,not found,,,,,,,,,,,,,,,,,,,,,"Not found; automation company, record has no active products; weak fit",'Seaward' record has 0 active products; 'Seaward Automation' returned empty; sheet listing sold by Neobits is unrelated,Seaward Automation on Amazon,"Hi {{first_name}},

Saw you're exhibiting at FLIBS next month.

From what we can see, Seaward Automation doesn't have a brand presence on Amazon, and the listing tied to the name is unrelated. For a marine automation and control company selling through builders and integrators that's expected. If there's a retail-facing product in the line, panels, sensors or accessories owners buy themselves, that's where Amazon would start to matter.

We recently helped a brand go from no Amazon presence to a $1M+ annual run rate within six months. We manage the channel end to end.

Is there a retail-facing product where Amazon comes up?

Yoni
",brand record returned 0 active products on two attempts; industry-level email; weaker fit: B2B automation,2026-09-25T16:49:03
"2 - Possible, verify",FLIBS 2026,Seawater Pro,"LISTED on Amazon, reseller / seller unclear (direct Amazon verification)",,,,,,,https://www.amazon.com/dp/B003SNL91A,Seawater Pro,,No (SmartScout monthly quota exhausted),,,Not checked,,Possible,No brand store found; sold by Petco Supplies,Nutri-Seawater,,Third-party resellers,Yes,,wrong match,,,,,,,,,,,,,,,,,,,,,"Not found; watermaker brand, sheet mapped to unrelated aquarium salt listing; industry-level email","No brand record on two attempts (Seawater Pro, SeaWater Pro); sheet listing is Nutri-Seawater aquarium product sold by Petco",Seawater Pro on Amazon,"Hi {{first_name}},

Saw you're exhibiting at FLIBS next month.

From what we can see, Seawater Pro doesn't have a brand presence on Amazon, and searches for the name land on an unrelated aquarium product. For a watermaker brand that sells direct online, Amazon is where a second set of buyers looks first, and the membranes, filters and pre-filters owners reorder are exactly the kind of product that does well there.

We recently helped a brand go from no Amazon presence to a $1M+ annual run rate within six months. We manage the channel end to end.

Is Amazon something you're looking at for the filters and parts side?

Yoni
",no brand record on two attempts; sheet listing unrelated; industry-level email,2026-09-25T16:49:03
"2 - Possible, verify",FLIBS 2026,Secured Safety Solutions,"LISTED on Amazon, reseller / seller unclear (direct Amazon verification)",,,,,,,https://www.amazon.com/stores/Secure/page/A308BBA3-C7AC-45F0-AC64-43DFD08FA9FE,Secured Safety Solutions,,No (SmartScout monthly quota exhausted),,,Not checked,,Possible,Brand store; sold by Personal Safety Corporation,Secure Safety Solutions,https://www.amazon.com/stores/Secure/page/A308BBA3-C7AC-45F0-AC64-43DFD08FA9FE,Third-party resellers,Yes,Secure Safety Solutions,wrong match,,,,,,,,,,,,,,,,,,,,,Wrong match; sheet mapped exhibitor to the unrelated Secure Safety Solutions healthcare brand; no data for the exhibitor,"'Secure Safety Solutions' record (~$33k/mo, Personal Safety Corporation) is a healthcare safety brand; exhibitor is a marine safety company",Secured Safety Solutions on Amazon,"Hi {{first_name}},

Saw you're exhibiting at FLIBS next month.

From what we can see, Secured Safety Solutions doesn't have a brand presence on Amazon, and searches for a similar name land on an unrelated healthcare safety brand. For a marine safety company that's a gap worth knowing about, since boat owners research safety gear on Amazon before they buy, and right now the name is pointing them somewhere else.

We recently helped a brand go from no Amazon presence to a $1M+ annual run rate within six months. We manage the channel end to end.

Is Amazon something you're looking at more seriously?

Yoni
",wrong match: sheet mapped to Secure Safety Solutions (Personal Safety Corporation) storefront; SS_ numbers are that brand's; industry-level email; exhibitor product line unclear,2026-09-25T16:49:03
1 - Confirmed on Amazon,FLIBS 2026,Sessa International S.R.L.,YES on Amazon (direct Amazon verification),,,,,,,https://www.amazon.com/stores/SessaSyrups/page/642B5587-79ED-4120-8C96-9DE71E1F4B14,Sessa,,No (SmartScout monthly quota exhausted),,,Not checked,,Yes,Brand store; sold by Sessa Syrups,Sessa Syrups,https://www.amazon.com/stores/SessaSyrups/page/642B5587-79ED-4120-8C96-9DE71E1F4B14,Brand (Seller Central),Yes,Sessa Syrups,wrong match,,,,,,,,,,,,,,,,,,,,,Wrong match; boat builder matched in the sheet to the unrelated Sessa Syrups brand; industry-level email,'Sessa Syrups' record (~$2.2k/mo) is unrelated; 'Sessa Marine' returned empty,Sessa Marine on Amazon,"Hi {{first_name}},

Saw you're exhibiting at FLIBS next month.

From what we can see, Sessa Marine doesn't have a brand presence on Amazon, and searches for the name land on an unrelated syrup brand. For a boat builder that's expected. Where Amazon does show up for brands like Sessa is branded apparel, gear and owner accessories, which owners search for by name, and nothing under the brand answers that today.

We recently helped a brand go from no Amazon presence to a $1M+ annual run rate within six months. We manage the channel end to end.

Is Amazon something you're looking at more seriously?

Yoni
",wrong match: sheet mapped to Sessa Syrups storefront; SS_ numbers are Sessa Syrups'; Sessa Marine not found; weaker fit: boat builder,2026-09-25T16:49:03
"2 - Possible, verify",FLIBS 2026,Shadow-Caster LED Lighting,"LISTED on Amazon, reseller / seller unclear (direct Amazon verification)",,,,,,,https://www.amazon.com/stores/Shadow-CasterLEDLighting/page/C08B9953-D83D-4D1F-8D34-764D16844A24,Shadow-Caster LED Lighting,,No (SmartScout monthly quota exhausted),,,Not checked,,Possible,Brand store; sold by Autoplicity ✅,shadow-caster,https://www.amazon.com/stores/Shadow-CasterLEDLighting/page/C08B9953-D83D-4D1F-8D34-764D16844A24,Third-party resellers,Yes,shadow-caster,exact,Camera & Photo,Underwater Continuous Lights,103568.18,1463428.08,10,6,3.9,439.6,25.2,,0.2,-0.191,7.277,True,https://www.amazon.com/stores/Shadow-CasterLEDLighting/page/C08B9953-D83D-4D1F-8D34-764D16844A24,"shadow-caster SCR-24 LED Underwater Boat Light, Color-Changing RGBW, Bronze | B072FPMZ9N | $88,778; Shadow-Caster SCR-24 Bronze Underwater Light, Great White | B071NVCNYL | $14,790; shadow-caster SCM-6 LED Underwater Boat Light, Ultra Blue | B01LROFFAM | $0; shadow-caster SCR-24 LED Underwater Boat Light, Dual Color Blue/White | B072F7M4FW | $0; shadow-caster SCR-24 LED Underwater Boat Light, Bimini Blue | B0711HZ6S7 | $0",Autoplicity: 85.1%; 4Wheel Online: 10.5%; NFS LLC: 2.9%; Nivi Stores Inc.: 1.3%; Amazon.com: 0.2%,6,Third-party resellers,99.8,"Sold entirely by resellers (Autoplicity 85%, 4Wheel Online 11%); ~$104k a month on one listing; six reviews across the catalog at a 3.9 rating",Autoplicity 85.1%; 4Wheel Online 10.5%; NFS LLC 2.9%; monthly rev ~$104k; 10 products; 6 reviews; rating 3.9; SCR-24 RGBW ~$89k/mo; 12M MoM +728%,Who sells Shadow-Caster on Amazon,"Hi {{first_name}},

Saw you're exhibiting at FLIBS next month.

Looking at your listings, Shadow-Caster underwater lights are doing about $100k a month on Amazon, almost all of it on the SCR-24 color-changing listing, and all of it through resellers like Autoplicity and 4Wheel Online rather than a Shadow-Caster account. There are six reviews across the whole catalog at a 3.9 rating. That's a $440 product moving on brand name alone, with nobody managing content, reviews or price.

We manage Amazon for brands end to end, including strategy, content, advertising, inventory and operations.

Would it make sense to have a quick conversation about owning the channel directly?

Yoni
",sheet third-party (Autoplicity) confirmed,2026-09-25T16:49:03
"2 - Possible, verify",FLIBS 2026,Sharrow Marine,"LISTED on Amazon, reseller / seller unclear (direct Amazon verification)",,,,,,,https://www.amazon.com/stores/SHARROW/page/1A973578-D4B3-4430-87C4-D7D1C993EEBB,Sharrow Marine,,No (SmartScout monthly quota exhausted),,,Not checked,,Possible,Brand store; sold by NGL Store,SHARROW,https://www.amazon.com/stores/SHARROW/page/1A973578-D4B3-4430-87C4-D7D1C993EEBB,Third-party resellers,Yes,SHARROW,wrong match,,,,,,,,,,,,,,,,,,,,,Wrong match; 'SHARROW' on Amazon is an archery brand; no data for Sharrow Marine propellers,'SHARROW' record is archery arrows (~$12k/mo); 'Sharrow Marine' returned empty; sheet storefront is the archery brand,Sharrow Marine on Amazon,"Hi {{first_name}},

Saw you're exhibiting at FLIBS next month.

From what we can see, Sharrow Marine doesn't have a brand presence on Amazon, and searches for the name land on an unrelated archery brand. For a propeller sold through dealers that's expected. The name does get searched, though, since boat owners research on Amazon before they buy, and right now the search is answered by someone else entirely.

We recently helped a brand go from no Amazon presence to a $1M+ annual run rate within six months. We manage the channel end to end.

Is owning the Sharrow name on Amazon something you've looked at?

Yoni
",wrong match: 'SHARROW' matched an archery brand; sheet storefront is the same unrelated brand; Sharrow Marine not found; weaker fit: dealer-led premium product,2026-09-25T16:49:03
1 - Confirmed on Amazon,FLIBS 2026,Signal Marine,YES on Amazon (direct Amazon verification),,,,,,,https://www.amazon.com/stores/SiriusSignal/page/B571B99C-08D0-4977-BE03-84F9C58C0A10,Signal Marine,,No (SmartScout monthly quota exhausted),,,Not checked,,Yes,Brand store; sold by Sirius Signal,SIRIUS SIGNAL FOR LIFE,https://www.amazon.com/stores/SiriusSignal/page/B571B99C-08D0-4977-BE03-84F9C58C0A10,Brand (Seller Central),Yes,SIRIUS SIGNAL FOR LIFE,exact,Sports & Outdoors,Boat Strobe & Safety Lights,126972.91,1649251.87,8,3095,4.5,123.96,1,Sirius Signal,0,-0.3,-0.186,True,https://www.amazon.com/stores/SiriusSignal/page/B571B99C-08D0-4977-BE03-84F9C58C0A10,"Sirius Signal C-1003 SOS LED Distress Signal, USCG Approved | B081GHJ9XC | $55,572; Sirius Signal MK-1001 Boating Safety Hard Case Kit | B0G3YFQ6VX | $20,314; Sirius Signal SB-3L Boating Safety Dry Bag Kit | B0C1HHT1BQ | $19,494; Sirius Signal C-1002 SOS LED Distress Signal, 2-Color + IR | B084T76STL | $11,758; Sirius Signal C-1004 SOS LED Distress Signal, White + IR | B0B33R9FCZ | $9,895",Sirius Signal: 100%,1,Brand direct,0,"Strong brand-direct position (~$127k a month) but down ~30% month and ~19% on the year; eight listings, 3,000 reviews","Sirius Signal 100%; monthly rev ~$127k; 8 products; 3,095 reviews; rating 4.5; MoM -30%; 12M MoM -19%; C-1003 ~$56k/mo",Sirius Signal on Amazon,"Hi {{first_name}},

Saw you're exhibiting at FLIBS next month.

Looking at your listings, Sirius Signal is doing about $130k a month on Amazon through your own account, with the C-1003 distress signal carrying close to half of it and 3,000 reviews behind the catalog. That's a strong position. The trend is the issue: down about 30% on the month and close to 20% on the year, and with only eight listings that usually traces to ranking and advertising on one or two of them.

We manage Amazon for brands end to end, including strategy, content, advertising, inventory and operations.

Open to a 20 minute look at where the decline is coming from?

Yoni
","sheet Brand (Seller Central) confirmed; exhibitor listed as Signal Marine, brand is Sirius Signal",2026-09-25T16:55:20
1 - Confirmed on Amazon,FLIBS 2026,Silwy Magnetic Drink & Tableware,YES on Amazon (direct Amazon verification),,,,,,,https://www.amazon.com/stores/silwy/page/6DFA932F-7C97-4B8D-968F-8B6EA4DC17D7,Silwy Magnetic Drink & Tableware,,No (SmartScout monthly quota exhausted),,,Not checked,,Yes,Brand store; sold by Amazon.com,silwy,https://www.amazon.com/stores/silwy/page/6DFA932F-7C97-4B8D-968F-8B6EA4DC17D7,Amazon (Vendor),Yes,silwy,exact,Industrial & Scientific,Lift Magnets,115.53,413.2,1,107,4.5,38.51,6,,0,-0.015,,False,,Power Magnets SILWY | B09LZ5HLXD | $116,4Wheel Online: 100%,1,Third-party resellers,100,Effectively not on Amazon: one magnet listing sold by a reseller at about $100 a month; sheet's vendor storefront not reflected in fresh data,4Wheel Online 100%; monthly rev ~$115; 1 product; 107 reviews; rating 4.5,silwy on Amazon,"Hi {{first_name}},

Saw you're exhibiting at FLIBS next month.

Looking at your listings, silwy is on Amazon with a single magnet listing doing about $100 a month, sold by a reseller called 4Wheel Online rather than by you, and none of the drinkware or tableware shows up as selling. For a product built for boats, that's a category where Amazon search does real work, since owners look for magnetic glassware by name after seeing it aboard.

We recently helped a brand go from no Amazon presence to a $1M+ annual run rate within six months. We manage the channel end to end.

Is Amazon something you're looking at for the US market?

Yoni
","sheet says Amazon (Vendor) with brand store; fresh data shows one reseller listing only; trusting fresh, partial record",2026-09-25T16:55:20
"2 - Possible, verify",FLIBS 2026,SIMRAD by Kongsberg,"LISTED on Amazon, reseller / seller unclear (direct Amazon verification)",,,,,,,https://www.amazon.com/dp/B0CXWBHTF3,SIMRAD,,No (SmartScout monthly quota exhausted),,,Not checked,,Possible,No brand store found; seller not shown; name from Amazon search label,Simrad,,Unknown,Yes,Simrad,close,Electronics,Fish Finders & Depth Finders,613510.8,21149477.75,54,1344,4.28,1046.29,6.06,Amazon.com,32.8,-0.334,4.167,True,https://www.amazon.com/stores/Simrad/page/9C54859A-95AB-4907-9401-A679FFB693EB,"Simrad NSS12 Evo3S Chartplotter and Fishfinder | B09ZVS62VT | $93,083; Simrad NSS16 Evo3S Multifunction Fish Finder Chartplotter | B087X8KT7Y | $89,871; Simrad GO9 XSE Chartplotter with HALO20 Radar | B0CXW2L2N8 | $81,959; Simrad GO9 XSE Chartplotter and Fishfinder | B0CXWBHTF3 | $68,365; Simrad NSS9 evo3S Multifunction Fish Finder Chartplotter | B087X9QW95 | $63,691",Amazon.com: 32.8%; CE Showroom: 15.2%; Trumbull Supply LLC: 10.9%; Wishcoms: 6.2%; VERLINE: 5.7%,6,Mixed,42.6,"Simrad on Amazon is the Navico recreational line; Amazon 1P ~33%, dealers the rest; Kongsberg commercial line not visible; narrow ask",Cached Simrad record: Amazon.com 32.8%; CE Showroom 15.2%; Trumbull Supply 10.9%; monthly rev ~$614k; 54 products; MoM -33%; 12M MoM +417%,Simrad listings on Amazon,"Hi {{first_name}},

Saw you're exhibiting at FLIBS next month.

From what we can see, the Simrad name on Amazon is the recreational chartplotter and fish finder line, doing about $600k a month with Amazon selling a third and dealers like CE Showroom and Trumbull Supply the rest, and the professional side doesn't show up there at all. I know Kongsberg has people on distribution. This is a narrow point about whether the professional line should have any managed presence on Amazon.

We manage Amazon for brands end to end, including strategy, content, advertising, inventory and operations.

Open to a 20 minute look at how the professional line shows up on Amazon?

Yoni
","cached Simrad record reflects the Navico recreational brand, not the Kongsberg professional division; sheet sold_by Unknown; fresh data shows Mixed; weaker fit: commercial marine electronics",2026-09-25T16:55:20
"2 - Possible, verify",FLIBS 2026,"Smith Sport Optics, Inc.","LISTED on Amazon, reseller / seller unclear (direct Amazon verification)",,,,,,,https://www.amazon.com/stores/SMITH/page/183BA50E-73C9-490A-8FCC-EFFBF128050B,Smith Sport Optics,,No (SmartScout monthly quota exhausted),,,Not checked,,Possible,Brand store; sold by Pure luxury,SMITH,https://www.amazon.com/stores/SMITH/page/183BA50E-73C9-490A-8FCC-EFFBF128050B,Third-party resellers,Yes,Smith,close,Sports & Outdoors,Adult Bike Helmets,787728.04,23841801.99,1258,25846,4.42,165.33,1.3,,0.8,-0.163,-0.216,True,https://www.amazon.com/stores/SMITH/page/183BA50E-73C9-490A-8FCC-EFFBF128050B,"SMITH Jewelry Torch Outfit, The Little Torch (unrelated Smith Equipment) | B001DZIML0 | $22,860; SMITH Signal Cycling Helmet, White, Medium | B08134M14B | $21,185; SMITH Signal Cycling Helmet, Black, Medium | B07ZG9KW79 | $20,995; SMITH Signal Cycling Helmet, White, Large | B08139RV3P | $20,593; Fadeless Paper Roll (unrelated) | B078GXZ7CF | $15,990",SMITH OPTICS: 63.8%; Blu Sky: 4.6%; Torch And Welding Supply: 4.3%; Voadera: 2.6%; GSchool Supply: 2.1%,6,Mixed,15.4,"Very large; Smith Optics sells ~64% direct with ~36% through resellers (Blu Sky, Voadera, Pure luxury); down ~22% on the year; record mixed with unrelated Smith brands","SMITH OPTICS 63.8%; Blu Sky 4.6%; Torch And Welding Supply 4.3% (unrelated); Voadera 2.6%; Pure luxury 1.8%; monthly rev ~$788k; 1,258 products; 12M MoM -22%",Reseller layer on Smith listings,"Hi {{first_name}},

Saw you're exhibiting at FLIBS next month.

From what we can see, Smith does close to $800k a month on Amazon, with your own account selling about two thirds and resellers like Blu Sky, Voadera and Pure luxury taking a real share on the same sunglasses and helmet listings. The year looks to be down about 20%. I know Smith has an Amazon team. This is a narrow point about the reseller layer on the polarized fishing and marine styles specifically.

We manage Amazon for brands end to end, including strategy, content, advertising, inventory and operations.

Open to a 20 minute look at the reseller layer on the polarized line?

Yoni
","'Smith' record includes unrelated Smith brands (torches, paper); SS_ totals not fully brand-specific; sheet third-party (Pure luxury); fresh data shows Mixed with brand account at 64%; very large brand, narrow ask",2026-09-25T16:55:20
1 - Confirmed on Amazon,FLIBS 2026,SoFlo Customs / Apocalypse 6x6,YES on Amazon (direct Amazon verification),,,,,,,https://www.amazon.com/dp/B0FPDQR7Q5,SoFlo Customs,,No (SmartScout monthly quota exhausted),,,Not checked,,Yes,No brand store found; sold by SOFLO CUSTOM PARTS,SoFlo,,Brand (Seller Central),Yes,SoFlo Customs,not found,,,,,,,,,,,,,,,,,,,,,"Not found; record has no active products; custom vehicle builder, weak fit",'SoFlo Customs' record has 0 products; sheet: single listing sold by SOFLO CUSTOM PARTS,SoFlo Customs on Amazon,"Hi {{first_name}},

Saw you're exhibiting at FLIBS next month.

From what we can see, SoFlo Customs has a single parts listing on Amazon that isn't registering measurable sales in public marketplace data, and no brand storefront. For a custom vehicle builder that's expected, since the trucks aren't the Amazon product. The parts and branded gear are, and owners of your builds search for those by name.

We recently helped a brand go from no Amazon presence to a $1M+ annual run rate within six months. We manage the channel end to end.

Is Amazon something you're looking at for the parts and gear side?

Yoni
",combined exhibitor name; queried SoFlo (first brand); Apocalypse 6x6 not queried; brand record returned 0 products on two attempts; industry-level email; weaker fit: custom vehicle builder,2026-09-25T16:55:20
"2 - Possible, verify",FLIBS 2026,Spectra Watermakers/Katadyn Desalination,"LISTED on Amazon, reseller / seller unclear (direct Amazon verification)",,,,,,,https://www.amazon.com/stores/Spectra/page/1455F72B-9C51-4621-AF5D-9B75F412E662,Spectra Watermakers,,No (SmartScout monthly quota exhausted),,,Not checked,,Possible,Brand store; sold by Pattern.,SPECTRA,https://www.amazon.com/stores/Spectra/page/1455F72B-9C51-4621-AF5D-9B75F412E662,Third-party resellers,Yes,SPECTRA,wrong match,,,,,,,,,,,,,,,,,,,,,Wrong match; 'SPECTRA' on Amazon is Spectra Baby breast pumps (Pattern.); no data for Spectra Watermakers,"'SPECTRA' record (~$1.5M/mo, Pattern. 89%) is Spectra Baby; sheet storefront is the same unrelated brand; 'Spectra Watermakers' returned empty",Spectra Watermakers on Amazon,"Hi {{first_name}},

Saw you're exhibiting at FLIBS next month.

From what we can see, Spectra Watermakers doesn't have a brand presence on Amazon, and searches for the name land on an unrelated baby products brand that does serious volume there. For watermakers sold through installers that's expected. Where Amazon tends to matter is membranes, filters and service kits that owners reorder by part number, and nothing under Spectra answers that.

We recently helped a brand go from no Amazon presence to a $1M+ annual run rate within six months. We manage the channel end to end.

Is Amazon something you're looking at for the filters and parts side?

Yoni
",combined exhibitor name; queried SPECTRA (sheet brand) and Spectra Watermakers; Katadyn not queried; wrong match: SPECTRA record and sheet storefront are Spectra Baby; weaker fit: installer-led equipment,2026-09-25T16:55:20
1 - Confirmed on Amazon,FLIBS 2026,Star Blink Products,YES on Amazon (direct Amazon verification),,,,,,,https://www.amazon.com/stores/Blink/page/C5DECBBE-4F56-4C36-B933-E62144578691,Star Blink,,No (SmartScout monthly quota exhausted),,,Not checked,,Yes,Brand store; sold by Amazon.com,Blink,https://www.amazon.com/stores/Blink/page/C5DECBBE-4F56-4C36-B933-E62144578691,Amazon (Vendor),Yes,,wrong match,,,,,,,,,,,,,,,,,,,,,Not found; sheet mapped exhibitor to the Amazon-owned Blink camera storefront; industry-level email,"No brand record on two attempts (Star Blink, Star Blink Products); sheet storefront is Blink (Amazon), unrelated",Star Blink Products on Amazon,"Hi {{first_name}},

Saw you're exhibiting at FLIBS next month.

From what we can see, Star Blink Products doesn't have a brand presence on Amazon, and searches for the name land on Amazon's own Blink camera brand. That's a hard name to compete with in search, which makes a storefront and well-built listings under the full brand name more important, not less, since that's the only way the people who saw you at a show find you afterward.

We recently helped a brand go from no Amazon presence to a $1M+ annual run rate within six months. We manage the channel end to end.

Is Amazon something you're looking at more seriously?

Yoni
",no brand record on two attempts; sheet mapped to Amazon-owned Blink storefront; industry-level email; exhibitor product line unclear,2026-09-25T16:55:20
1 - Confirmed on Amazon,FLIBS 2026,Star Glow & Magic Bling,YES on Amazon (direct Amazon verification),,,,,,,https://www.amazon.com/stores/Ultra-GlowSuperStars/page/C57061BE-8500-4D58-9C4A-EF70216B0FB2,Star Glow & Magic Bling,,No (SmartScout monthly quota exhausted),,,Not checked,,Yes,Brand store; sold by Ultra-Glow Super Stars,Ultra-Glow Super Stars,https://www.amazon.com/stores/Ultra-GlowSuperStars/page/C57061BE-8500-4D58-9C4A-EF70216B0FB2,Brand (Seller Central),Yes,Ultra-Glow Super Stars,exact,Baby Products,Kids' & Baby Wall Stickers,51039.99,948274.05,3,25757,4.4,16.08,1,Ultra-Glow Super Stars,0,0.373,2.239,True,https://www.amazon.com/stores/Ultra-GlowSuperStars/page/C57061BE-8500-4D58-9C4A-EF70216B0FB2,"Glow in The Dark Stars, 200 Glowstars, Illumaglow2.0 | B0711T1VHS | $41,163; Glow in The Dark Stars, 200 Glowstars and Bonus Moon, Multi-Colored | B0D9JRVF7R | $9,877; Glow in the Dark Stars for Ceiling, 300 Count and 4 Bonus Moon Phases | B08GJLVSN7 | $0",Ultra-Glow Super Stars: 86.5%; Front Porch Products: 13.5%; KangarooManufacturing: 0%,3,Brand direct,13.5,"Brand sells ~86% direct on three listings doing ~$51k a month, up strongly on the year; one reseller (Front Porch Products) at ~14%","Ultra-Glow Super Stars 86.5%; Front Porch Products 13.5%; monthly rev ~$51k; 3 products; 25,757 reviews; rating 4.4; MoM +37%; 12M MoM +224%",Ultra-Glow Super Stars on Amazon,"Hi {{first_name}},

Saw you're exhibiting at FLIBS next month.

Looking at your listings, Ultra-Glow Super Stars is doing about $51k a month on Amazon, up sharply on the year, with the 200 star pack carrying it and over 25,000 reviews behind the catalog. Your own account sells about 86% of it, and a reseller called Front Porch Products takes the rest on the same listing. With three products doing that much, one reseller undercutting you on the hero listing is the thing to watch.

We manage Amazon for brands end to end, including strategy, content, advertising, inventory and operations.

Would it make sense to have a quick conversation before Q4?

Yoni
","sheet Brand (Seller Central) confirmed; exhibitor listed as Star Glow & Magic Bling, brand is Ultra-Glow Super Stars",2026-09-25T16:55:20
1 - Confirmed on Amazon,FLIBS 2026,Sterling Associates,YES on Amazon (direct Amazon verification),,,,,,,https://www.amazon.com/dp/B0GN3HSBTX,Sterling,,No (SmartScout monthly quota exhausted),,,Not checked,,Yes,No brand store found; sold by Amazon.com,Sterling,,Amazon (Vendor),Yes,,not found,,,,,,,,,,,,,,,,,,,,,"Not found; yacht brokerage, sheet mapped to a generic 'Sterling' listing; weak fit",No brand record; sheet brand name 'Sterling' sold by Amazon is unrelated,Sterling Associates on Amazon,"Hi {{first_name}},

Saw you're exhibiting at FLIBS next month.

From what we can see, Sterling Associates doesn't have a presence on Amazon, and searches for the name land on unrelated listings. For a yacht brokerage that's expected, and Amazon isn't really the point. If there's ever a branded gear or client gifting side to the business, that's the one place Amazon comes up for firms like yours.

We recently helped a brand go from no Amazon presence to a $1M+ annual run rate within six months. We manage the channel end to end.

Is there a branded gear side where Amazon comes up?

Yoni
",no brand record; sheet listing unrelated; industry-level email; weaker fit: yacht brokerage,2026-09-25T16:55:20
"2 - Possible, verify",FLIBS 2026,Teak Deck Companay,"LISTED on Amazon, reseller / seller unclear (direct Amazon verification)",,,,,,,https://www.amazon.com/stores/TEAKDECKINGSYSTEMS/page/50A60B1F-F86A-49C9-8A76-540628A5A630,Teak Deck Companay,,No (SmartScout monthly quota exhausted),,,Not checked,,Possible,Brand store; sold by Merritt Supply,Teakdecking Systems,https://www.amazon.com/stores/TEAKDECKINGSYSTEMS/page/50A60B1F-F86A-49C9-8A76-540628A5A630,Third-party resellers,Yes,Teakdecking Systems,wrong match,,,,,,,,,,,,,,,,,,,,,"Wrong match; sheet mapped exhibitor to the Teakdecking Systems storefront, a different company; industry-level email",Cached Teakdecking Systems record (~$6.4k/mo) belongs to a different exhibitor; no data for Teak Deck Company,Teak Deck Company on Amazon,"Hi {{first_name}},

Saw you're exhibiting at FLIBS next month.

From what we can see, Teak Deck Company doesn't have a brand presence on Amazon, and searches for teak deck products there land on Teakdecking Systems and the caulk and tool listings they and their resellers run. That's a competitor owning the search. Caulk, cleaners and small tools are what owners buy on Amazon, and a storefront under your name gets you in front of them.

We recently helped a brand go from no Amazon presence to a $1M+ annual run rate within six months. We manage the channel end to end.

Is Amazon something you're looking at more seriously?

Yoni
","wrong match: sheet mapped to Teakdecking Systems storefront (different company, row 284); SS_ numbers are Teakdecking Systems'; industry-level email",2026-09-25T16:55:20
1 - Confirmed on Amazon,FLIBS 2026,Tees By Bo,YES on Amazon (direct Amazon verification),,,,,,,https://www.amazon.com/dp/B096BQWDWZ,Tees By Bo,,No (SmartScout monthly quota exhausted),,,Not checked,,Yes,No brand store found; sold by Amazon.com,HebrewRootsTees,,Amazon (Vendor),Yes,,not found,,,,,,,,,,,,,,,,,,,,,Not found; sheet mapped exhibitor to an unrelated print-on-demand shirt; industry-level email,"No brand record on two attempts (Tees By Bo, HebrewRootsTees); sheet listing unrelated",Tees By Bo on Amazon,"Hi {{first_name}},

Saw you're exhibiting at FLIBS next month.

From what we can see, Tees By Bo doesn't have a brand presence on Amazon, and the only listing tied to the name is an unrelated print-on-demand shirt. Boat show apparel gets searched by name on Amazon by the people who saw it at the show, and a storefront with a few well-built listings is a small way to catch that.

We recently helped a brand go from no Amazon presence to a $1M+ annual run rate within six months. We manage the channel end to end.

Is Amazon something you're looking at more seriously?

Yoni
",no brand record on two attempts; sheet listing unrelated; industry-level email,2026-09-25T16:55:20
1 - Confirmed on Amazon,FLIBS 2026,TEKTITE SOSeFLARE,YES on Amazon (direct Amazon verification),,,,,,,https://www.amazon.com/stores/TEKTITETEKNA/page/4768C8F9-91F1-4C8A-9129-3C16C138FD91,TEKTITE SOSeFLARE,,No (SmartScout monthly quota exhausted),,,Not checked,,Yes,Brand store; sold by TEKTITE/TEKNA,TEKTITE,https://www.amazon.com/stores/TEKTITETEKNA/page/4768C8F9-91F1-4C8A-9129-3C16C138FD91,Brand (Seller Central),Yes,Tektite,exact,Sports & Outdoors,Boat Strobe & Safety Lights,37117.25,404719.24,3,184,4.37,69.34,1.67,,0,-0.432,0.361,False,,"SOSeFLARE 5 NO MORE FLARES, Electronic Boat Distress Flare | B0CY6JXXJT | $26,702; SOSeFLARE 5 NO MORE FLARES, Electronic Boat Distress Flare | B0CYCR3PRR | $9,093; SOSeFLARE 5 NO MORE FLARES, Electronic Boat Distress Flare | B0DKPXGYLB | $1,323",TEKTITE/TEKNA: 100%,1,Brand direct,0,"Brand direct on three SOSeFLARE listings (~$37k a month), up on the year but down ~43% this month; no storefront showing",TEKTITE/TEKNA 100%; monthly rev ~$37k; 3 products; 184 reviews; rating 4.37; MoM -43%; 12M MoM +36%; storefront false,SOSeFLARE on Amazon,"Hi {{first_name}},

Saw you're exhibiting at FLIBS next month.

Looking at your listings, the SOSeFLARE is doing about $37k a month on Amazon through your own account, up on the year, with the month down by about 40% as the season turns. There are under 200 reviews across three listings at a 4.4 average, and no brand storefront showing. Electronic flares are a category Sirius Signal is winning on Amazon with far more reviews, and that gap is closable.

We manage Amazon for brands end to end, including strategy, content, advertising, inventory and operations.

Open to a 20 minute look at the SOSeFLARE listings before next season?

Yoni
",sheet says brand store; fresh data shows no storefront; sheet Brand (Seller Central) confirmed,2026-09-25T16:55:20
"2 - Possible, verify",FLIBS 2026,Teledyne FLIR/Raymarine,"LISTED on Amazon, reseller / seller unclear (direct Amazon verification)",,,,,,,https://www.amazon.com/dp/B08D3YC5CW,Teledyne FLIR,,No (SmartScout monthly quota exhausted),,,Not checked,,Possible,No brand store found; seller not shown; name from Amazon search label,FLIR,,Unknown,Yes,FLIR,exact,Industrial & Scientific,Thermal Imagers,1444726.28,24418995.44,85,11118,4.25,1176.95,3.05,Amazon.com,2.4,-0.049,-0.235,False,,"Flir C5 Compact Thermal Imaging Camera | B0892MZZT1 | $150,065; Flir One Pro Thermal Imaging Camera for iOS | B0DPXWFD12 | $143,439; Flir TG165-X Thermal Imaging Camera | B08D3YC5CW | $119,390; Flir C8 Compact Thermal Imaging Camera | B0FMH37XL7 | $102,486; Flir E5 Pro Thermal Imaging Camera | B0CHTRRC58 | $95,571",Northwest Selling Solutions: 77.1%; Quick Direct: 3.3%; Amazon.com: 2.4%; Independent Brands: 2.2%; iBuyTec: 2.1%,6,Third-party resellers,86.4,"Combined exhibitor; FLIR runs ~77% through Northwest Selling Solutions; Raymarine sold entirely by marine dealers (PriceGrab, Prime Marine, Defender) and down ~40%; narrow ask on Raymarine",FLIR: Northwest Selling Solutions 77.1%; Amazon.com 2.4%; monthly rev ~$1.44M. Raymarine: PriceGrab 17.8%; Prime Marine 16.4%; Amazon.com 9.5%; Defender Marine 9.1%; monthly rev ~$85k; 115 products; MoM -40%; 12M MoM -30%,Raymarine listings on Amazon,"Hi {{first_name}},

Saw you're exhibiting at FLIBS next month.

From what we can see, FLIR does serious volume on Amazon through a single partner account, while Raymarine does about $85k a month spread across marine dealers like Prime Marine, Defender and PriceGrab, with no brand account and the trend down about 40% on the month and 30% on the year. I know Teledyne has an Amazon team. This is a narrow point about Raymarine specifically and who controls those listings.

We manage Amazon for brands end to end, including strategy, content, advertising, inventory and operations.

Open to a 20 minute look at the Raymarine side of Amazon?

Yoni
","combined exhibitor name; queried FLIR (first brand, SS_ columns) and Raymarine (in email); sheet sold_by Unknown; FLIR shows Third-party resellers (partner account), Raymarine dealers; very large brand, narrow ask",2026-09-25T16:55:20
1 - Confirmed on Amazon,FLIBS 2026,Titan Marine Air,YES on Amazon (direct Amazon verification),,,,,,,https://www.amazon.com/stores/TITAN/page/736B0032-FF8D-4B25-B76A-A2F1865A5971,Titan Marine Air,,No (SmartScout monthly quota exhausted),,,Not checked,,Yes,Brand store; sold by TITAN Technology,TITAN,https://www.amazon.com/stores/TITAN/page/736B0032-FF8D-4B25-B76A-A2F1865A5971,Brand (Seller Central),Yes,TITAN,wrong match,,,,,,,,,,,,,,,,,,,,,Wrong match; 'TITAN' on Amazon is a mixed generic brand record; no data for Titan Marine Air,"'TITAN' record (~$797k/mo, garden hoses and mixed products) is unrelated; 'Titan Marine Air' returned empty; sheet storefront is the generic TITAN brand",Titan Marine Air on Amazon,"Hi {{first_name}},

Saw you're exhibiting at FLIBS next month.

From what we can see, Titan Marine Air doesn't have a brand presence on Amazon, and searches for the name land on a generic Titan brand that sells everything from hoses to tools. For marine air conditioning sold through installers that's expected. Where Amazon tends to matter is filters, pumps and service parts that owners and techs search for by part number.

We recently helped a brand go from no Amazon presence to a $1M+ annual run rate within six months. We manage the channel end to end.

Is Amazon something you're looking at for the parts side?

Yoni
",wrong match: 'TITAN' record and sheet storefront are a generic unrelated brand; Titan Marine Air not found; weaker fit: installer-led equipment,2026-09-25T16:55:20
1 - Confirmed on Amazon,FLIBS 2026,Tormenter,YES on Amazon (direct Amazon verification),,,,,,,https://www.amazon.com/stores/Tormenter/page/02496BB1-ADC1-4FEA-91D2-57502E30AAC2,Tormenter,,No (SmartScout monthly quota exhausted),,,Not checked,,Yes,Brand store; sold by Tormenter Ocean,Tormenter,https://www.amazon.com/stores/Tormenter/page/02496BB1-ADC1-4FEA-91D2-57502E30AAC2,Brand (Seller Central),Yes,Tormenter,exact,"Clothing, Shoes & Jewelry",Men's Board Shorts,8121.44,197689.01,111,4123,4.6,52.16,0.95,Tormenter Ocean,0,-0.63,-0.614,True,https://www.amazon.com/stores/Tormenter/page/02496BB1-ADC1-4FEA-91D2-57502E30AAC2,"Tormenter Waterman 5 Pocket Boardshorts, Gray 36 | B00NWLO23K | $468; Tormenter Waterman 5 Pocket Hybrid Shorts, Black | B00HL4CE5W | $468; Tormenter Waterman 5 Pocket Boardshorts, Black 34 | B00HL47SUS | $468; Tormenter Waterman 5 Pocket Hybrid Shorts, Black | B00HL4E3E2 | $364; Tormenter Waterman 5 Pocket Hybrid Shorts | B072TMBC3S | $312",Tormenter Ocean: 100%,1,Brand direct,0,"Over 100 listings doing ~$8k a month, sold direct, down ~60% on the month and the year; 4,100 reviews at 4.6","Tormenter Ocean 100%; monthly rev ~$8.1k; TTM ~$198k; 111 products; 4,123 reviews; rating 4.6; MoM -63%; 12M MoM -61%",Tormenter on Amazon,"Hi {{first_name}},

Saw you're exhibiting at FLIBS next month.

Looking at your listings, Tormenter has over 100 listings on Amazon, sold direct, doing about $8k a month combined and down by more than half on both the month and the year. Over 4,000 reviews at a 4.6 average says the product is proven. The Waterman shorts still carry it, and a catalog this size with reviews like that should not be drifting the way it is.

We manage Amazon for brands end to end, including strategy, content, advertising, inventory and operations.

Open to a short call on where the catalog is losing volume?

Yoni
",sheet Brand (Seller Central) confirmed,2026-09-25T16:55:20
"2 - Possible, verify",FLIBS 2026,Veco USA,"LISTED on Amazon, reseller / seller unclear (direct Amazon verification)",,,,,,,https://www.amazon.com/stores/Veco/page/7143F605-73DB-4EAB-9C41-C9A0D996CFF0,Veco,,No (SmartScout monthly quota exhausted),,,Not checked,,Possible,Brand store; sold by Yuanfeng USA,Veco,https://www.amazon.com/stores/Veco/page/7143F605-73DB-4EAB-9C41-C9A0D996CFF0,Third-party resellers,Yes,VECO,wrong match,,,,,,,,,,,,,,,,,,,,,Wrong match; 'VECO' on Amazon is a spray bottle brand sold by Yuanfeng USA; no data for Veco marine air conditioning,'VECO' record (~$306k/mo) is unrelated; sheet storefront is the same unrelated brand; 'Veco USA' returned empty,Veco on Amazon,"Hi {{first_name}},

Saw you're exhibiting at FLIBS next month.

From what we can see, Veco doesn't have a brand presence on Amazon, and searches for the name land on an unrelated spray bottle brand that does real volume there. For marine air conditioning sold through installers that's expected. Where Amazon tends to matter is filters, pumps and service parts that owners and techs search for by part number, and nothing under Veco answers that.

We recently helped a brand go from no Amazon presence to a $1M+ annual run rate within six months. We manage the channel end to end.

Is Amazon something you're looking at for the parts side?

Yoni
",wrong match: 'VECO' record and sheet storefront are an unrelated spray bottle brand; Veco USA not found; weaker fit: installer-led equipment,2026-09-25T16:55:20
"2 - Possible, verify",FLIBS 2026,VETUS Maxwell,"LISTED on Amazon, reseller / seller unclear (direct Amazon verification)",,,,,,,https://www.amazon.com/dp/B07D1WL6MM,VETUS Maxwell,,No (SmartScout monthly quota exhausted),,,Not checked,,Possible,No brand store found; sold by Performance Guarantee✅,MAXWELL,,Third-party resellers,Yes,Vetus,close,Video Games,PC Game Joysticks,26240.3,272900.93,23,324,4.52,85.86,10.48,Tradeinn,0,-0.155,0.531,False,,"VETUS Bow Thruster Panel with Joystick and Time Lapse | B013GLY8AW | $12,254; VETUS Bow Thruster Panel with Joystick and Time Lapse | B007I90PRE | $12,069; VETUS SET0088 Propeller, 6 blade, BOW50-95 | B0753GTD63 | $507; VETUS Set O-Ring and Cover for Waterfilter 330 | B00N5TLXSQ | $455; Vetus Tweezer (unrelated) | B082YD68FF | $228",Autoplicity: 37.1%; ShipSound: 23.6%; eCom Delight: 9.5%; The Factory Depot: 8.0%; Stone Meadows General Store: 6.5%,6,Third-party resellers,89.7,"VETUS thruster panels and parts sold entirely by marine resellers (Autoplicity 37%, ShipSound 24%, The Factory Depot 8%); no brand account or storefront; record mixed",Autoplicity 37.2%; ShipSound 23.6%; eCom Delight 9.5%; The Factory Depot 8%; monthly rev ~$26k (mixed record); thruster panel listings ~$24k/mo; 12M MoM +53%,VETUS parts on Amazon,"Hi {{first_name}},

Saw you're exhibiting at FLIBS next month.

Looking at your listings, VETUS bow thruster panels and parts are on Amazon at roughly $25k a month, all sold by resellers like Autoplicity, ShipSound and The Factory Depot rather than a VETUS account, and there's no brand storefront. I know VETUS Maxwell sells through distributors. This is a narrow point about who controls price and content on the panels, propellers and filter parts owners search for by part number.

We manage Amazon for brands end to end, including strategy, content, advertising, inventory and operations.

Open to a 20 minute look at the parts side of Amazon?

Yoni
",combined exhibitor name; queried VETUS (first brand); MAXWELL record is an unrelated foot switch brand; 'Vetus' record includes a few unrelated listings; SS_ totals approximate; sheet third-party (Performance Guarantee) confirmed,2026-09-25T16:55:20
"2 - Possible, verify",FLIBS 2026,Viking Life Saving Equipment,"LISTED on Amazon, reseller / seller unclear (direct Amazon verification)",,,,,,,https://www.amazon.com/dp/B094THJNWH,Viking Life Saving Equipment,,No (SmartScout monthly quota exhausted),,,Not checked,,Possible,No brand store found; sold by HARVARD MARINE,Viking Life-Saving Equipment,,Third-party resellers,Yes,,not found,,,,,,,,,,,,,,,,,,,,,Not found; safety equipment maker with a single listing sold by Harvard Marine; weak fit,"No brand record on two attempts (Viking Life-Saving Equipment, Viking Life-Saving); sheet: listing sold by HARVARD MARINE",Viking Life-Saving on Amazon,"Hi {{first_name}},

Saw you're exhibiting at FLIBS next month.

From what we can see, Viking Life-Saving Equipment has a single listing on Amazon sold by Harvard Marine rather than by you, no brand storefront, and nothing registering measurable sales in public marketplace data. For commercial safety equipment sold through service stations that's expected. Where Amazon shows up is the recreational side, life jackets, rafts and MOB gear that owners search for by name.

We recently helped a brand go from no Amazon presence to a $1M+ annual run rate within six months. We manage the channel end to end.

Is Amazon something you're looking at for the recreational line?

Yoni
",no brand record on two attempts; industry-level email; weaker fit: commercial safety equipment; sheet third-party (Harvard Marine),2026-09-25T16:55:20
"2 - Possible, verify",FLIBS 2026,WATERWAYZ,"LISTED on Amazon, reseller / seller unclear (direct Amazon verification)",,,,,,,https://www.amazon.com/dp/B0CX9M5QGG,WATERWAYZ,,No (SmartScout monthly quota exhausted),,,Not checked,,Possible,No brand store found; sold by THEPOOLMAN,Waterway,,Third-party resellers,Yes,,wrong match,,,,,,,,,,,,,,,,,,,,,Not found; sheet mapped exhibitor to an unrelated Waterway pool parts listing; industry-level email,"No brand record on two attempts (Waterwayz, WATERWAYZ); sheet listing is Waterway pool equipment sold by THEPOOLMAN",WATERWAYZ on Amazon,"Hi {{first_name}},

Saw you're exhibiting at FLIBS next month.

From what we can see, WATERWAYZ doesn't have a brand presence on Amazon, and searches for the name land on an unrelated pool parts brand. For a brand exhibiting at FLIBS, Amazon is where the people who saw you go to look afterward, and right now there's nothing built under the name to catch that. Owning the name with a storefront and a few listings is a small step.

We recently helped a brand go from no Amazon presence to a $1M+ annual run rate within six months. We manage the channel end to end.

Is Amazon something you're looking at more seriously?

Yoni
",no brand record on two attempts; sheet listing unrelated; industry-level email; exhibitor product line unclear,2026-09-25T16:55:20
"2 - Possible, verify",FLIBS 2026,Wellcraft,"LISTED on Amazon, reseller / seller unclear (direct Amazon verification)",,,,,,,https://www.amazon.com/dp/B00PM7B10E,Wellcraft,,No (SmartScout monthly quota exhausted),,,Not checked,,Possible,No brand store found; sold by HomeImprovementSupply,WELLCRAFT,,Third-party resellers,Yes,Wellcraft,not found,,,,,,,,,,,,,,,,,,,,,"Not found; boat builder, record has no active products; industry-level email on branded gear",'Wellcraft' record has 0 active products; sheet listing sold by HomeImprovementSupply is unrelated,Wellcraft on Amazon,"Hi {{first_name}},

Saw you're exhibiting at FLIBS next month.

From what we can see, Wellcraft doesn't have an active brand presence on Amazon, and the listings under the name are unrelated. For a boat builder that's expected. Where Amazon does show up for brands like Wellcraft is branded apparel, gear and owner accessories, which owners search for by name, and nothing under the brand answers that today.

We recently helped a brand go from no Amazon presence to a $1M+ annual run rate within six months. We manage the channel end to end.

Is Amazon something you're looking at more seriously?

Yoni
",brand record returned 0 active products on two attempts; industry-level email; weaker fit: boat builder,2026-09-25T16:55:20
"2 - Possible, verify",FLIBS 2026,Zeelander,"LISTED on Amazon, reseller / seller unclear (direct Amazon verification)",,,,,,,https://www.amazon.com/dp/3938017422,Zeelander,,No (SmartScout monthly quota exhausted),,,Not checked,,Possible,No brand store found; seller not shown; name from Amazon search label,Zeelander 44,,Unknown,Yes,,not found,,,,,,,,,,,,,,,,,,,,,"Not found; yacht builder, sheet listing is a book; industry-level email","No brand record on two attempts (Zeelander, Zeelander Yachts); sheet listing is a book ISBN",Zeelander on Amazon,"Hi {{first_name}},

Saw you're exhibiting at FLIBS next month.

From what we can see, Zeelander doesn't have a brand presence on Amazon, and the only listing tied to the name is a book. For a yacht builder that's expected. Where Amazon does show up for brands like Zeelander is branded apparel, gear and owner accessories, which owners and crew search for by name, and nothing under the brand answers that today.

We recently helped a brand go from no Amazon presence to a $1M+ annual run rate within six months. We manage the channel end to end.

Is Amazon something you're looking at more seriously?

Yoni
",no brand record on two attempts; sheet listing unrelated; industry-level email; weaker fit: yacht builder,2026-09-25T16:55:20
"2 - Possible, verify",FNCE 2025,Amylu Foods,"LISTED on Amazon, reseller / seller unclear (direct Amazon verification)",,,,,,,https://www.amazon.com/stores/AmyluFoods/page/421528CE-F406-47C0-9839-5E59C7E4AF52,Amylu Foods,,No (SmartScout monthly quota exhausted),,,Not checked (SmartScout monthly AI usage limit and WebSearch budget exhausted),,Possible,Brand store; sold by Whole Foods Market,Amylu,https://www.amazon.com/stores/AmyluFoods/page/421528CE-F406-47C0-9839-5E59C7E4AF52,Third-party resellers,Yes,Amylu,exact,Grocery & Gourmet Food,Frozen Sausage & Bacon,642494.51,7067196.61,19,6137,4.02,6.84,0.79,,6.6,0.237,3.814,True,https://www.amazon.com/stores/AmyluFoods/page/421528CE-F406-47C0-9839-5E59C7E4AF52,"Amylu Foods Sea Salt & Cracked Black Pepper Chicken Meatballs, 10 oz | B0CJ43CJS2 | $86,642; Amylu Foods Chicken Sausage Breakfast Patties, 12 oz | B0DXVYNSCN | $83,669; Amylu Foods Roasted Garlic Chicken Meatballs, 10 oz | B0CCPRMMYG | $73,227; Amylu Chicken Sausage Breakfast Time 9oz | B07H5TV46F | $51,455; Amylu Foods Chicken Sausage Breakfast Bites, Country Style, 7 oz | B0DXVZ2DHH | $44,278",Whole Foods Market: 93.4%; Amazon.com: 6.6%; Eternity Essentials: 0%,3,Third-party resellers,93.4,"Amazon-owned channels (Whole Foods Market ~93%, Amazon 1P ~7%) sell everything; no brand account; up sharply on the year; narrow ask","Whole Foods Market 93.4%; Amazon.com 6.6%; monthly rev ~$642k; 19 products; 6,137 reviews; rating 4.02; MoM +24%; 12M MoM +381%",Amylu on Amazon,"Hi {{first_name}},

Saw that Amylu exhibited at FNCE last year.

From what we can see, Amylu does about $640k a month on Amazon, up several times over on the year, with Whole Foods Market as the seller on more than 90% of it and Amazon itself on the rest. That's a strong vendor position. What isn't there is a brand-owned account, and the rating sits around 4.0, which on chicken sausage usually traces to shipping and thaw complaints that content and packaging can address.

We manage Amazon for brands end to end, including strategy, content, advertising, inventory and operations.

Open to a 20 minute look at the rating and content side?

Yoni
",sheet third-party (Whole Foods Market); Whole Foods counted as third-party per rule but is Amazon-owned (effectively vendor),2026-09-25T16:55:20
"2 - Possible, verify",FNCE 2025,AngelEye Health,"LISTED on Amazon, reseller / seller unclear (direct Amazon verification)",,,,,,,https://www.amazon.com/stores/MtAngelVitamins/page/B60703A8-6752-43F1-A055-FD8CDCCE348F,AngelEye Health,,No (SmartScout monthly quota exhausted),,,Not checked (SmartScout monthly AI usage limit and WebSearch budget exhausted),,Possible,Brand store; sold by Holly Hill Health Foods,Mt. Angel Vitamins,https://www.amazon.com/stores/MtAngelVitamins/page/B60703A8-6752-43F1-A055-FD8CDCCE348F,Third-party resellers,Yes,Mt. Angel Vitamins,close,Health & Household,Multivitamins,86736.99,1508737.91,27,12622,4.29,37.93,1.33,Mt. Angel Vitamins,0,0.231,-0.072,True,https://www.amazon.com/stores/MtAngelVitamins/page/B60703A8-6752-43F1-A055-FD8CDCCE348F,"Go Out Daily Maintenance, Natural Uric Acid Support, 90 Capsules | B009LXM8BG | $34,031; Mt. Angel Vitamins Go Out Extra Strength, 60 Caps | B074NCBFTB | $12,254; Mt. Angel Vitamins Zinc Quercetin with Bromelain, 300ct | B089NKZT59 | $10,406; Mt. Angel Vitamins B12 Essential Trio Drops | B06XWNMSQC | $9,737; Liquid Vitamin D3 and K2 Drops, 2 oz | B09GKPJWMK | $6,051",Mt. Angel Vitamins: 78.4%; Holly Hill Health Foods: 16.8%; V Choices: 4.8%; Amazon.com: 0%,4,Brand direct,21.6,"Brand sells ~78% direct; Holly Hill Health Foods ~17% and V Choices ~5% on the same listings; ~$87k a month, flat on the year; identity of exhibitor unverified","Mt. Angel Vitamins 78.4%; Holly Hill Health Foods 16.8%; V Choices 4.8%; monthly rev ~$87k; 27 products; 12,622 reviews; rating 4.29; MoM +23%; 12M MoM -7%; Go Out ~$34k/mo",Reseller share on Mt. Angel listings,"Hi {{first_name}},

Saw that Mt. Angel Vitamins exhibited at FNCE last year.

Looking at your listings, Mt. Angel Vitamins is doing about $87k a month on Amazon, with the Go Out uric acid line carrying roughly half of it. Your own account sells about 78%, and resellers like Holly Hill Health Foods and V Choices take the rest on the same listings. The year is flat. On a catalog with 12,000 reviews, that reseller layer is where margin and Buy Box control leak.

We manage Amazon for brands end to end, including strategy, content, advertising, inventory and operations.

Would it make sense to have a quick conversation about the reseller side?

Yoni
",verify identity: exhibitor listed as AngelEye Health; sheet and SmartScout record are Mt. Angel Vitamins; sheet third-party (Holly Hill Health Foods); fresh data shows Mixed with brand account at 78%,2026-09-25T16:55:20
"2 - Possible, verify",FNCE 2025,Bio-K+ USA,"LISTED on Amazon, reseller / seller unclear (direct Amazon verification)",,,,,,,https://www.amazon.com/stores/Bio-KPlus/page/72FCA77E-F810-44D2-A9A7-D24C7E085573,Bio-K+,,No (SmartScout monthly quota exhausted),,,Not checked (SmartScout monthly AI usage limit and WebSearch budget exhausted),,Possible,Brand store; sold by SPOTLIGHT 7 LLC,Bio-K Plus,https://www.amazon.com/stores/Bio-KPlus/page/72FCA77E-F810-44D2-A9A7-D24C7E085573,Third-party resellers,Yes,BIO-K PLUS,exact,Health & Household,Probiotic Nutritional Supplements,52544.6,747880.92,16,1565,4.49,30.44,1.44,,56.4,-0.324,0.309,True,https://www.amazon.com/stores/Bio-KPlus/page/72FCA77E-F810-44D2-A9A7-D24C7E085573,"Bio-K Plus Dailycare 50 Billion Probiotics, 60 Count | B085B4XH3Z | $13,799; Bio-K+ Advanced Bowel Probiotic, 20 Caps | B0D7ZCFD4S | $9,084; Bio-K+ Women's Health Probiotic, 30 Caps | B0CN7F4PY7 | $7,524; Bio-K Plus Strawberry Drinkable Probiotics | B017KQZRWM | $4,190; Bio-K Plus Organic Blueberry Fermented Rice Probiotic | B07G33VGJM | $3,990",Amazon.com: 56.4%; KOJAT: 19.4%; SPOTLIGHT 7 LLC: 16.1%; MEET YOUR NEEDS: 2.6%; KJCart: 1.7%,6,Mixed,41.1,"Amazon 1P ~56% plus resellers (KOJAT 19%, SPOTLIGHT 7 16%) on a cold-chain probiotic; month down ~32%","Amazon.com 56.4%; KOJAT 19.4%; SPOTLIGHT 7 LLC 16.1%; monthly rev ~$53k; 16 products; 1,565 reviews; rating 4.49; MoM -32%; 12M MoM +31%",Who sells Bio-K+ on Amazon,"Hi {{first_name}},

Saw that Bio-K+ exhibited at FNCE last year.

Looking at your listings, Bio-K+ does about $53k a month on Amazon, with Amazon selling just over half as a vendor and resellers like KOJAT and SPOTLIGHT 7 taking most of the rest on the same capsule listings. The month is down about 30%. For a cold-chain probiotic, resellers you don't control are a quality risk as much as a pricing one, and nobody on the brand side is the seller.

We manage Amazon for brands end to end, including strategy, content, advertising, inventory and operations.

Would it make sense to have a quick conversation about the reseller side?

Yoni
",sheet third-party (SPOTLIGHT 7) confirmed; fresh data shows Mixed with Amazon 1P at 56%,2026-09-25T16:55:20
1 - Confirmed on Amazon,FNCE 2025,Brazi Bites,YES on Amazon (direct Amazon verification),,,,,,,https://www.amazon.com/stores/BraziBites/page/8520C820-13CF-4D33-999E-784C2C2122A2,Brazi Bites,,No (SmartScout monthly quota exhausted),,,Not checked (SmartScout monthly AI usage limit and WebSearch budget exhausted),,Yes,Brand store; sold by Amazon.com,Brazi Bites,https://www.amazon.com/stores/BraziBites/page/8520C820-13CF-4D33-999E-784C2C2122A2,Amazon (Vendor),Yes,Brazi Bites,exact,Grocery & Gourmet Food,Frozen Bread & Dough,119020.94,1223395.91,21,5722,4.38,62.9,0.67,Brazi Bites Official Store,50.1,0.175,1.083,True,https://www.amazon.com/stores/BraziBites/page/8520C820-13CF-4D33-999E-784C2C2122A2,"Brazi Bites Cheddar and Parmesan Brazilian Cheese Bread, 11.5 Ounce | B014BCDF9U | $77,153; Brazi Bites Blueberry Waffles, 7.6 OZ | B0CQKK1SQG | $17,011; Brazi Bites Homestyle Waffles, 7.4 OZ | B0CQKJD4WD | $15,313; Brazi Bites Garlic Asiago Brazilian Cheese Bread, 11.5 OZ | B06XFFTRM3 | $2,328; Brazi Bites Gluten-Free Brazilian Cheese Bread Garlic Asiago, 12-pack | B0764NNP2M | $1,560",Amazon.com: 50.1%; Whole Foods Market: 43.8%; The Keto Storehouse: 6.1%,3,Mixed,49.9,Amazon 1P and Whole Foods ~94% (vendor); growing strongly on the year; the cheese bread carries it; narrow ask,"Amazon.com 50.1%; Whole Foods Market 43.8%; The Keto Storehouse 6.1%; monthly rev ~$119k; 21 products; 5,722 reviews; MoM +17.5%; 12M MoM +108%; cheese bread ~$77k/mo",Brazi Bites vendor side on Amazon,"Hi {{first_name}},

Saw that Brazi Bites exhibited at FNCE last year.

From what we can see, Brazi Bites does about $120k a month on Amazon, more than double a year ago, with Amazon and Whole Foods Market as the sellers on nearly all of it and the original cheese bread carrying about two thirds. That's a vendor setup working. The waffles are the growth line and they do a fraction of the cheese bread, which usually comes down to advertising and content nobody owns.

We manage Amazon for brands end to end, including strategy, content, advertising, inventory and operations.

Open to a 20 minute look at the waffle listings?

Yoni
",sheet Amazon (Vendor) confirmed; Whole Foods Market counted as third-party per rule but is Amazon-owned,2026-09-25T16:55:20
1 - Confirmed on Amazon,FNCE 2025,Buoy Hydration,YES on Amazon (direct Amazon verification),,,,,,,https://www.amazon.com/stores/Buoy/page/FA6EB318-3931-4ED0-A27B-5B9EAD8596A2,Buoy Hydration,,No (SmartScout monthly quota exhausted),,,Not checked (SmartScout monthly AI usage limit and WebSearch budget exhausted),,Yes,Brand store; sold by Buoy Hydration,Buoy,https://www.amazon.com/stores/Buoy/page/FA6EB318-3931-4ED0-A27B-5B9EAD8596A2,Brand (Seller Central),Yes,Buoy,exact,Health & Household,Sports Nutrition Electrolyte Replacement Drinks,298082.34,4976056.11,8,1945,4.1,50.65,2.88,,0,0.035,0.038,True,https://www.amazon.com/stores/Buoy/page/FA6EB318-3931-4ED0-A27B-5B9EAD8596A2,"Buoy Electrolyte Drops, 120 Servings, Unflavored 3 Pack | B07NP5SY6Y | $195,799; Buoy Rescue Electrolyte Drops, 60 Servings | B0H4LFW6YL | $42,028; Buoy Digestion Electrolyte Drops, 120 Servings | B0GGLLXLG5 | $17,131; Buoy Electrolyte Drops Variety Pack (160 Servings) | B0DKQ54NZX | $15,015; Buoy Brain Health Electrolyte Drops, 120 Servings | B0GKVKS8JF | $8,539",Buoy Hydration: 88.1%; Summit Essentials Co.: 8.8%; WELLNESSWAY: 1.7%; V Choices: 1.4%,4,Brand direct,11.9,Strong brand-direct position (~$298k a month); one reseller (Summit Essentials) appeared this month at ~9%; 4.1 rating; flat,"Buoy Hydration 88.1%; Summit Essentials Co. 8.8% (new this month); WELLNESSWAY 1.7%; monthly rev ~$298k; 8 products; 1,945 reviews; rating 4.1; 3-pack drops ~$196k/mo",Buoy on Amazon,"Hi {{first_name}},

Saw that Buoy exhibited at FNCE last year.

Looking at your listings, Buoy is doing about $300k a month on Amazon through your own account, with the unflavored 3-pack carrying two thirds of it. Two things stand out. A reseller called Summit Essentials showed up this month and is already at close to 9% on one listing, and the rating sits at 4.1, which for electrolytes is where taste complaints cap conversion. I know you have people on this.

We manage Amazon for brands end to end, including strategy, content, advertising, inventory and operations.

Open to a 20 minute look at the reseller and rating side?

Yoni
",sheet Brand (Seller Central) confirmed,2026-09-25T17:01:18
1 - Confirmed on Amazon,FNCE 2025,Cahokia Rice,YES on Amazon (direct Amazon verification),,,,,,,https://www.amazon.com/dp/B078C553WR,Cahokia Rice,,No (SmartScout monthly quota exhausted),,,Not checked (SmartScout monthly AI usage limit and WebSearch budget exhausted),,Yes,No brand store found; sold by Amazon.com,Cahokia,,Amazon (Vendor),Yes,Cahokia,exact,Grocery & Gourmet Food,Dried White Rice,1965.94,18057.11,2,85,4.3,14.86,10,,39.8,0.534,1.709,False,,"Cahokia High Protein White Rice | B078C553WR | $1,288; Cahokia High Protein Brown Rice | B078C58GRC | $678",Amazon.com: 39.8%; Navistro: 20.5%; Love 4 One LLC: 19.8%; Elev8d Deals: 6.3%; DANCO CAPITAL: 6.1%,6,Mixed,56.7,"Barely on Amazon: two rice listings doing ~$2k a month, split between Amazon 1P and a handful of resellers; no storefront; growing fast from a tiny base",Amazon.com 39.8%; Navistro 20.5%; Love 4 One 19.8%; monthly rev ~$2k; 2 products; 85 reviews; rating 4.3; 12M MoM +171%,Cahokia Rice on Amazon,"Hi {{first_name}},

Saw that Cahokia exhibited at FNCE last year.

Looking at your listings, Cahokia has two rice listings on Amazon doing about $2k a month combined, with Amazon selling some of it as a vendor and resellers like Navistro and Love 4 One the rest. There's no brand storefront and under 100 reviews. High-protein rice is a search with real demand and almost no branded competition on Amazon, which is a rare position for a small brand.

We recently helped a brand go from no Amazon presence to a $1M+ annual run rate within six months. We manage the channel end to end.

Is Amazon something you're looking at more seriously?

Yoni
",sheet Amazon (Vendor); fresh data shows Mixed with resellers at ~60%,2026-09-25T17:01:18
1 - Confirmed on Amazon,FNCE 2025,Cleveland Kitchen,YES on Amazon (direct Amazon verification),,,,,,,https://www.amazon.com/stores/ClevelandKitchen/page/7A2813AB-1565-4D39-AF8E-746150A1EB8B,Cleveland Kitchen,,No (SmartScout monthly quota exhausted),,,Not checked (SmartScout monthly AI usage limit and WebSearch budget exhausted),,Yes,Brand store; sold by Amazon.com,Cleveland Kitchen,https://www.amazon.com/stores/ClevelandKitchen/page/7A2813AB-1565-4D39-AF8E-746150A1EB8B,Amazon (Vendor),Yes,Cleveland Kitchen,exact,Grocery & Gourmet Food,Canned & Jarred Sauerkraut,84001.59,772400.06,8,1936,4.4,20.84,0.63,,5.5,0.106,3.458,True,https://www.amazon.com/stores/ClevelandKitchen/page/7A2813AB-1565-4D39-AF8E-746150A1EB8B,"Cleveland Kitchen Beet Red Kraut, 16 oz | B019EG7L3E | $28,270; Cleveland Kitchen Classic Kimchi, 16 oz | B098PVNV18 | $24,950; Cleveland Kitchen Kimchi Pickle Chips, 16 oz | B0CKJ8C6SW | $16,192; Cleveland Kitchen Classic Kraut, 16 oz | B019773QEI | $9,647; Cleveland Kitchen Roasted Garlic Kraut, 16 oz | B019773QCK | $4,942",Eternity Essentials: 59.5%; Whole Foods Market: 35.0%; Amazon.com: 5.5%; FoodserviceDirect Inc.: 0%,4,Third-party resellers,94.5,"Sold through Whole Foods and a reseller (Eternity Essentials ~59%) rather than the brand; ~$84k a month, up several times on the year","Eternity Essentials 59.5% (new this month); Whole Foods Market 35%; Amazon.com 5.5%; monthly rev ~$84k; 8 products; 1,936 reviews; rating 4.4; 12M MoM +346%",Who sells Cleveland Kitchen on Amazon,"Hi {{first_name}},

Saw that Cleveland Kitchen exhibited at FNCE last year.

Looking at your listings, Cleveland Kitchen is doing about $84k a month on Amazon, up several times on the year, but the brand isn't the seller on any of it. Whole Foods Market sells about a third, and a reseller called Eternity Essentials appeared this month and is already near 60% on the beet kraut. For a refrigerated product, that's a cold-chain risk as much as a pricing one.

We manage Amazon for brands end to end, including strategy, content, advertising, inventory and operations.

Would it make sense to have a quick conversation about the reseller side?

Yoni","sheet Amazon (Vendor); fresh data shows Third-party resellers (Eternity Essentials, Whole Foods)",2026-09-25T17:01:18
"2 - Possible, verify",FNCE 2025,CON-CRĒT,"LISTED on Amazon, reseller / seller unclear (direct Amazon verification)",,,,,,,https://www.amazon.com/stores/CON-CR%C4%92T%C2%AE/page/3F97182A-BBE0-4E54-8F55-25C9E1B99F23,CON-CRĒT,,No (SmartScout monthly quota exhausted),,,Not checked (SmartScout monthly AI usage limit and WebSearch budget exhausted),,Possible,Brand store; sold by Vireo Systems INC,CON-CRET,https://www.amazon.com/stores/CON-CR%C4%92T%C2%AE/page/3F97182A-BBE0-4E54-8F55-25C9E1B99F23,Third-party resellers,Yes,CON-CRET,exact,Health & Household,Creatine Nutritional Supplements,1214245.29,14157149.8,27,5541,4.49,35.67,1.41,,0.1,0.035,0.843,True,https://www.amazon.com/stores/CON-CR%C4%92T%C2%AE/page/3F97182A-BBE0-4E54-8F55-25C9E1B99F23,"CON-CRET Creatine HCl Capsules, 90 Count | B0BKCVLYGX | $450,660; CON-CRET Creatine HCl Powder, Unflavored, 100 Servings | B0CQ8V7NXS | $152,859; CON-CRET Creatine HCl Powder, Pineapple, 100 Servings | B0CQ8XWFWL | $89,820; CON-CRET Creatine HCl Powder, Raspberry, 100 Servings | B0CQ8X9CZV | $89,820; CON-CRET Creatine HCl Powder, Lemon Lime, 100 Servings | B0CQ8XG21K | $89,580",Vireo Systems INC: 99.7%; Paradine Services: 0.3%; Amazon.com: 0.1%,3,Brand direct,0.3,"Strong brand-direct position through Vireo Systems (~$1.2M a month), up ~84% on the year; modest ask","Vireo Systems INC 99.7%; monthly rev ~$1.21M; 27 products; 5,541 reviews; rating 4.49; MoM +3.5%; 12M MoM +84%; capsules ~$451k/mo",CON-CRET on Amazon,"Hi {{first_name}},

Saw that CON-CRET exhibited at FNCE last year.

Looking at your listings, CON-CRET is doing about $1.2M a month on Amazon through the Vireo Systems account and growing fast, with the capsules carrying more than a third of it. That's a strong position in a category where creatine HCl is getting a lot of new search. I know you have people on this, so this isn't a pitch on the basics. It's about the next stretch as the flavored powders come up.

We manage Amazon for brands end to end, including strategy, content, advertising, inventory and operations.

Open to a 20 minute look at the next stretch of growth?

Yoni","sheet third-party (Vireo Systems); Vireo Systems is the parent company, treated as brand direct",2026-09-25T17:01:18
1 - Confirmed on Amazon,FNCE 2025,Drink Wholesome,YES on Amazon (direct Amazon verification),,,,,,,https://www.amazon.com/stores/drinkwholesome/page/7A8459AF-4EC8-4C29-A33F-EA6D6260C90F,Drink Wholesome,,No (SmartScout monthly quota exhausted),,,Not checked (SmartScout monthly AI usage limit and WebSearch budget exhausted),,Yes,Brand store; sold by Drink Wholesome,drink wholesome,https://www.amazon.com/stores/drinkwholesome/page/7A8459AF-4EC8-4C29-A33F-EA6D6260C90F,Brand (Seller Central),Yes,drink wholesome,exact,Grocery & Gourmet Food,Protein Drinks,69404.19,1222902.21,17,318,4.58,69.55,0.88,Drink Wholesome,0,0.029,0.402,True,https://www.amazon.com/stores/drinkwholesome/page/7A8459AF-4EC8-4C29-A33F-EA6D6260C90F,"drink wholesome Vanilla Egg White Protein Powder | B0CZS4QYBV | $24,357; drink wholesome Chocolate Egg White Protein Powder | B0CZS4V65R | $8,819; drink wholesome Unflavored Egg White Protein Powder | B0CZS4VDJR | $8,679; drink wholesome Vanilla Collagen Protein Powder | B0CYM5RDKD | $6,439; Drink Wholesome Vanilla Meal Replacement Powder | B0CZS1HX2D | $3,320",Drink Wholesome: 100%,1,Brand direct,0,"Brand direct at ~$69k a month, up ~40% on the year, but only 318 reviews across 17 listings at a $70 price point",Drink Wholesome 100%; monthly rev ~$69k; 17 products; 318 reviews; rating 4.58; MoM +2.9%; 12M MoM +40%; vanilla egg white ~$24k/mo,drink wholesome on Amazon,"Hi {{first_name}},

Saw that Drink Wholesome exhibited at FNCE last year.

Looking at your listings, drink wholesome is doing about $69k a month on Amazon through your own account and up about 40% on the year, with the vanilla egg white protein carrying it. What stands out is the review count: about 300 across 17 listings for a $70 product, which is the main thing keeping conversion and rank from matching the growth. That's the piece to build going into next year.

We manage Amazon for brands end to end, including strategy, content, advertising, inventory and operations.

Would it make sense to have a quick conversation about growing the channel?

Yoni
",sheet Brand (Seller Central) confirmed,2026-09-25T17:01:18
"2 - Possible, verify",FNCE 2025,"Eggland's Best, Inc.","LISTED on Amazon, reseller / seller unclear (direct Amazon verification)",,,,,,,https://www.amazon.com/stores/EgglandsBest/page/A4418E6F-9209-4AA2-A7B0-BA99AA6175C7,Eggland's Best,,No (SmartScout monthly quota exhausted),,,Not checked (SmartScout monthly AI usage limit and WebSearch budget exhausted),,Possible,Brand store; sold by Amazon Now,Egglands Best,https://www.amazon.com/stores/EgglandsBest/page/A4418E6F-9209-4AA2-A7B0-BA99AA6175C7,Third-party resellers,Yes,Egglands Best,exact,Grocery & Gourmet Food,Whole Eggs,59363.64,335674.95,4,10487,4.7,18.02,0.5,,100,-0.035,,False,,"Eggland's Best Large Cage Free Brown Eggs, 1 dozen | B00A445BW4 | $36,835; Eggland's Best Large Organic Brown Eggs, 12 count | B00AR7HCMK | $19,817; Eggland's Best Large Eggs, 18 ct | B005MS7C74 | $2,711; Eggland's Best 17% Layer Crumbles Chicken Food, 40 lbs | B07XPBSSYS | $0",Amazon.com: 100%,1,Amazon 1P,0,Amazon 1P only (Amazon Fresh eggs); ~$59k a month on four listings; no storefront; narrow ask,"Amazon.com 100%; monthly rev ~$59k; 4 products; 10,487 reviews; rating 4.7; MoM -3.5%",Eggland's Best on Amazon,"Hi {{first_name}},

Saw that Eggland's Best exhibited at FNCE last year.

From what we can see, Eggland's Best does about $59k a month on Amazon, all of it sold by Amazon itself through grocery delivery on a handful of egg listings, with no brand storefront and nothing on the shelf-stable side. I know Eggland's Best has people on retail. This is a narrow point about whether the brand should own its Amazon presence rather than leaving it entirely to Amazon Fresh.

We manage Amazon for brands end to end, including strategy, content, advertising, inventory and operations.

Open to a 20 minute conversation about the Amazon side?

Yoni
",sheet third-party (Amazon Now); fresh data shows Amazon 1P 100%; weaker fit: fresh grocery,2026-09-25T17:01:18
1 - Confirmed on Amazon,FNCE 2025,Equip,YES on Amazon (direct Amazon verification),,,,,,,https://www.amazon.com/stores/EquipFoods/page/06E91FD9-9518-4FFD-A1CF-43F8594C4615,Equip,,No (SmartScout monthly quota exhausted),,,Not checked (SmartScout monthly AI usage limit and WebSearch budget exhausted),,Yes,Brand store; sold by EquipFoods,Equip,https://www.amazon.com/stores/EquipFoods/page/06E91FD9-9518-4FFD-A1CF-43F8594C4615,Brand (Seller Central),Yes,Equip,exact,Health & Household,Sports Nutrition Protein Powder Blends,2163609.73,27220111.86,72,6026,4.44,55.41,1.19,EquipFoods,0.1,-0.196,0.383,True,https://www.amazon.com/stores/EquipFoods/page/06E91FD9-9518-4FFD-A1CF-43F8594C4615,"Equip Prime Chocolate Protein Powder, 30 Scoops | B013MRPPL6 | $556,158; Equip Foods Prime Protein Powder, Vanilla, 30 Servings | B01M2Y1NN8 | $417,799; Equip Foods Prime Protein Powder, Unflavored, 30 Servings | B0B41YX3VR | $200,978; Equip Prime Vanilla Protein Powder, 30 Scoops | B0FXXCG2XH | $132,852; Equip Foods Grass Fed Collagen Powder, Unflavored, 30 Servings | B071SH212S | $131,416",EquipFoods: 99.7%; ChefsKiss: 0.1%; Denovo Brands: 0.1%; Amazon.com: 0.1%; MarketingSpot: 0.0%,6,Brand direct,0.2,"Very strong brand-direct position (~$2.2M a month), up ~38% on the year, month down ~20%; modest second-set-of-eyes ask","EquipFoods 99.7%; monthly rev ~$2.16M; 72 products; 6,026 reviews; rating 4.44; MoM -19.6%; 12M MoM +38%; Prime chocolate ~$556k/mo",Equip on Amazon,"Hi {{first_name}},

Saw that Equip exhibited at FNCE last year.

Looking at your listings, Equip is doing about $2.2M a month on Amazon through your own account, up close to 40% on the year, with the Prime beef protein in chocolate and vanilla carrying most of it. The month looks to be down about 20%, which on a catalog this concentrated usually traces to one or two listings. I know you have an Amazon team, so this is a second set of eyes.

We manage Amazon for brands end to end, including strategy, content, advertising, inventory and operations.

Open to a 20 minute look at where the dip is coming from?

Yoni",sheet Brand (Seller Central) confirmed,2026-09-25T17:01:18
"2 - Possible, verify",FNCE 2025,Red Plate Foods,"LISTED on Amazon, reseller / seller unclear (direct Amazon verification)",,,,,,,https://www.amazon.com/dp/B07N3FVRBZ,Red Plate Foods,,No (SmartScout monthly quota exhausted),,,Not checked,,Possible,No brand store found; sold by AmeriStyle,Red Plate Foods,,Third-party resellers,Yes,Red Plate Foods,exact,Grocery & Gourmet Food,Granola,7238.51,87014.63,6,37,4.85,49.67,6.83,Amazon.com,0,0.087,-0.051,False,,"Red Plate Foods Golden Vanilla Granola, 11 Ounce (Pack of 6) | B0BLHSCMMV | $2,485; Red Plate Foods Cinnamon Granola, 11 Ounce (Pack of 6) | B0BLHRYM9Q | $1,952; Red Plate Foods Dark Chocolate Granola, 11 Ounce (Pack of 6) | B0BLHR76HW | $1,854; Red Plate Foods Gourmet Granola, 6 bags 12 oz (Cinnamon) | B08S24TDWX | $353; Red Plate Foods Gourmet Granola, 6 bags 12 oz (Vanilla) | B08S19C61T | $305","Everyday Supply Co.: 45.5%; KeHE Distributors, LLC: 21.8%; Everyday Goods Inc.: 15.9%; TheNewMall: 15.7%; UnbeatableSale Local: 0.6%",6,Third-party resellers,100.0,"Sold entirely by distributors and resellers (Everyday Supply 45%, KeHE 22%); ~$7k a month; no brand account or storefront; 37 reviews at 4.85",Everyday Supply Co. 45.5%; KeHE Distributors 21.8%; Everyday Goods 15.9%; TheNewMall 15.7%; monthly rev ~$7.2k; 6 products; 37 reviews; rating 4.85,Who sells Red Plate Foods on Amazon,"Hi {{first_name}},

Saw that Red Plate Foods exhibited at FNCE last year.

Looking at your listings, Red Plate Foods granola is on Amazon at about $7k a month, all sold by distributors and resellers like Everyday Supply, KeHE and TheNewMall rather than a Red Plate account, with no brand storefront. The reviews are excellent, 4.85 across the catalog, but there are fewer than 40 of them. Nut-free granola is a real search on Amazon, and the brand isn't the one answering it.

We manage Amazon for brands end to end, including strategy, content, advertising, inventory and operations.

Would it make sense to have a quick conversation about owning the channel directly?

Yoni
",sheet third-party (AmeriStyle) confirmed,2026-09-25T17:01:18
"2 - Possible, verify",FNCE 2025,Silver Star Nutrition,"LISTED on Amazon, reseller / seller unclear (direct Amazon verification)",,,,,,,https://www.amazon.com/stores/SovereignSilver/page/68EBCCEF-EE76-447A-9518-C89A3B1564F7,Silver Star Nutrition,,No (SmartScout monthly quota exhausted),,,Not checked,,Possible,Brand store; sold by LUMlNlZE,Sovereign Silver,https://www.amazon.com/stores/SovereignSilver/page/68EBCCEF-EE76-447A-9518-C89A3B1564F7,Third-party resellers,Yes,Sovereign Silver,exact,Health & Household,Colloidal Silver Mineral Supplements,956318.27,14176096.51,30,76853,4.6,29.15,2.1,ZQUARED,0,-0.056,0.135,True,https://www.amazon.com/stores/SovereignSilver/page/68EBCCEF-EE76-447A-9518-C89A3B1564F7,"Sovereign Silver Immune Support, Colloidal Silver, 4 fl oz | B000OA6Z6O | $167,728; Sovereign Silver Immune Support, Colloidal Silver, 8 fl oz | B00XQF5SXU | $159,517; Sovereign Silver Immune Support, Colloidal Silver, 16 fl oz | B00GEF1DXI | $146,082; Sovereign Silver Sinus Relief Nasal Spray, 2 fl oz | B0C5Y1ZVKB | $76,419; Sovereign Silver Immune Support, Colloidal Silver, 32 fl oz | B00OTZK0Z2 | $76,154",LUMlNlZE: 98.3%; The Brky Guy: 0.9%; Glutenfree4U: 0.5%; HealthZone: 0.2%; S. Republic: 0.1%,6,Third-party resellers,100.0,Nearly all revenue (~$956k a month) runs through a single seller (LUMlNlZE) rather than a brand account; identity of exhibitor unverified,"LUMlNlZE 98.3%; The Brky Guy 0.9%; monthly rev ~$956k; 30 products; 76,853 reviews; rating 4.6; MoM -5.6%; 12M MoM +13.5%",Who sells Sovereign Silver on Amazon,"Hi {{first_name}},

Saw that Sovereign Silver exhibited at FNCE last year.

Looking at your listings, Sovereign Silver does close to $1M a month on Amazon, and nearly all of it runs through a seller called LUMlNlZE rather than a brand account. If that's a partner you chose, fine. If it isn't, that seller controls the Buy Box, pricing and the customer data on a brand with 77,000 reviews, and the month looks to be down about 6%. I know you have people on this.

We manage Amazon for brands end to end, including strategy, content, advertising, inventory and operations.

Open to a 20 minute conversation about who should own the channel?

Yoni
","verify identity: exhibitor listed as Silver Star Nutrition; sheet and SmartScout record are Sovereign Silver; sheet third-party (LUMlNlZE) confirmed; LUMlNlZE may be an affiliated account, verify; large brand",2026-09-25T17:01:18
"2 - Possible, verify",FNCE 2025,Solara Labs,"LISTED on Amazon, reseller / seller unclear (direct Amazon verification)",,,,,,,https://www.amazon.com/stores/SolaraSuncare/page/98ED9EFA-96A6-4985-B9AD-53B4C8891C86,Solara Labs,,No (SmartScout monthly quota exhausted),,,Not checked,,Possible,Brand store; sold by JJ Online store,SOLARA SUNCARE,https://www.amazon.com/stores/SolaraSuncare/page/98ED9EFA-96A6-4985-B9AD-53B4C8891C86,Third-party resellers,Yes,Solara Suncare,exact,Beauty & Personal Care,Facial Sunscreens,37305.51,481438.33,16,748,3.79,33.8,1.13,,0,-0.404,0.182,True,https://www.amazon.com/stores/SolaraSuncare/page/98ED9EFA-96A6-4985-B9AD-53B4C8891C86,"Solara Suncare Go! Daily Defense Soothing Face Sunscreen (1.7 fl oz) | B0BG6ZRYMC | $9,120; Solara Suncare Guardian Angel Super Peptide Sunscreen Milk (1 fl oz) | B0D9L1XLPZ | $8,150; Solara Suncare Go! Mineral Defense SPORT Body Sunscreen (5 fl oz) | B0DBM6C2S8 | $3,658; Solara Suncare Good Karma Dry Oil Mineral Sunscreen (3.4 fl oz) | B0DGH2X4H8 | $3,024; Solara Suncare Go! Vacation Glow Tinted Mineral Sunscreen (1.7 fl oz) | B0BGDFC8H6 | $2,499",Carbon Beauty: 89.8%; JJ Online store: 3.6%; Mint Blossoms: 2.9%; Tech P. Horizon: 2.1%; V Choices: 1.2%,6,Third-party resellers,100.0,Nearly all revenue through one seller (Carbon Beauty ~90%); 3.8 rating; month down ~40% after summer; same brand as FLIBS row 279,Cached Solara Suncare record: Carbon Beauty 89.8%; JJ Online store 3.6%; monthly rev ~$37k; 16 products; 748 reviews; rating 3.79; MoM -40%; 12M MoM +18%,Solara Suncare on Amazon,"Hi {{first_name}},

Saw that Solara Suncare exhibited at FNCE last year.

Looking at your listings, Solara Suncare is doing about $37k a month on Amazon, almost all through a seller called Carbon Beauty rather than a Solara account, with a few small resellers on the same listings. If Carbon Beauty is your partner, fine. What stands out either way is a 3.8 rating across the catalog, which for a premium sunscreen is what caps conversion, and the off-season is when that gets fixed.

We manage Amazon for brands end to end, including strategy, content, advertising, inventory and operations.

Would it make sense to have a quick conversation before next season?

Yoni","same brand as FLIBS row 279 (Solara); cached record reused; sheet third-party (JJ Online store); fresh data shows Carbon Beauty at 90%, may be an affiliated account, verify",2026-09-25T17:01:18
1 - Confirmed on Amazon,FNCE 2025,Step One Foods,YES on Amazon (direct Amazon verification),,,,,,,https://www.amazon.com/stores/StepOneFoods/page/0A019713-F8E4-4F89-A432-8F95D9F4C5B8,Step One Foods,,No (SmartScout monthly quota exhausted),,,Not checked,,Yes,Brand store; sold by Step One Foods,Step One Foods,https://www.amazon.com/stores/StepOneFoods/page/0A019713-F8E4-4F89-A432-8F95D9F4C5B8,Brand (Seller Central),Yes,Step One Foods,exact,Health & Household,Sports Nutrition Bars,39121.1,1045604.46,5,921,4.08,46.94,0.6,Step One Foods,0,-0.01,0.142,True,https://www.amazon.com/stores/StepOneFoods/page/0A019713-F8E4-4F89-A432-8F95D9F4C5B8,"Step One Foods Apple Cinnamon Bars (12 Pack) | B0C1CMW8JZ | $15,479; Step One Foods Dark Chocolate Walnut Bars (24 Pack) | B0F679RR8Q | $13,404; Step One Foods Lemon Almond Bar (12 Pack) | B0CSZDTNTW | $10,238; Step One Foods Anytime Sprinkle (12 Pack) | B0BVRPYBQK | $0; Step One Foods Anytime Sprinkle (12 Pack) | B0DW4FG85G | $0",Step One Foods: 100%,1,Brand direct,0,"Brand direct at ~$39k a month on three selling listings; 4.08 rating; flat month, up ~14% on the year",Step One Foods 100%; monthly rev ~$39k; 5 products; 921 reviews; rating 4.08; MoM -1%; 12M MoM +14%,Step One Foods on Amazon,"Hi {{first_name}},

Saw that Step One Foods exhibited at FNCE last year.

Looking at your listings, Step One Foods is doing about $39k a month on Amazon through your own account, spread across three bar listings, with the sprinkle products not moving at all. The rating sits just above 4, which for a clinically positioned product is lower than it should be and is what caps conversion. The clinical story is a real differentiator in a crowded bar category if the listings tell it.

We manage Amazon for brands end to end, including strategy, content, advertising, inventory and operations.

Would it make sense to have a quick conversation about growing the channel?

Yoni",sheet Brand (Seller Central) confirmed,2026-09-25T17:01:18
1 - Confirmed on Amazon,FNCE 2025,Sunnygem LLC,YES on Amazon (direct Amazon verification),,,,,,,https://www.amazon.com/stores/SunnyGemAlmondOil/page/CF5AD1B2-2EAF-4430-83C3-86F589D333F7,Sunnygem,,No (SmartScout monthly quota exhausted),,,Not checked,,Yes,Brand store; sold by Sunnygem Almond Oil,Sunnygem California,https://www.amazon.com/stores/SunnyGemAlmondOil/page/CF5AD1B2-2EAF-4430-83C3-86F589D333F7,Brand (Seller Central),Yes,Sunnygem California,exact,Grocery & Gourmet Food,Almond Oils,1885.18,24278.06,1,100,4.4,22.99,2,,0,0.106,-0.49,False,,"Sunnygem California Almond Oil Cold Pressed Food Grade, 16.9 oz | B0BPWXR53L | $1,885",Sunnygem Almond Oil: 100%,1,Third-party resellers,100,"One almond oil listing doing ~$1.9k a month, sold direct, down ~49% on the year; no storefront",Sunnygem Almond Oil 100%; monthly rev ~$1.9k; TTM ~$24k; 1 product; 100 reviews; rating 4.4; 12M MoM -49%,Sunnygem on Amazon,"Hi {{first_name}},

Saw that Sunnygem exhibited at FNCE last year.

Looking at your listings, Sunnygem has one almond oil listing on Amazon doing about $2k a month, sold direct, with 100 reviews at a 4.4 average and the year down by about half. There's no brand storefront and nothing else from the catalog is listed. Almond oil is a steady Amazon search across cooking and skincare, and one listing left to drift isn't a channel.

We recently helped a brand go from no Amazon presence to a $1M+ annual run rate within six months. We manage the channel end to end.

Is Amazon something you're looking at more seriously?

Yoni
",sheet says brand store; fresh data shows no storefront; sheet Brand (Seller Central) confirmed,2026-09-25T17:01:18
1 - Confirmed on Amazon,FNCE 2025,The Wonderful Company,YES on Amazon (direct Amazon verification),,,,,,,https://www.amazon.com/stores/Wonderful/page/144617BC-5B1A-497F-A256-CB8FC5E710B2,Wonderful,,No (SmartScout monthly quota exhausted),,,Not checked,,Yes,Brand store; sold by Amazon.com,Wonderful Pistachios,https://www.amazon.com/stores/Wonderful/page/144617BC-5B1A-497F-A256-CB8FC5E710B2,Amazon (Vendor),Yes,Wonderful Pistachios,exact,Grocery & Gourmet Food,Pistachio Nuts,2712289.5,33717351.44,117,261286,4.67,36.99,3.29,Amazon.com,99.0,0.221,-0.119,True,https://www.amazon.com/stores/Wonderful/page/144617BC-5B1A-497F-A256-CB8FC5E710B2,"Wonderful Pistachios No Shells, 3 Flavors Variety Pack of 9 | B08DX4JCKQ | $407,081; Wonderful Pistachios No Shells, Roasted & Salted, 24 Ounce Bag | B004HZFASG | $353,973; Wonderful Pistachios No Shells, Roasted & Salted, 0.75 Ounce (Pack of 14) | B07TCW23N9 | $295,268; Wonderful Pistachios In Shell, Roasted & Salted, 48 Ounce | B07PBKZZ51 | $257,833; Wonderful Pistachios No Shells, Roasted & Salted, 0.75 Oz (Pack of 9) | B07XSKK6Z4 | $194,623",Amazon.com: 99.0%; FoodserviceDirect Inc.: 0.3%; Whole Foods Market: 0.2%; Cool Sea: 0.1%; Buck Island Trading: 0.1%,6,Amazon 1P,0.8,Very large; Amazon 1P ~99% (vendor); 117 listings; down ~12% on the year; narrow ask,"Amazon.com 99%; monthly rev ~$2.71M; 117 products; 261,286 reviews; rating 4.67; MoM +22%; 12M MoM -12%",Wonderful vendor side on Amazon,"Hi {{first_name}},

Saw that Wonderful Pistachios exhibited at FNCE last year.

From what we can see, Wonderful Pistachios does about $2.7M a month on Amazon, essentially all of it sold by Amazon as a vendor, with the no-shell variety packs carrying the top listings and the year down about 12%. I know Wonderful has an Amazon team. This is a narrow point about the vendor setup, where Amazon controls price and stock and the advertising and content across 117 listings tend to sit between teams.

We manage Amazon for brands end to end, including strategy, content, advertising, inventory and operations.

Open to a 20 minute look at the vendor side?

Yoni
","sheet Amazon (Vendor) confirmed; very large brand, narrow ask",2026-09-25T17:01:18
1 - Confirmed on Amazon,FNCE 2025,Tiiga,YES on Amazon (direct Amazon verification),,,,,,,https://www.amazon.com/stores/TiigaGutHealthHydration/page/406A12F6-403E-4359-A2EB-D07F31DCD38C,Tiiga,,No (SmartScout monthly quota exhausted),,,Not checked,,Yes,Brand store; sold by Tiiga,Tiiga,https://www.amazon.com/stores/TiigaGutHealthHydration/page/406A12F6-403E-4359-A2EB-D07F31DCD38C,Brand (Seller Central),Yes,Tiiga,exact,Health & Household,Sports Nutrition Electrolyte Replacement Drinks,1079.84,17505.19,10,37,3.9,28.49,0.2,,0,-0.128,0.308,False,,"Tiiga Gut Health & Hydration Drink Mix, Watermelon, 30 Servings | B0D9H8VHCW | $680; Tiiga Gut Health Prebiotic Fiber & Baobab Drink Mix (Lemon Lime) | B08SM9Q3P9 | $400; Tiiga Baobab Boost Organic Baobab (30) | B0FYRQS14Q | $0; Tiiga Baobab Boost Organic Baobab Fruit Prebiotic Fiber | B0FYK1XTP5 | $0; Tiiga Gut Health Drink Mix (Tropical Bliss) | B08CWZHWNR | $0",Tiiga: 100%,1,Brand direct,0,"Barely on Amazon: two listings selling ~$1k a month, sold direct, 37 reviews at a 3.9 rating; no storefront showing",Tiiga 100%; monthly rev ~$1.1k; 10 products; 37 reviews; rating 3.9; MoM -13%; storefront false,Tiiga on Amazon,"Hi {{first_name}},

Saw that Tiiga exhibited at FNCE last year.

Looking at your listings, Tiiga is on Amazon at about $1k a month, sold direct, with two of ten listings selling and under 40 reviews at a 3.9 average. Gut health hydration is a category where Amazon search is doing real work right now, and a listing set this thin isn't in the conversation. The rating is the first thing to fix, then content and advertising.

We recently helped a brand go from no Amazon presence to a $1M+ annual run rate within six months. We manage the channel end to end.

Is Amazon something you're looking at more seriously?

Yoni
",sheet says brand store; fresh data shows no storefront; sheet Brand (Seller Central) confirmed,2026-09-25T17:01:18
1 - Confirmed on Amazon,FNCE 2025,Tosi Snacks,YES on Amazon (direct Amazon verification),,,,,,,https://www.amazon.com/stores/Tosi/page/21B228BC-2326-4D9C-B9C9-A9FED76361B3,Tosi Snacks,,No (SmartScout monthly quota exhausted),,,Not checked,,Yes,Brand store; sold by Tosi Snacks,Tosi,https://www.amazon.com/stores/Tosi/page/21B228BC-2326-4D9C-B9C9-A9FED76361B3,Brand (Seller Central),Yes,Tosi,exact,Grocery & Gourmet Food,Nut Bars,53675.03,803473.94,36,909,4.31,23.76,2.61,Tosi Snacks,1.0,0.315,0.347,True,https://www.amazon.com/stores/Tosi/page/21B228BC-2326-4D9C-B9C9-A9FED76361B3,"Tosi Nut Bars, Almond Blueberry, 12-Pack | B07P86LP93 | $5,448; Tosi Nut Bars, Cashew Coconut, 12-Pack | B07VYVH8HG | $5,424; Tosi Nut Bars, Almond Dark Choco, 12-Pack | B09J6RG9WP | $5,328; Tosi Organic SuperBites, Variety, 8-Pack | B099FK6P91 | $4,638; Tosi Crunchy Meal Nut Bars, Almond Blueberry, 12-Pack | B07VYVCZ2L | $3,777",Tosi Snacks: 90.8%; Everyday Goods Inc.: 5.4%; Franzy Boy Goods: 1.1%; Amazon.com: 1.0%; Modernparty: 0.9%,6,Brand direct,7.8,"Brand sells ~91% direct at ~$54k a month, growing; small reseller layer (Everyday Goods 5%); 36 listings averaging low volume each",Tosi Snacks 90.8%; Everyday Goods 5.4%; Amazon.com 1%; monthly rev ~$54k; 36 products; 909 reviews; rating 4.31; MoM +31.5%; 12M MoM +35%,Tosi on Amazon,"Hi {{first_name}},

Saw that Tosi exhibited at FNCE last year.

Looking at your listings, Tosi is doing about $54k a month on Amazon through your own account and growing, spread fairly evenly across the nut bar 12-packs with no single hero listing. That's a healthy base. With 36 listings and about 900 reviews across all of them, the catalog is wide but thin on social proof, and consolidating around a few winners with advertising behind them is usually what moves a brand at this stage.

We manage Amazon for brands end to end, including strategy, content, advertising, inventory and operations.

Would it make sense to have a quick conversation?

Yoni",sheet Brand (Seller Central) confirmed,2026-09-25T17:01:18
1 - Confirmed on Amazon,FNCE 2025,Tribe Nutrition,YES on Amazon (direct Amazon verification),,,,,,,https://www.amazon.com/stores/AlphaTribe/page/FE01C1E0-17BD-47F3-9646-2200B02DB0A8,Tribe Nutrition,,No (SmartScout monthly quota exhausted),,,Not checked,,Yes,Brand store; sold by AlphaTribe,Alpha Tribe,https://www.amazon.com/stores/AlphaTribe/page/FE01C1E0-17BD-47F3-9646-2200B02DB0A8,Brand (Seller Central),Yes,Alpha Tribe,exact,Health & Household,Blended Vitamin & Mineral Supplements,34158.24,1435116.93,5,982,4.34,90.93,0.4,,0,-0.338,2.793,True,https://www.amazon.com/stores/AlphaTribe/page/FE01C1E0-17BD-47F3-9646-2200B02DB0A8,"Alpha Tribe Multivitamin for Men with Sea Moss, Black Seed Oil, Ashwagandha | B0DKNJBC9C | $17,828; Alpha Tribe Multivitamin for Men with Sea Moss, Black Seed Oil, Ashwagandha | B0CV641R7Z | $16,330; Alpha Tribe Test Protocol (120 Count Pack of 1) | B0CTVN1WFY | $0; Alpha Tribe Test Protocol (Pack of 2) | B0F45SLFCQ | $0; Alpha Tribe Test Protocol (Pack of 3) | B0F45ST163 | $0",AlphaTribe: 100%,1,Brand direct,0,"Brand direct at ~$34k a month, up several times on the year but down ~34% this month; two multivitamin listings carry it; identity of exhibitor unverified",AlphaTribe 100%; monthly rev ~$34k; 5 products; 982 reviews; rating 4.34; MoM -34%; 12M MoM +279%,Alpha Tribe on Amazon,"Hi {{first_name}},

Saw that Alpha Tribe exhibited at FNCE last year.

Looking at your listings, Alpha Tribe is doing about $34k a month on Amazon through your own account, up several times on the year, with the two men's multivitamin listings carrying all of it and the Test Protocol line not moving. The month looks to be down about a third. When a brand rides two listings that hard, a dip like that is usually ranking or advertising on one of them, and it's fixable.

We manage Amazon for brands end to end, including strategy, content, advertising, inventory and operations.

Open to a 20 minute look at the dip?

Yoni",verify identity: exhibitor listed as Tribe Nutrition; sheet and SmartScout record are Alpha Tribe; sheet Brand (Seller Central) confirmed,2026-09-25T17:01:18
"2 - Possible, verify",FNCE 2025,UP2U,"LISTED on Amazon, reseller / seller unclear (direct Amazon verification)",,,,,,,https://www.amazon.com/dp/1532130317,UP2U,,No (SmartScout monthly quota exhausted),,,Not checked,,Possible,No brand store found; seller not shown; name from Amazon search label,Up2U,,Unknown,Yes,,not found,,,,,,,,,,,,,,,,,,,,,Not found; sheet listing is a book ISBN; exhibitor product line unclear,"No brand record on two attempts (Up2U, UP2U); sheet listing is a book",UP2U on Amazon,"Hi {{first_name}},

Saw that UP2U exhibited at FNCE last year.

From what we can see, UP2U doesn't have a brand presence on Amazon, and the only listing tied to the name is a book. If UP2U is a program or service rather than a product, Amazon isn't relevant and this note can be ignored. If there's a product side, that's where public marketplace data would start to matter.

We recently helped a brand go from no Amazon presence to a $1M+ annual run rate within six months. We manage the channel end to end.

Is there a product side to UP2U where Amazon comes up?

Yoni
","no brand record on two attempts; sheet listing is a book; industry-level email; exhibitor product line unclear, weak fit",2026-09-25T17:01:18
1 - Confirmed on Amazon,FNCE 2025,"VSL#3 / Actial Nutrition, Inc.",YES on Amazon (direct Amazon verification),,,,,,,https://www.amazon.com/stores/VSL3/page/0260EA1D-343C-4EC6-B0E6-65084D807AED,VSL#3,,No (SmartScout monthly quota exhausted),,,Not checked,,Yes,Brand store; sold by VSL#3,VSL #3,https://www.amazon.com/stores/VSL3/page/0260EA1D-343C-4EC6-B0E6-65084D807AED,Brand (Seller Central),Yes,VSL #3,exact,Health & Household,Acidophilus Nutritional Supplements,505520.95,8227053.15,6,3595,4.63,161.12,1.33,,0,-0.153,0.465,False,,"VSL #3 High-Potency Probiotic Medical Food | B083STQVBP | $248,805; VSL #3 High-Potency Probiotic Medical Food | B07WX1LVHL | $141,880; VSL #3 High-Potency Probiotic Medical Food | B0BWHB72DH | $41,287; VSL #3 High-Potency Probiotic Medical Food | B0BWHJ1JS1 | $33,661; VSL #3 High-Potency Probiotic Medical Food | B083WNY2TF | $22,045",VSL#3: 100%,1,Brand direct,0,"Brand direct at ~$506k a month on six listings, up ~47% on the year, month down ~15%; no storefront showing; modest ask","VSL#3 100%; monthly rev ~$506k; 6 products; 3,595 reviews; rating 4.63; MoM -15%; 12M MoM +47%; storefront false",VSL#3 on Amazon,"Hi {{first_name}},

Saw that VSL#3 exhibited at FNCE last year.

Looking at your listings, VSL#3 is doing about $500k a month on Amazon through your own account across six listings, up close to 50% on the year, with the month down about 15%. One thing stands out: no brand storefront shows up in marketplace data, which at this scale matters for ad traffic and for keeping a medical food positioned properly. I know you have people on this.

We manage Amazon for brands end to end, including strategy, content, advertising, inventory and operations.

Open to a 20 minute look at where the next stretch of growth is?

Yoni
",combined exhibitor name; queried VSL #3; sheet says brand store; fresh data shows no storefront; sheet Brand (Seller Central) confirmed,2026-09-25T17:01:18
"2 - Possible, verify",FNCE 2025,wildbrine,"LISTED on Amazon, reseller / seller unclear (direct Amazon verification)",,,,,,,https://www.amazon.com/dp/B01CRLP1U8,wildbrine,,No (SmartScout monthly quota exhausted),,,Not checked,,Possible,No brand store found; sold by Whole Foods Market,Wildbrine,,Third-party resellers,Yes,Wildbrine,exact,Grocery & Gourmet Food,Canned & Jarred Sauerkraut,100747.93,1223437.88,8,4716,4.03,19.28,1.75,Amazon.com,0,1.035,2.001,False,,"Wildbrine Organic Green Sauerkraut 18 oz Jar | B075M96F77 | $39,443; Wildbrine Kimchi 18 oz Jar | B01CRLP1U8 | $28,779; Wildbrine Mediterranean Fermented Chickpea Salad 20 oz Jar | B07G4XNC45 | $12,531; Wildbrine Organic Red Beet & Cabbage Sauerkraut 18 oz Jar | B01MEEJDXR | $10,285; Wildbrine Organic Dill & Garlic Sauerkraut 18 oz Jar | B00GFPW8PE | $8,551",Whole Foods Market: 91.5%; Royalty Privilege: 3.6%; Eternity Essentials: 2.2%; Big-Foot: 1.5%; AKYS: 0.7%,6,Third-party resellers,100.0,Sold through Whole Foods Market (~92%) and small resellers; no brand account or storefront; up strongly on the year; 4.03 rating,"Whole Foods Market 91.5%; Royalty Privilege 3.6%; Eternity Essentials 2.2%; monthly rev ~$101k; 8 products; 4,716 reviews; rating 4.03; MoM +104%; 12M MoM +200%",wildbrine on Amazon,"Hi {{first_name}},

Saw that wildbrine exhibited at FNCE last year.

Looking at your listings, wildbrine is doing about $100k a month on Amazon, up sharply on the year, with Whole Foods Market as the seller on more than 90% and a few small resellers on the rest. There's no brand account or storefront, and the rating sits around 4.0, which on refrigerated kraut and kimchi usually traces to shipping and temperature complaints. That's a content and packaging problem more than a product one.

We manage Amazon for brands end to end, including strategy, content, advertising, inventory and operations.

Open to a 20 minute look at the rating and content side?

Yoni
",sheet third-party (Whole Foods Market) confirmed; Whole Foods counted as third-party per rule but is Amazon-owned,2026-09-25T17:01:18
"2 - Possible, verify",FNCE 2025,Yaza,"LISTED on Amazon, reseller / seller unclear (direct Amazon verification)",,,,,,,https://www.amazon.com/stores/Yaza/page/9F60B7ED-24D5-4443-AA9E-1C2083FAD181,Yaza,,No (SmartScout monthly quota exhausted),,,Not checked,,Possible,Brand store; sold by Whole Foods Market,Yaza,https://www.amazon.com/stores/Yaza/page/9F60B7ED-24D5-4443-AA9E-1C2083FAD181,Third-party resellers,Yes,Yaza,exact,Grocery & Gourmet Food,Refrigerated Cheese Dips & Spreads,27614.44,141062.16,2,127,3.55,7.56,0.5,,0,0.074,10.627,True,https://www.amazon.com/stores/Yaza/page/9F60B7ED-24D5-4443-AA9E-1C2083FAD181,"Yaza, Labneh Plain, 12 Ounce | B0CSLLDL42 | $17,138; Yaza, Labneh Zaatar And Olive Oil, 12 Ounce | B0CSLB4ZML | $10,476",,0,,0,Two labneh listings doing ~$28k a month through Whole Foods Market; 3.55 rating on 127 reviews; up sharply on the year,"Sheet: sold by Whole Foods Market; monthly rev ~$28k; 2 products; 127 reviews; rating 3.55; MoM +7%; 12M MoM +1,063%",Yaza on Amazon,"Hi {{first_name}},

Saw that Yaza exhibited at FNCE last year.

Looking at your listings, Yaza has two labneh listings on Amazon doing about $28k a month, sold through Whole Foods Market rather than a brand account, and the growth on the year is dramatic. What stands out is a 3.55 rating on about 130 reviews. For a refrigerated dairy product that usually traces to how it arrives rather than how it tastes, and it caps everything the growth could become.

We manage Amazon for brands end to end, including strategy, content, advertising, inventory and operations.

Would it make sense to have a quick conversation about the rating?

Yoni
",seller query returned empty; seller taken from sheet (Whole Foods Market); low rating,2026-09-25T17:01:18
"2 - Possible, verify",Las Vegas Souvenir & Resort Gift Show 2026,"Country Fresh Food & Confections, Inc.","LISTED on Amazon, reseller / seller unclear (direct Amazon verification)",,,,,,,https://www.amazon.com/stores/BackroadCountry/page/BDDC3BDE-88B6-4D28-93BE-5B6EFBE98B24,Country Fresh Food & Confections,,No (SmartScout monthly quota exhausted),,,Not checked (search budget exhausted),,Possible,Brand store; sold by ChristianStore2011,Backroad Country,https://www.amazon.com/stores/BackroadCountry/page/BDDC3BDE-88B6-4D28-93BE-5B6EFBE98B24,Third-party resellers,Yes,Backroad Country,exact,Grocery & Gourmet Food,Licorice Candy,54762.72,782573.85,50,5322,4.08,15.61,1.74,,0,-0.01,0.098,True,https://www.amazon.com/stores/BackroadCountry/page/BDDC3BDE-88B6-4D28-93BE-5B6EFBE98B24,"Backroad Country Old Fashioned Classic Black Licorice Twists, 16 OZ (Pack of 2) | B09SGLC6VZ | $9,031; Backroad Country Old Fashioned Classic Black Licorice Twists, 16 OZ | B07MWBGFSF | $8,850; Backroad Country Pickled Cured Pork Hocks in a Jar, 12 oz | B019ZGOGZ4 | $6,115; Backroad Country Old Fashioned Green Apple Twists, 16 OZ | B07N1R8NR3 | $4,913; Backroad Country Old Fashioned Red Twists, 16 OZ | B00BLBMUIM | $4,759",ChristianStore2011: 53.5%; Myers Distribution: 37.3%; Panorama Goods Hub: 2.5%; Spring Mount Supply: 2.0%; Sellet-Ohio: 1.3%,6,Third-party resellers,97.5,"Sold entirely by resellers (ChristianStore2011 53%, Myers Distribution 37%); ~$55k a month across 50 listings; no brand account","ChristianStore2011 53.5%; Myers Distribution 37.3%; Panorama Goods Hub 2.5%; monthly rev ~$55k; 50 products; 5,322 reviews; rating 4.08; 12M MoM +10%",Who sells Backroad Country on Amazon,"Hi {{first_name}},

Saw you're exhibiting at the Las Vegas Souvenir & Resort Gift Show next week.

Looking at your listings, Backroad Country is doing about $55k a month on Amazon across 50 listings, with the black licorice twists carrying it, and none of it runs through a Country Fresh account. ChristianStore2011 sells about half, Myers Distribution most of the rest. For a candy brand heading into Q4, that means price, content and the Buy Box are set by whoever has stock.

We manage Amazon for brands end to end, including strategy, content, advertising, inventory and operations.

Would it make sense to have a quick conversation about owning the channel before Q4?

Yoni",sheet third-party (ChristianStore2011) confirmed,2026-09-25T17:01:18
1 - Confirmed on Amazon,Las Vegas Souvenir & Resort Gift Show 2026,Crazy Apparel Inc.,YES on Amazon (direct Amazon verification),,,,,,,https://www.amazon.com/dp/B0HGJ75SQV,Crazy Apparel,,No (SmartScout monthly quota exhausted),,,Not checked (search budget exhausted),,Yes,No brand store found; sold by Amazon.com,Feel Wild and Crazy,,Amazon (Vendor),Yes,,not found,,,,,,,,,,,,,,,,,,,,,Not found; sheet listing is an unrelated print-on-demand shirt; industry-level email,"No brand record on two attempts (Crazy Apparel, Crazy Apparel Inc); sheet listing is a novelty shirt sold by Amazon",Crazy Apparel on Amazon,"Hi {{first_name}},

Saw you're exhibiting at the Las Vegas Souvenir & Resort Gift Show next week.

From what we can see, Crazy Apparel doesn't have a brand presence on Amazon, and the only listing tied to the name is an unrelated novelty shirt. Resort apparel gets searched by name on Amazon by people who bought a piece on a trip, and a storefront with a few well-built listings is a small way to catch that before the holidays.

We recently helped a brand go from no Amazon presence to a $1M+ annual run rate within six months. We manage the channel end to end.

Is Amazon something you're looking at more seriously?

Yoni",no brand record on two attempts; sheet listing unrelated; industry-level email,2026-09-25T17:01:18
"2 - Possible, verify",Las Vegas Souvenir & Resort Gift Show 2026,"Crossroads Designs, LLC","LISTED on Amazon, reseller / seller unclear (direct Amazon verification)",,,,,,,https://www.amazon.com/dp/B00SCFK370,Crossroads Designs,,No (SmartScout monthly quota exhausted),,,Not checked (search budget exhausted),,Possible,No brand store found; sold by Hour Loop,CROSSROADS ORIGINAL DESIGNS,,Third-party resellers,Yes,CROSSROADS ORIGINAL DESIGNS,exact,Home & Kitchen,Jar Candles,19261.67,376851.91,59,4605,4.28,40.61,2.54,,0,0.234,0.192,False,,"Crossroads Buttered Maple Syrup Scented 2-Wick Candle, 26 Ounce | B009ACFT0K | $5,156; Crossroads Candle 16 Ounce Jar Candle, Buttered Maple Syrup | B00I213R68 | $2,210; Crossroads Maple Pumpkin Donut Scented 2-Wick Candle, 26 oz | B0794BCKSN | $1,708; Crossroads Buttered Maple Syrup Scented 4-Wick Candle, 96 Ounce | B076PP6MNN | $1,330; Crossroads Buttered Maple Syrup Scented 4-Wick Candle, 64 Ounce | B00NEZYYNC | $895",Hour Loop: 43.9%; JBTools: 13.0%; Top Logistics & Marketing: 8.8%; ArtsiHome: 6.5%; E SHOPPE: 6.4%,6,Third-party resellers,82.8,"Sold entirely by resellers (Hour Loop 44%, JBTools 13%, ArtsiHome 6%); ~$19k a month across 59 candle listings; no brand account or storefront","Hour Loop 43.9%; JBTools 13%; Top Logistics 8.8%; ArtsiHome 6.5%; monthly rev ~$19k; 59 products; 4,605 reviews; rating 4.28; MoM +23%",Who sells Crossroads candles on Amazon,"Hi {{first_name}},

Saw you're exhibiting at the Las Vegas Souvenir & Resort Gift Show next week.

Looking at your listings, Crossroads candles are on Amazon at about $19k a month across roughly 60 listings, all sold by resellers like Hour Loop and JBTools rather than a Crossroads account, with no brand storefront. The Buttered Maple Syrup scent carries it, with 4,600 reviews behind the catalog. Candles are one of the biggest Q4 gift searches on Amazon, and the brand isn't the one selling them.

We manage Amazon for brands end to end, including strategy, content, advertising, inventory and operations.

Would it make sense to have a quick conversation before Q4?

Yoni",sheet third-party (Hour Loop) confirmed,2026-09-25T17:01:18
1 - Confirmed on Amazon,Las Vegas Souvenir & Resort Gift Show 2026,"Culver Industries, Inc.",YES on Amazon (direct Amazon verification),,,,,,,https://www.amazon.com/stores/CulverMobility/page/E02FBFC6-EF96-401A-996D-D1411A1769E4,Culver,,No (SmartScout monthly quota exhausted),,,Not checked (search budget exhausted),,Yes,Brand store; sold by Culver Group,CULVER LED PROFESSIONAL LED LIGHTING SOLUTIONS,https://www.amazon.com/stores/CulverMobility/page/E02FBFC6-EF96-401A-996D-D1411A1769E4,Brand (Seller Central),Yes,Culver,wrong match,,,,,,,,,,,,,,,,,,,,,Wrong match; 'Culver' on Amazon is a glassware brand sold by LaPrima Shops; sheet mapped to an unrelated LED storefront; industry-level email,"'Culver' record (~$9k/mo, glassware) and sheet storefront (Culver LED) are both unrelated; 'Culver Industries' returned empty",Culver Industries on Amazon,"Hi {{first_name}},

Saw you're exhibiting at the Las Vegas Souvenir & Resort Gift Show next week.

From what we can see, Culver Industries doesn't have a brand presence on Amazon, and searches for the name land on an unrelated glassware brand and an unrelated lighting storefront. For a gift-show exhibitor, Amazon is where the people who saw you go to look afterward, and right now there's nothing built under the name to catch that.

We recently helped a brand go from no Amazon presence to a $1M+ annual run rate within six months. We manage the channel end to end.

Is Amazon something you're looking at more seriously?

Yoni
",wrong match: 'Culver' record is a glassware brand; sheet storefront (Culver LED) unrelated; exhibitor product line unclear; industry-level email,2026-09-25T17:01:18
1 - Confirmed on Amazon,Las Vegas Souvenir & Resort Gift Show 2026,Desert Sunglass of Scottsdale,YES on Amazon (direct Amazon verification),,,,,,,https://www.amazon.com/dp/B0GKQK4NKJ,Desert Sunglass of Scottsdale,,No (SmartScout monthly quota exhausted),,,Not checked (search budget exhausted),,Yes,No brand store found; sold by Amazon.com,Sunglasses Girls Trip Arizona 2026 Scottsdale,,Amazon (Vendor),Yes,,not found,,,,,,,,,,,,,,,,,,,,,Not found; sheet listing is an unrelated novelty shirt; industry-level email,No brand record on two attempts; sheet listing is a print-on-demand shirt sold by Amazon,Desert Sunglass on Amazon,"Hi {{first_name}},

Saw you're exhibiting at the Las Vegas Souvenir & Resort Gift Show next week.

From what we can see, Desert Sunglass of Scottsdale doesn't have a brand presence on Amazon, and the only listing tied to the name is an unrelated novelty shirt. Sunglasses are one of the most searched gift categories on Amazon, and a resort sunglass line with a storefront and a few good listings can catch people who bought a pair on a trip.

We recently helped a brand go from no Amazon presence to a $1M+ annual run rate within six months. We manage the channel end to end.

Is Amazon something you're looking at?

Yoni",no brand record on two attempts; sheet listing unrelated; industry-level email,2026-09-25T17:01:18
"2 - Possible, verify",Las Vegas Souvenir & Resort Gift Show 2026,DMR Creative,"LISTED on Amazon, reseller / seller unclear (direct Amazon verification)",,,,,,,https://www.amazon.com/dp/B0HC4K7Q18,DMR Creative,,No (SmartScout monthly quota exhausted),,,Not checked (search budget exhausted),,Possible,No brand store found; seller not shown; name from Amazon search label,DMR,,Unknown,Yes,DMR,wrong match,,,,,,,,,,,,,,,,,,,,,Wrong match; 'DMR' on Amazon is a bike parts brand; second attempt 'DMR Creative' empty; industry-level email,"'DMR' record (~$9k/mo, bike grips) unrelated; 'DMR Creative' returned empty; sheet listing seller unknown",DMR Creative on Amazon,"Hi {{first_name}},

Saw you're exhibiting at the Las Vegas Souvenir & Resort Gift Show next week.

From what we can see, DMR Creative doesn't have a brand presence on Amazon, and searches for the name land on an unrelated bike parts brand. For a gift-show exhibitor, Amazon is where people go to look after they've seen a product on a trip, and right now nothing under the name catches that.

We recently helped a brand go from no Amazon presence to a $1M+ annual run rate within six months. We manage the channel end to end.

Is Amazon something you're looking at more seriously?

Yoni
",wrong match: 'DMR' record is a bike parts brand; 'DMR Creative' returned empty; sheet seller unknown; industry-level email,2026-09-25T17:10:03
"2 - Possible, verify",Las Vegas Souvenir & Resort Gift Show 2026,Mermaid Soul,"LISTED on Amazon, reseller / seller unclear (direct Amazon verification)",,,,,,,https://www.amazon.com/dp/1974552500,Mermaid Soul,,No (SmartScout monthly quota exhausted),,,Not checked (SmartScout monthly AI quota exhausted),row not processed - rerun when SmartScout quota resets,Possible,No brand store found; seller not shown; name from Amazon search label,Mermaid Soul,,Unknown,Yes,,not found,,,,,,,,,,,,,,,,,,,,,Not found; sheet listing is a book; industry-level email,"No brand record on two attempts; sheet listing (ISBN) is a book, not a product line",Mermaid Soul on Amazon,"Hi {{first_name}},

Saw you're exhibiting at the Las Vegas Souvenir & Resort Gift Show next week.

From what we can see, Mermaid Soul doesn't have a brand presence on Amazon, and the only listing tied to the name is a book. Coastal gift lines get searched on Amazon by people who saw a piece on vacation, and a storefront with a few well-built listings is a small way to catch that before the holidays.

We recently helped a brand go from no Amazon presence to a $1M+ annual run rate within six months. We manage the channel end to end.

Is Amazon something you're looking at more seriously?

Yoni
",no brand record on two attempts; sheet listing is a book; industry-level email,2026-09-25T17:10:03
1 - Confirmed on Amazon,Las Vegas Souvenir & Resort Gift Show 2026,Miss Hannah's Gourmet Popcorn,YES on Amazon (direct Amazon verification),,,,,,,https://www.amazon.com/stores/MissHannahsGourmetPopcorn/page/2FF3CEAB-C4DD-47FF-9CFA-791319F01449,Miss Hannah's Gourmet Popcorn,,No (SmartScout monthly quota exhausted),,,Not checked (SmartScout monthly AI quota exhausted),row not processed - rerun when SmartScout quota resets,Yes,Brand store; sold by Miss Hannah's Gourmet Popcorn Co.,Miss Hannah's Gourmet Popcorn,https://www.amazon.com/stores/MissHannahsGourmetPopcorn/page/2FF3CEAB-C4DD-47FF-9CFA-791319F01449,Brand (Seller Central),Yes,Miss Hannah's Gourmet Popcorn,exact,Grocery & Gourmet Food,Popped Popcorn,5948.3,73772.43,13,44,4.13,34.99,0.85,,0,-0.019,10.059,False,,"Miss Hannah's Gourmet Sea Salted Brulee Popcorn, 16oz (3 Pack) | B0F47LZJ3Q | $1,680; Miss Hannah's Gourmet Kettle Corn, 16oz (3 Pack) | B0F47DQBFC | $1,435; Miss Hannah's Gourmet Popcorn Starter Pack, 3 Pack Gift Set | B0F2G66HNY | $1,435; Miss Hannah's Gourmet Popcorn Party Pack, 3 Pack Gift Set | B0F2GKGPKR | $630; Miss Hannah's Gourmet Popcorn Classic Bundle, 3 Pack Gift Set | B0F2GN67YL | $455",Miss Hannah's Gourmet Popcorn Co.: 100%,1,Brand direct,0,"Small, new footprint sold brand direct; thin reviews on gift bundles ahead of Q4",~$6k/mo; 13 listings; 44 reviews; 4.1 rating; 100% brand seller; three-packs and gift sets lead; run rate up sharply on the year from a near-zero base,Miss Hannah's popcorn on Amazon,"Hi {{first_name}},

Saw you're exhibiting at the Las Vegas Souvenir & Resort Gift Show next week.

Looking at your listings, Miss Hannah's is doing about $6k a month on Amazon through your own account, with the three-packs and gift sets carrying it and the listings still new, at under 50 reviews across the catalog. Gourmet popcorn gift sets are a real Q4 search on Amazon, and the gap right now is reviews and advertising behind the gift bundles.

We manage Amazon for brands end to end, including strategy, content, advertising, inventory and operations.

Would it make sense to have a quick conversation before Q4?

Yoni
",sheet Brand (Seller Central) confirmed; fresh data shows no storefront flag though sheet found a brand store,2026-09-25T17:10:03
1 - Confirmed on Amazon,Las Vegas Souvenir & Resort Gift Show 2026,Momentum Comfort Gear,YES on Amazon (direct Amazon verification),,,,,,,https://www.amazon.com/dp/B0H2F3GYPN,Momentum Comfort Gear,,No (SmartScout monthly quota exhausted),,,Not checked (SmartScout monthly AI quota exhausted),row not processed - rerun when SmartScout quota resets,Yes,No brand store found; sold by Amazon.com,Momentum,,Amazon (Vendor),Yes,Momentum,wrong match,,,,,,,,,,,,,,,,,,,,,Wrong match; 'Momentum' record is unrelated media sold by Amazon; second attempt 'Momentum Comfort Gear' empty; industry-level email,'Momentum' record is an unrelated Camera & Photo / media brand; 'Momentum Comfort Gear' returned empty; sheet listing sold by Amazon.com unverified,Momentum Comfort Gear on Amazon,"Hi {{first_name}},

Saw you're exhibiting at the Las Vegas Souvenir & Resort Gift Show next week.

From what we can see, Momentum Comfort Gear doesn't have a brand presence on Amazon, and searches for the name land on unrelated listings. Comfort and travel gear is a big gift category on Amazon, and a storefront with a few well-built listings is a small way to catch people who saw the line at a resort shop.

We recently helped a brand go from no Amazon presence to a $1M+ annual run rate within six months. We manage the channel end to end.

Is Amazon something you're looking at more seriously?

Yoni
",wrong match: 'Momentum' record unrelated; 'Momentum Comfort Gear' returned empty; sheet Amazon (Vendor) not confirmed; industry-level email,2026-09-25T17:10:03
1 - Confirmed on Amazon,Las Vegas Souvenir & Resort Gift Show 2026,Moose Haven Farm,YES on Amazon (direct Amazon verification),,,,,,,https://www.amazon.com/dp/B0FZ7YKZWW,Moose Haven Farm,,No (SmartScout monthly quota exhausted),,,Not checked (SmartScout monthly AI quota exhausted),row not processed - rerun when SmartScout quota resets,Yes,No brand store found; sold by Moose Haven Farm,Moose Haven Farm,,Brand (Seller Central),Yes,Moose Haven Farm,exact,Beauty & Personal Care,Face Moisturizers,275,1875,1,6,5,25,1,,0,0.167,,False,,"Moose Haven Farm Balm Haven, Grass Fed Tallow and Manuka Honey Balm, 1 oz | B0FZ7KQMYZ | $275",Moose Haven Farm: 100%,1,Brand direct,0,"Tiny footprint sold brand direct; one listing, strong early rating",~$300/mo; 1 listing (tallow and manuka balm); 6 reviews; 5.0 rating; 100% brand seller,Moose Haven Farm on Amazon,"Hi {{first_name}},

Saw you're exhibiting at the Las Vegas Souvenir & Resort Gift Show next week.

Looking at your listings, Moose Haven Farm is on Amazon with one tallow balm listing doing a few hundred dollars a month through your own account. Six reviews and a 5.0 rating is a good sign on the product. The gap is one listing with nothing behind it, so from what we can see most of the search for tallow balm goes to other brands.

We manage Amazon for brands end to end, including strategy, content, advertising, inventory and operations.

Is Amazon something you're looking at more seriously?

Yoni
",sheet Brand (Seller Central) confirmed,2026-09-25T17:10:03
"2 - Possible, verify",Las Vegas Souvenir & Resort Gift Show 2026,Mug Experience,"LISTED on Amazon, reseller / seller unclear (direct Amazon verification)",,,,,,,https://www.amazon.com/dp/B0CFX7RZXG,Mug Experience,,No (SmartScout monthly quota exhausted),,,Not checked (SmartScout monthly AI quota exhausted),row not processed - rerun when SmartScout quota resets,Possible,No brand store found; sold by Hour Loop,The Mug Experience,,Third-party resellers,Yes,,not found,,,,,,,,,,,,,,,,,,,,,Not found; record exists with zero products; sheet listing sold by Hour Loop; industry-level email,Empty brand record on 'The Mug Experience' and 'Mug Experience'; sheet listing sold by reseller Hour Loop,The Mug Experience on Amazon,"Hi {{first_name}},

Saw you're exhibiting at the Las Vegas Souvenir & Resort Gift Show next week.

From what we can see, The Mug Experience doesn't have a brand presence on Amazon, and the one listing tied to the name is sold by a reseller. Mugs are one of the biggest souvenir searches on Amazon, and a storefront with a few well-built listings is a small way to catch people who saw the line on a trip.

We recently helped a brand go from no Amazon presence to a $1M+ annual run rate within six months. We manage the channel end to end.

Is Amazon something you're looking at?

Yoni",empty brand record on two attempts; sheet third-party (Hour Loop); industry-level email,2026-09-25T17:10:03
"2 - Possible, verify",Las Vegas Souvenir & Resort Gift Show 2026,Norty Footwear & Clothing,"LISTED on Amazon, reseller / seller unclear (direct Amazon verification)",,,,,,,https://www.amazon.com/stores/NORTY/page/D2AAE695-229E-4352-93F5-47177381A392,Norty Footwear & Clothing,,No (SmartScout monthly quota exhausted),,,Not checked (SmartScout monthly AI quota exhausted),row not processed - rerun when SmartScout quota resets,Possible,Brand store; sold by BCClothing,NORTY,https://www.amazon.com/stores/NORTY/page/D2AAE695-229E-4352-93F5-47177381A392,Third-party resellers,Yes,NORTY,exact,"Clothing, Shoes & Jewelry",Women's Ankle Boots & Booties,29393.08,965220,379,29495,4.17,23.34,1.35,BCClothing,0,-0.341,-0.647,True,https://www.amazon.com/stores/NORTY/page/D2AAE695-229E-4352-93F5-47177381A392,"NORTY Men's Water Shoes, Quick-Dry Aqua Socks, Navy, Size 14 | B01N8ZV3QW | $589; NORTY Men's Water Shoes, Quick-Dry Aqua Socks, Black, Size 14 | B01MTMZCZG | $568; NORTY Men's Water Shoes, Quick-Dry Aqua Socks, Black, Size 17 | B09WPBH457 | $477; NORTY Men's Water Shoes, Quick-Dry Aqua Socks, Navy, Size 16 | B0DV698JR4 | $474; NORTY Men's Water Shoes, Quick-Dry Aqua Socks, Navy, Size 15 | B01MTMZC2D | $449",BCClothing: 100%,1,Third-party resellers,100,"Revenue well below what a 380-listing, 30k-review catalog suggests; down about two-thirds on the year; whole channel through one account (BCClothing)","~$29k/mo; 379 listings; 29,495 reviews; 4.17 rating; BCClothing 100%; MoM -34%; 12-month MoM -65%; storefront present",Norty on Amazon,"Hi {{first_name}},

Saw you're exhibiting at the Las Vegas Souvenir & Resort Gift Show next week.

Looking at your listings, Norty is doing about $29k a month on Amazon across roughly 380 listings and close to 30,000 reviews, down about two-thirds on the year, and all of it runs through an account called BCClothing rather than a Norty account. A catalog with that many reviews should do far more than $29k, so the drop is likely ranking and listing health, not demand.

We manage Amazon for brands end to end, including strategy, content, advertising, inventory and operations.

Open to a 20 minute look at where the drop is coming from?

Yoni
","sheet third-party (BCClothing) confirmed; BCClothing may be Norty's own account, verify",2026-09-25T17:10:03
1 - Confirmed on Amazon,Las Vegas Souvenir & Resort Gift Show 2026,Openers Plus,YES on Amazon (direct Amazon verification),,,,,,,https://www.amazon.com/stores/magicopener/page/C1F7E4B3-6A6D-4C19-BB78-53480843C149,Openers Plus,,No (SmartScout monthly quota exhausted),,,Not checked (SmartScout monthly AI quota exhausted),row not processed - rerun when SmartScout quota resets,Yes,Brand store; sold by magic Opener,magic Opener,https://www.amazon.com/stores/magicopener/page/C1F7E4B3-6A6D-4C19-BB78-53480843C149,Brand (Seller Central),Yes,magic Opener,exact,Kitchen & Dining,Bottle Openers,8667.02,121177.44,2,3592,4.35,27.49,1,,0,0.023,-0.486,True,https://www.amazon.com/stores/magicopener/page/C1F7E4B3-6A6D-4C19-BB78-53480843C149,"Bottle Opener Combo, Water Bottle Opener, Soda & Plastic Caps, 16 Sizes | B018KFII4G | $7,318; magic Opener EXTREME, Soda & Water Plastic Caps, Arthritis Helper | B009G5MDHI | $1,349",magic Opener: 100%,1,Brand direct,0,"Down about half on the year on two listings with 3,600 reviews; sold brand direct","~$9k/mo; 2 listings; 3,592 reviews; 4.35 rating; 100% brand seller; 12-month MoM -49%; storefront present",Magic Opener on Amazon,"Hi {{first_name}},

Saw you're exhibiting at the Las Vegas Souvenir & Resort Gift Show next week.

Looking at your listings, Magic Opener is doing about $9k a month on Amazon through your own account, on two listings with about 3,600 reviews between them, but the run rate is down roughly half on the year. A product with that many reviews doesn't lose half its sales because people stopped wanting it. It's usually ranking, pricing or a competitor's ads, and it's fixable.

We manage Amazon for brands end to end, including strategy, content, advertising, inventory and operations.

Open to a 20 minute look at where the drop is coming from?

Yoni
","sheet Brand (Seller Central) confirmed; exhibitor Openers Plus, brand on Amazon is magic Opener",2026-09-25T17:10:03
1 - Confirmed on Amazon,Las Vegas Souvenir & Resort Gift Show 2026,Pacific North Nest Designs,YES on Amazon (direct Amazon verification),,,,,,,https://www.amazon.com/dp/B00UCI09RE,Pacific North Nest Designs,,No (SmartScout monthly quota exhausted),,,Not checked (SmartScout monthly AI quota exhausted),row not processed - rerun when SmartScout quota resets,Yes,No brand store found; sold by NEST New York,NEST New York,,Brand (Seller Central),Yes,,wrong match,,,,,,,,,,,,,,,,,,,,,"Wrong match; sheet mapped to NEST New York (home fragrance, ~$1.4M/mo); second attempt 'Pacific North Nest' empty; industry-level email",'Nest New York' record is an unrelated home fragrance brand; 'Pacific North Nest' returned empty,Pacific North Nest on Amazon,"Hi {{first_name}},

Saw you're exhibiting at the Las Vegas Souvenir & Resort Gift Show next week.

From what we can see, Pacific North Nest Designs doesn't have a brand presence on Amazon, and searches for the name land on an unrelated home fragrance brand. Pacific Northwest themed gifts get searched on Amazon by people who bought a piece on a trip, and a storefront with a few good listings is a small way to catch that.

We recently helped a brand go from no Amazon presence to a $1M+ annual run rate within six months. We manage the channel end to end.

Is Amazon something you're looking at more seriously?

Yoni","wrong match: sheet mapped exhibitor to NEST New York (home fragrance), unrelated; 'Pacific North Nest' returned empty; industry-level email",2026-09-25T17:10:03
"2 - Possible, verify",Las Vegas Souvenir & Resort Gift Show 2026,Pearson Ranch Elk & Bison Jerky,"LISTED on Amazon, reseller / seller unclear (direct Amazon verification)",,,,,,,https://www.amazon.com/stores/PearsonRanch/page/19EE25B0-E806-44C5-A4D1-4491ECDE0318,Pearson Ranch Elk & Bison Jerky,,No (SmartScout monthly quota exhausted),,,Not checked (SmartScout monthly AI quota exhausted),row not processed - rerun when SmartScout quota resets,Possible,Brand store; sold by Tru Inertia,PEARSON RANCH SINCE 1959,https://www.amazon.com/stores/PearsonRanch/page/19EE25B0-E806-44C5-A4D1-4491ECDE0318,Third-party resellers,Yes,PEARSON RANCH SINCE 1959,exact,Grocery & Gourmet Food,Jerky,46307.63,997434.96,38,4910,4.36,34.79,0.76,Tru Inertia,0,-0.109,-0.089,True,https://www.amazon.com/stores/PearsonRanch/page/19EE25B0-E806-44C5-A4D1-4491ECDE0318,"Pearson Ranch Meat Sticks Variety Pack, Elk, Bison, Venison, Wild Boar, 24 Count | B07DQVDHYR | $8,690; Pearson Ranch Exotic Game Meat Summer Sausage Gift Set of 3 | B07284DYDL | $6,228; Pearson Ranch Grass Fed Elk Meat Sticks, 24 Count | B07DQSWG88 | $4,783; Pearson Ranch Meat Sticks Variety Pack, 12 Count | B07DQXRZVM | $3,015; Pearson Ranch Wild Game Summer Sausage Gift Set, 5-Pack | B096L14XNP | $2,940",Tru Inertia: 100%,1,Third-party resellers,100,Whole channel through one account (Tru Inertia); run rate down about 10% on the year heading into gift season,"~$46k/mo; 38 listings; 4,910 reviews; 4.36 rating; Tru Inertia 100%; MoM -11%; 12-month MoM -9%; storefront present; variety packs and gift sets lead",Pearson Ranch on Amazon,"Hi {{first_name}},

Saw you're exhibiting at the Las Vegas Souvenir & Resort Gift Show next week.

Looking at your listings, Pearson Ranch is doing about $46k a month on Amazon, with the meat stick variety packs and gift sets carrying it, and all of it runs through an account called Tru Inertia rather than a Pearson Ranch account. If that's your partner, fine. Either way the run rate is down about 10% on the year heading into gift season, when jerky gift sets do their best.

We manage Amazon for brands end to end, including strategy, content, advertising, inventory and operations.

Would it make sense to have a quick conversation?

Yoni","sheet third-party (Tru Inertia) confirmed; Tru Inertia may be an affiliated account, verify",2026-09-25T17:10:03
1 - Confirmed on Amazon,Las Vegas Souvenir & Resort Gift Show 2026,Perrin Sportswear,YES on Amazon (direct Amazon verification),,,,,,,https://www.amazon.com/dp/B0DK9SNLQ8,Perrin Sportswear,,No (SmartScout monthly quota exhausted),,,Not checked (SmartScout monthly AI quota exhausted),row not processed - rerun when SmartScout quota resets,Yes,No brand store found; sold by Amazon.com,Perrin Texas T-Shirts & Sweatshirts,,Amazon (Vendor),Yes,,wrong match,,,,,,,,,,,,,,,,,,,,,Wrong match; 'PERRIN' on Amazon is an automotive parts brand; sheet listing is a print-on-demand shirt; second attempt 'Perrin Sportswear' empty; industry-level email,"'PERRIN' record (~$4k/mo, license plate frames) unrelated; 'Perrin Sportswear' returned empty; sheet listing is a novelty shirt sold by Amazon",Perrin Sportswear on Amazon,"Hi {{first_name}},

Saw you're exhibiting at the Las Vegas Souvenir & Resort Gift Show next week.

From what we can see, Perrin Sportswear doesn't have a brand presence on Amazon, and the only listings tied to the name are an unrelated auto parts brand and a novelty shirt. Souvenir apparel gets searched by name on Amazon by people who bought a piece on a trip, and a storefront with a few good listings is a small way to catch that.

We recently helped a brand go from no Amazon presence to a $1M+ annual run rate within six months. We manage the channel end to end.

Is Amazon something you're looking at?

Yoni",wrong match: 'PERRIN' record is automotive; sheet listing is a print-on-demand shirt sold by Amazon; industry-level email,2026-09-25T17:10:03
1 - Confirmed on Amazon,Las Vegas Souvenir & Resort Gift Show 2026,Planet Cotton/ Blue Moon,YES on Amazon (direct Amazon verification),,,,,,,https://www.amazon.com/stores/LittlePlanet/page/C201B56B-F21D-4146-A2FE-24B155CAA0F2,Planet Cotton,,No (SmartScout monthly quota exhausted),,,Not checked (SmartScout monthly AI quota exhausted),row not processed - rerun when SmartScout quota resets,Yes,Brand store; sold by Amazon.com,little planet by carter's,https://www.amazon.com/stores/LittlePlanet/page/C201B56B-F21D-4146-A2FE-24B155CAA0F2,Amazon (Vendor),Yes,,not found,,,,,,,,,,,,,,,,,,,,,Not found; sheet mapped to Carter's Little Planet (unrelated); 'Blue Moon' returned an unrelated music record; industry-level email,"'Planet Cotton' empty; 'Blue Moon' record is unrelated (Books, Classic R&B); sheet mapping to little planet by carter's is wrong",Planet Cotton on Amazon,"Hi {{first_name}},

Saw you're exhibiting at the Las Vegas Souvenir & Resort Gift Show next week.

From what we can see, Planet Cotton doesn't have a brand presence on Amazon, and searches for the name land on unrelated listings. Resort apparel gets searched by name on Amazon by people who bought a piece on a trip, and a storefront with a few well-built listings is a small way to catch that before the holidays.

We recently helped a brand go from no Amazon presence to a $1M+ annual run rate within six months. We manage the channel end to end.

Is Amazon something you're looking at more seriously?

Yoni
","no brand record on two attempts; sheet mapped to little planet by carter's, unrelated; 'Blue Moon' returned unrelated music record; industry-level email",2026-09-25T17:10:03
"2 - Possible, verify",Las Vegas Souvenir & Resort Gift Show 2026,Please Please Me,"LISTED on Amazon, reseller / seller unclear (direct Amazon verification)",,,,,,,https://www.amazon.com/dp/B0041KVX1K,Please Please Me,,No (SmartScout monthly quota exhausted),,,Not checked (SmartScout monthly AI quota exhausted),row not processed - rerun when SmartScout quota resets,Possible,No brand store found; seller not shown; name from Amazon search label,Please Please Me,,Unknown,Yes,,not found,,,,,,,,,,,,,,,,,,,,,Not found; sheet listing seller unknown; industry-level email,No brand record on two attempts; sheet listing seller not shown,Please Please Me on Amazon,"Hi {{first_name}},

Saw you're exhibiting at the Las Vegas Souvenir & Resort Gift Show next week.

From what we can see, Please Please Me doesn't have a brand presence on Amazon, and the one listing tied to the name isn't sold by the brand. Gift lines with a name people remember get searched on Amazon after a trip, and a storefront with a few well-built listings is a small way to catch that before the holidays.

We recently helped a brand go from no Amazon presence to a $1M+ annual run rate within six months. We manage the channel end to end.

Is Amazon something you're looking at more seriously?

Yoni
",no brand record on two attempts; sheet listing seller unknown; industry-level email,2026-09-25T17:10:03
1 - Confirmed on Amazon,Las Vegas Souvenir & Resort Gift Show 2026,"Pocket Products, LLC",YES on Amazon (direct Amazon verification),,,,,,,https://www.amazon.com/stores/PocketAI/page/DD119A65-66CC-4456-A2AF-4F5FE2E7C827,Pocket,,No (SmartScout monthly quota exhausted),,,Not checked (SmartScout monthly AI quota exhausted),row not processed - rerun when SmartScout quota resets,Yes,Brand store; sold by Pocket AI,Pocket,https://www.amazon.com/stores/PocketAI/page/DD119A65-66CC-4456-A2AF-4F5FE2E7C827,Brand (Seller Central),Yes,,not found,,,,,,,,,,,,,,,,,,,,,Not found; sheet storefront (Pocket AI) is an unrelated electronics brand; 'Pocket AI' also returned empty; industry-level email,'Pocket Products' and 'Pocket AI' both empty; sheet mapping to Pocket AI storefront looks unrelated,Pocket Products on Amazon,"Hi {{first_name}},

Saw you're exhibiting at the Las Vegas Souvenir & Resort Gift Show next week.

From what we can see, Pocket Products doesn't have a brand presence on Amazon, and the storefront tied to the name belongs to an unrelated electronics brand. Souvenir and gift lines get searched on Amazon by people who saw a piece on a trip, and a storefront with a few well-built listings is a small way to catch that before the holidays.

We recently helped a brand go from no Amazon presence to a $1M+ annual run rate within six months. We manage the channel end to end.

Is Amazon something you're looking at more seriously?

Yoni
","no brand record on two attempts; sheet mapped to Pocket AI storefront, likely unrelated; industry-level email",2026-09-25T17:10:03
1 - Confirmed on Amazon,Las Vegas Souvenir & Resort Gift Show 2026,Prairie Mountain,YES on Amazon (direct Amazon verification),,,,,,,https://www.amazon.com/dp/B0D7TFXJKN,Prairie Mountain,,No (SmartScout monthly quota exhausted),,,Not checked (SmartScout monthly AI quota exhausted),row not processed - rerun when SmartScout quota resets,Yes,No brand store found; sold by Amazon.com,Prairie Mountain Washington,,Amazon (Vendor),Yes,,not found,,,,,,,,,,,,,,,,,,,,,Not found; sheet listing is a print-on-demand shirt sold by Amazon; industry-level email,No brand record on two attempts; sheet listing is a novelty shirt,Prairie Mountain on Amazon,"Hi {{first_name}},

Saw you're exhibiting at the Las Vegas Souvenir & Resort Gift Show next week.

From what we can see, Prairie Mountain doesn't have a brand presence on Amazon, and the only listing tied to the name is an unrelated novelty shirt. Destination apparel gets searched by name on Amazon by people who bought a piece on a trip, and a storefront with a few well-built listings is a small way to catch that before the holidays.

We recently helped a brand go from no Amazon presence to a $1M+ annual run rate within six months. We manage the channel end to end.

Is Amazon something you're looking at more seriously?

Yoni
",no brand record on two attempts; sheet listing is a print-on-demand shirt; industry-level email,2026-09-25T17:10:03
"2 - Possible, verify",Las Vegas Souvenir & Resort Gift Show 2026,R.F.S.J. Inc.,"LISTED on Amazon, reseller / seller unclear (direct Amazon verification)",,,,,,,https://www.amazon.com/stores/RFSJINC/page/5294D4EB-C912-424F-8EF7-FEB94DBD6B0B,R.F.S.J,,No (SmartScout monthly quota exhausted),,,Not checked (SmartScout monthly AI quota exhausted),row not processed - rerun when SmartScout quota resets,Possible,Brand store; sold by Sports Team Accessories,RFSJ INC.,https://www.amazon.com/stores/RFSJINC/page/5294D4EB-C912-424F-8EF7-FEB94DBD6B0B,Third-party resellers,Yes,RFSJ INC.,exact,Sports & Outdoors,Sports Fan Coffee Mugs,67752.19,1570488.9,340,5865,4.65,31.07,0.99,,0,0.151,-0.007,False,,"RFSJ INC. Notre Dame Fighting Irish Satin Finish Rock Glass Set of 2 14oz | B085JQ171N | $1,869; Notre Dame Fighting Irish Sculpted Contoured Relief Mug 16 oz | B0C954JHKK | $1,440; RFSJ INC. Utah Utes 2-Sided Satin Finish Rock Glass Set of 2 14oz | B0GMKF7865 | $578; Northwestern Wildcats 2-Sided Satin Finish Rock Glass Set of 2 14oz | B0GMKC748F | $510; RFSJ INC. UCF Knights 2-Sided Satin Finish Rock Glass Set of 2 14oz | B0GMKVKT6R | $510",Sports Team Accessories: 100%,1,Third-party resellers,100,Whole channel through one account (Sports Team Accessories); flat on the year across a 340-listing licensed catalog heading into Q4,"~$68k/mo; 340 listings; 5,865 reviews; 4.65 rating; Sports Team Accessories 100%; MoM +15%; 12-month MoM flat; no storefront flag in fresh data",RFSJ collegiate glassware on Amazon,"Hi {{first_name}},

Saw you're exhibiting at the Las Vegas Souvenir & Resort Gift Show next week.

Looking at your listings, RFSJ is doing about $68k a month on Amazon across roughly 340 listings of licensed collegiate glassware and mugs, flat on the year, and all of it runs through an account called Sports Team Accessories rather than an RFSJ account. If that's your own store, fine. Either way, flat on a catalog that size heading into Q4 means most of it isn't getting advertising or content attention.

We manage Amazon for brands end to end, including strategy, content, advertising, inventory and operations.

Would it make sense to have a quick conversation?

Yoni","sheet third-party (Sports Team Accessories) confirmed; may be RFSJ's own account, verify; fresh data shows no storefront flag though sheet found a brand store",2026-09-25T17:10:03
"2 - Possible, verify",Las Vegas Souvenir & Resort Gift Show 2026,Ramatex International,"LISTED on Amazon, reseller / seller unclear (direct Amazon verification)",,,,,,,https://www.amazon.com/dp/B07J3WFF4Q,Ramatex,,No (SmartScout monthly quota exhausted),,,Not checked (SmartScout monthly AI quota exhausted),row not processed - rerun when SmartScout quota resets,Possible,No brand store found; sold by SPLG Products,RAMATEX INTERNATIONAL CORP. INC,,Third-party resellers,Yes,Ramatex,close,Home & Kitchen,Bed Blankets,139.98,0,1,7,5,69.99,1,,0,,,False,,"Ramatex Unisex Pine Cabin Melange Sherpa Reversible Blanket, 80X61 | B07XTR8Q13 | $140",Jetienne: 100%,1,Third-party resellers,100,Almost no footprint for an established blanket maker; one listing sold by a reseller,~$140/mo; 1 listing (sherpa blanket); 7 reviews; 5.0 rating; Jetienne 100%; sheet named SPLG Products as seller,Ramatex blankets on Amazon,"Hi {{first_name}},

Saw you're exhibiting at the Las Vegas Souvenir & Resort Gift Show next week.

Looking at your listings, Ramatex is barely on Amazon, with one sherpa blanket listing doing next to nothing and sold by a reseller rather than a Ramatex account. Blankets and throws are one of the biggest gift searches on Amazon in Q4, and a brand with a full line has almost nothing built there to catch it.

We manage Amazon for brands end to end, including strategy, content, advertising, inventory and operations.

Is Amazon something you're looking at more seriously?

Yoni
","sheet third-party (SPLG Products); fresh data shows Jetienne as the seller; close match: exhibitor Ramatex International, record Ramatex",2026-09-25T17:10:03
1 - Confirmed on Amazon,Las Vegas Souvenir & Resort Gift Show 2026,Redneck Sunscreen LLC,YES on Amazon (direct Amazon verification),,,,,,,https://www.amazon.com/stores/REDNECKSUNSCREEN/page/96E8D6AB-A3C8-4CF7-BE80-8493A30A94E7,Redneck Sunscreen,,No (SmartScout monthly quota exhausted),,,Not checked (SmartScout monthly AI quota exhausted),row not processed - rerun when SmartScout quota resets,Yes,Brand store; sold by Redneck Sunscreen,REDNECK SUNSCREEN,https://www.amazon.com/stores/REDNECKSUNSCREEN/page/96E8D6AB-A3C8-4CF7-BE80-8493A30A94E7,Brand (Seller Central),Yes,REDNECK SUNSCREEN,exact,Beauty & Personal Care,Sunscreens,1933.58,4732.5,2,94,4.7,13.49,1,,0,1.128,1.215,False,,"Sport Sunscreen Spray SPF 50, Water & Sweat Resistant, 6 Oz | B096YGNXC5 | $1,245; Redneck Sunscreen SPF 50 Sport Lotion, Water Resistant, 6 Oz | B096YFT2C9 | $688",Redneck Sunscreen: 100%,1,Brand direct,0,"Small but growing fast, sold brand direct; two listings, thin reviews, no storefront flag",~$2k/mo; 2 listings; 94 reviews; 4.7 rating; 100% brand seller; MoM +113%; 12-month MoM +122%,Redneck Sunscreen on Amazon,"Hi {{first_name}},

Saw you're exhibiting at the Las Vegas Souvenir & Resort Gift Show next week.

Looking at your listings, Redneck Sunscreen is doing about $2k a month on Amazon through your own account on two listings, with a 4.7 rating and the run rate up sharply on the year. That's a good sign on product. Sunscreen is a search-driven category on Amazon, and two listings with thin reviews can only catch so much of it, especially with a name people remember.

We manage Amazon for brands end to end, including strategy, content, advertising, inventory and operations.

Would it make sense to have a quick conversation about growing the channel?

Yoni
",sheet Brand (Seller Central) confirmed; fresh data shows no storefront flag though sheet found a brand store,2026-09-25T17:10:03
1 - Confirmed on Amazon,Las Vegas Souvenir & Resort Gift Show 2026,Thunderbird Manufacturing,YES on Amazon (direct Amazon verification),,,,,,,https://www.amazon.com/stores/Thunderbird/page/BCB6C0F5-F126-4BD8-8DDA-FD99B628CBAC,Thunderbird,,No (SmartScout monthly quota exhausted),,,Not checked (WebSearch budget exhausted),,Yes,Brand store; sold by Thunderbird Real Food Bars,Thunderbird Real Food Bars,https://www.amazon.com/stores/Thunderbird/page/BCB6C0F5-F126-4BD8-8DDA-FD99B628CBAC,Brand (Seller Central),Yes,Thunderbird Real Food Bars,exact,Health & Household,Sports Nutrition Endurance & Energy Bars,56029.53,529756.29,42,1209,4.2,23.63,1.36,Thunderbird Real Food Bars,0,-0.04,-0.303,True,https://www.amazon.com/stores/Thunderbird/page/BCB6C0F5-F126-4BD8-8DDA-FD99B628CBAC,"Thunderbird Bars Variety Flavor Pack, 12 Count | B0BST4VFV9 | $7,984; Thunderbird Real Food Bars Variety Pack, 102 Ounce | B097CGVXGZ | $4,634; Thunderbird Bars Hazelnut Coffee Maca, 12 Count | B08ZQBNVVJ | $4,226; Thunderbird Cashew Fig Carrot Bars, 12 Pack | B08ZQ8K6KH | $4,087; Thunderbird Bars Chocolate Almond Butter Sea Salt, 12 Count | B08ZQHBM3S | $3,167",Thunderbird Real Food Bars: 99.7%; TheNewMall: 0.3%; Amazon.com: 0.0%; AmazingAHF: 0.0%; USTradeEnt: 0%,5,Brand direct,0.3,Down about 30% on the year on a brand-direct catalog; rating at 4.2 capping conversion,"~$56k/mo; 42 listings; 1,209 reviews; 4.2 rating; brand seller 99.7%; MoM -4%; 12-month MoM -30%; storefront present; variety packs lead",Thunderbird bars on Amazon,"Hi {{first_name}},

Saw you're exhibiting at the Las Vegas Souvenir & Resort Gift Show next week.

Looking at your listings, Thunderbird is doing about $56k a month on Amazon through your own account, with the variety packs and the hazelnut coffee bar carrying it, but the run rate is down about 30% on the year. On a 40-listing catalog with a 4.2 rating, that usually traces to a few listings losing rank and a rating that's capping conversion, and both are fixable.

We manage Amazon for brands end to end, including strategy, content, advertising, inventory and operations.

Open to a 20 minute look at where the drop is coming from?

Yoni
",sheet Brand (Seller Central) confirmed,2026-09-25T17:10:03
1 - Confirmed on Amazon,Las Vegas Souvenir & Resort Gift Show 2026,Tipsy,YES on Amazon (direct Amazon verification),,,,,,,https://www.amazon.com/stores/Tipsy-HeartheTruth/page/C29736B9-C811-4D8E-A471-877D0A90E144,Tipsy,,No (SmartScout monthly quota exhausted),,,Not checked (WebSearch budget exhausted),,Yes,Brand store; sold by TipsyAudio,TipsyAuthen,https://www.amazon.com/stores/Tipsy-HeartheTruth/page/C29736B9-C811-4D8E-A471-877D0A90E144,Brand (Seller Central),Yes,TipsyAuthen,close,Electronics,Earbud & In-Ear Headphones,151226.15,975859.79,13,430,4.53,126.85,1,,0,0.13,,True,https://www.amazon.com/stores/Tipsy-HeartheTruth/page/C29736B9-C811-4D8E-A471-877D0A90E144,"Tipsy M5 Ultra IEM, 5-Driver Hybrid | B0GLF1G6LH | $29,580; TipsyAuthen Tipsy M3 Professional IEM (Green) | B0FGJ3B7PM | $28,488; TipsyAuthen Tipsy M3 Professional IEM (Black & White) | B0FGJ4V6W1 | $27,267; Tipsy M1 IEM, Bamboo Fiber Diaphragm (Blue) | B0FGCCKQ5B | $21,583; TipsyAuthen Tipsy M3 Professional IEM (Red) | B0FGJ7MSFD | $16,834",TipsyAudio: 100%,1,Brand direct,0,"Strong and growing, sold brand direct; revenue high relative to a thin review base",~$150k/mo; 13 listings; 430 reviews; 4.53 rating; TipsyAudio 100%; MoM +13%; storefront present; M3 and M5 in-ear monitors lead,Tipsy on Amazon,"Hi {{first_name}},

Saw you're exhibiting at the Las Vegas Souvenir & Resort Gift Show next week.

Looking at your listings, Tipsy is doing about $150k a month on Amazon through your own account across 13 in-ear monitor listings, and growing. What stands out is only about 430 reviews behind that much revenue, which means the listings are converting on product and price rather than social proof, and one bad month of reviews can move rank fast.

We manage Amazon for brands end to end, including strategy, content, advertising, inventory and operations.

Open to a 20 minute look at the next stretch of growth?

Yoni
",verify identity: exhibitor 'Tipsy' at a gift show; Amazon record is the Tipsy audio brand (TipsyAuthen / TipsyAudio) per sheet store URL; sheet Brand (Seller Central) confirmed,2026-09-25T17:10:03
1 - Confirmed on Amazon,Las Vegas Souvenir & Resort Gift Show 2026,"Topline Products, Inc.",YES on Amazon (direct Amazon verification),,,,,,,https://www.amazon.com/stores/TOPLINE/page/AE903738-B192-42FF-BF6A-E239BC929379,Topline,,No (SmartScout monthly quota exhausted),,,Not checked (WebSearch budget exhausted),,Yes,Brand store; sold by TOPLINE TOOLS,Topline,https://www.amazon.com/stores/TOPLINE/page/AE903738-B192-42FF-BF6A-E239BC929379,Brand (Seller Central),Yes,Topline,close,Tools & Home Improvement,Tool Sets,93808.95,1316394.73,39,11160,4.52,27.2,0.97,TOPLINE TOOLS,0,-0.22,-0.22,True,https://www.amazon.com/stores/TOPLINE/page/AE903738-B192-42FF-BF6A-E239BC929379,"TOPLINE 467-Piece Household Home Tool Kit with Bag | B08XPBR9JD | $30,116; TOPLINE 4-piece Groove Joint Pliers Set | B08B656J9M | $8,035; Topline Fire Starters 500-Pack Bulk Supply | B09RQWXQ97 | $7,153; Topline 14-Piece Allen Wrench Set | B08Y56175P | $6,919; Topline 100 Fire Starters in Storage Tube | B09RQWN4KC | $6,685",TOPLINE TOOLS: 85.2%; Topline retail Solutions: 14.8%; TheNewMall: 0%; ToplineMachinery: 0%,4,Brand direct,0,"Down about 20% on the year on a brand-direct catalog with 11,000 reviews","~$94k/mo; 39 listings; 11,160 reviews; 4.52 rating; TOPLINE TOOLS 85%, Topline retail Solutions 15%; MoM -22%; 12-month MoM -22%; storefront present; household tool kit leads",Topline tools on Amazon,"Hi {{first_name}},

Saw you're exhibiting at the Las Vegas Souvenir & Resort Gift Show next week.

Looking at your listings, Topline is doing about $94k a month on Amazon, mostly through the Topline Tools account, with the big household tool kit carrying about a third of it and the run rate down about 20% on the year. On a catalog with 11,000 reviews and a 4.5 rating, a drop like that is usually ranking or advertising on the top few listings, and it's fixable.

We manage Amazon for brands end to end, including strategy, content, advertising, inventory and operations.

Open to a 20 minute look at where the drop is coming from?

Yoni","verify identity: exhibitor Topline Products, Inc.; Amazon record is TOPLINE TOOLS per sheet store URL; sheet Brand (Seller Central) confirmed; Topline retail Solutions (15%) treated as affiliated, verify",2026-09-25T17:10:03
1 - Confirmed on Amazon,Las Vegas Souvenir & Resort Gift Show 2026,Tortuga Moon - Cole Apparel,YES on Amazon (direct Amazon verification),,,,,,,https://www.amazon.com/stores/TORTUGA/page/2A858180-1ADA-4CE0-B6D9-873033940F31,Tortuga Moon,,No (SmartScout monthly quota exhausted),,,Not checked (WebSearch budget exhausted),,Yes,Brand store; sold by Tortuga Rum Cake Company,TORTUGA,https://www.amazon.com/stores/TORTUGA/page/2A858180-1ADA-4CE0-B6D9-873033940F31,Brand (Seller Central),Yes,,not found,,,,,,,,,,,,,,,,,,,,,Not found; record exists with zero products; sheet mapped to Tortuga Rum Cake storefront (unrelated); 'Cole Apparel' empty; industry-level email,Empty brand record on 'Tortuga Moon'; 'Cole Apparel' empty; sheet mapping to TORTUGA rum cake store is wrong,Tortuga Moon on Amazon,"Hi {{first_name}},

Saw you're exhibiting at the Las Vegas Souvenir & Resort Gift Show next week.

From what we can see, Tortuga Moon doesn't have a brand presence on Amazon, and the storefront tied to the name belongs to an unrelated rum cake brand. Resort apparel gets searched by name on Amazon by people who bought a piece on a trip, and a storefront with a few good listings is a small way to catch that before the holidays.

We recently helped a brand go from no Amazon presence to a $1M+ annual run rate within six months. We manage the channel end to end.

Is Amazon something you're looking at?

Yoni","empty brand record on two attempts; sheet mapped to Tortuga Rum Cake storefront, unrelated; industry-level email",2026-09-25T17:10:03
"2 - Possible, verify",Las Vegas Souvenir & Resort Gift Show 2026,TRAVEL SIZE DEPOT,"LISTED on Amazon, reseller / seller unclear (direct Amazon verification)",,,,,,,https://www.amazon.com/stores/TRAVELDEPOT/page/1610419F-768E-4EEA-B188-DB5CB1C68F89,TRAVEL SIZE DEPOT,,No (SmartScout monthly quota exhausted),,,Not checked (WebSearch budget exhausted),,Possible,Brand store; sold by Cyberguys!,Travel Depot,https://www.amazon.com/stores/TRAVELDEPOT/page/1610419F-768E-4EEA-B188-DB5CB1C68F89,Third-party resellers,Yes,Travel Depot,wrong match,,,,,,,,,,,,,,,,,,,,,"Wrong match; sheet mapped to Travel Depot (car seat organizers, ~$47k/mo); 'Travel Size Depot' empty; industry-level email",'Travel Depot' record is an unrelated automotive organizer brand; 'Travel Size Depot' returned empty,Travel Size Depot on Amazon,"Hi {{first_name}},

Saw you're exhibiting at the Las Vegas Souvenir & Resort Gift Show next week.

From what we can see, Travel Size Depot doesn't have a brand presence on Amazon, and the storefront tied to the name belongs to an unrelated car organizer brand. Travel size toiletries are one of the most searched convenience categories on Amazon, and a storefront with a few well-built bundles is a small way to catch that.

We recently helped a brand go from no Amazon presence to a $1M+ annual run rate within six months. We manage the channel end to end.

Is Amazon something you're looking at more seriously?

Yoni
","wrong match: sheet mapped exhibitor to Travel Depot (automotive), unrelated; 'Travel Size Depot' returned empty; industry-level email",2026-09-25T17:10:03
1 - Confirmed on Amazon,Las Vegas Souvenir & Resort Gift Show 2026,"TrendSetterTees, LLC.",YES on Amazon (direct Amazon verification),,,,,,,https://www.amazon.com/dp/B0DTTV3NRV,TrendSetterTees,,No (SmartScout monthly quota exhausted),,,Not checked (WebSearch budget exhausted),,Yes,No brand store found; sold by Amazon.com,Vogue Chic: Fashionista Glam - Trendsetter,,Amazon (Vendor),Yes,,not found,,,,,,,,,,,,,,,,,,,,,Not found; sheet listing is a print-on-demand shirt sold by Amazon; industry-level email,No brand record on two attempts; sheet listing is a novelty shirt,TrendSetterTees on Amazon,"Hi {{first_name}},

Saw you're exhibiting at the Las Vegas Souvenir & Resort Gift Show next week.

From what we can see, TrendSetterTees doesn't have a brand presence on Amazon, and the only listing tied to the name is an unrelated novelty shirt. Souvenir tees get searched by name on Amazon by people who bought one on a trip, and a storefront with a few well-built listings is a small way to catch that before the holidays.

We recently helped a brand go from no Amazon presence to a $1M+ annual run rate within six months. We manage the channel end to end.

Is Amazon something you're looking at more seriously?

Yoni
",no brand record on two attempts; sheet listing is a print-on-demand shirt; industry-level email,2026-09-25T17:10:03
