ID,Category,Page,URL,Issue,Description,Fix,Priority,Roadmap ref,Status
AS-001,General - sitewide template,All 86 crawled pages,https://www.albertscott.com/,"Duplicate, conflicting company schema (Organization) on every page","Applies identically to all 86 crawled content pages (see the full list in seo-geo/config/site-map.md). Verify on the homepage; the same markup is generated by the theme/plugin on every page, so one fix corrects all of them. View source on any page and search for ""application/ld+json"": there are two separate Organization blocks. Block 1 (added by All in One SEO): @id ""https://www.albertscott.com/#organization"", description ""E-commerce Management"", numberOfEmployees 5 to 10. Block 2 (a custom block, present on the same pages): @id ""https://www.albertscott.com/#org"", types [""Organization"",""ProfessionalService""], numberOfEmployees 30, with address, phone, email and a service catalog. The two do not share an @id, so search engines and AI answer engines cannot tell they are the same company, and they show two different employee counts and descriptions for the same business.","In WordPress: All in One SEO > Search Appearance > Schema, turn off (or edit) the Organization block it generates so only one Organization/ProfessionalService block remains on the page (the custom one, since it already has the address, phone and service catalog). Set numberOfEmployees to the one true figure and set description to match the homepage meta description exactly. This is a global setting; it does not need to be repeated per page.",P1,R15,
AS-002,General - sitewide template,All 86 crawled pages,https://www.albertscott.com/,No sameAs links in the company schema,"Applies identically to all 86 crawled content pages (see the full list in seo-geo/config/site-map.md). Verify on the homepage; the same markup is generated by the theme/plugin on every page, so one fix corrects all of them. The Organization schema block has no ""sameAs"" property, so nothing in the page code tells a search or AI engine that the company's LinkedIn page (https://www.linkedin.com/company/albert-scott-llc) or the Forbes Business Council author page linked from https://www.albertscott.com/newsroom/ belong to the same entity.","Add a ""sameAs"" array to the single remaining Organization schema block (see the row above) listing: https://www.linkedin.com/company/albert-scott-llc and the Forbes Business Council author URL for David Greenblatt (currently linked from the Newsroom page). If All in One SEO does not expose a sameAs field, add it via the plugin's custom schema JSON editor.",P1,R15,
AS-003,General - sitewide template,All 86 crawled pages,https://www.albertscott.com/,No og:image (social/share preview image) on any page,"Applies identically to all 86 crawled content pages (see the full list in seo-geo/config/site-map.md). Verify on the homepage; the same markup is generated by the theme/plugin on every page, so one fix corrects all of them. View source on any page and search for ""og:image"": the tag is absent. When any page is shared in Slack, iMessage, LinkedIn, or cited by an AI answer engine, no preview image is available.","In All in One SEO > Search Appearance > Social Networks, set a default Facebook/Open Graph image (a square or 1200x630 logo/brand image). For the homepage and the four division pages, also set a page-specific og:image via the AIOSEO Social tab on that page's edit screen.",P1,R17,
AS-004,General - sitewide template,All 86 crawled pages,https://www.albertscott.com/,"Company is described three different, inconsistent ways","The WordPress site tagline (shown in the schema description on every page) says ""E-commerce Management"". The custom schema block's slogan field says ""Amazon. Expertise. Delivered."" The homepage meta description says ""Albert Scott is a full-service Amazon growth agency helping brands scale with expert marketing, logistics, and retail strategies."" Three different one-line summaries of the same company appear across the site.","Pick one sentence and use it in all three places: WordPress Settings > General > Tagline, the custom schema block's description field, and the homepage meta description in AIOSEO. Recommended, drawn from the homepage's own body copy: ""Albert Scott is a full-service Amazon agency and complete marketplace account management partner for brands on Vendor Central and Seller Central.""",P1,G1,
AS-005,General - sitewide template,All 86 crawled pages,https://www.albertscott.com/,"WordPress, plugin and theme versions exposed in page source","View source on any page: <meta name=""generator"" content=""WordPress 7.1"">, plus separate generator tags naming ""All in One SEO Pro (AIOSEO) 5.0.1"" and ""Site Kit by Google 1.186.0"". This tells anyone probing the site exactly which software versions to target.","Remove generator tags. In a child theme functions.php (or a lightweight security plugin such as Wordfence or a ""Remove generator tag"" snippet), add: remove_action('wp_head', 'wp_generator'); and disable the equivalent output in AIOSEO's and Site Kit's settings if they expose one.",P3,new,
AS-006,Homepage,Homepage,https://www.albertscott.com/,Cookie consent banner covers the bottom of the mobile screen,"Rendered at 390x844 (see seo-geo/audits/screenshots/stage1-2026-09-03/homepage-mobile-390x844--mobile-390x844.jpg), the cookie banner sits fixed at the bottom and covers roughly the bottom fifth of the visible screen until ""Accept"" is tapped, including part of the ""GET MY FREE AUDIT"" button area on first load.","In the cookie consent plugin's design settings, switch the banner to a slim top bar on mobile, or reduce its height and add a close (X) option so the CTA is not obstructed on first paint.",P3,new,
AS-007,Junk URLs: category archives,Category archive: uncategorized,https://www.albertscott.com/blog/category/uncategorized/,"Indexable category archive with only 1 post, listed in the sitemap","https://www.albertscott.com/blog/category/uncategorized/ returns HTTP 200 with no noindex meta tag, self canonical, and is one of the 105 URLs in /sitemap.xml (child sitemap /category-sitemap.xml). It holds 1 post. It exists only because WordPress auto-creates a page for every category used on a post; nobody wrote this as a page.","In All in One SEO > Search Appearance > Taxonomies > Categories, set ""Show Categories in search results"" to No (this noindexes all 7 category archives in one setting) and untick ""Include in sitemap"".",P1,R4,
AS-008,Junk URLs: category archives,Category archive: grocery,https://www.albertscott.com/blog/category/grocery/,"Indexable category archive with only 3 posts, listed in the sitemap","https://www.albertscott.com/blog/category/grocery/ returns HTTP 200 with no noindex meta tag, self canonical, and is one of the 105 URLs in /sitemap.xml (child sitemap /category-sitemap.xml). It holds 3 posts. It exists only because WordPress auto-creates a page for every category used on a post; nobody wrote this as a page.","In All in One SEO > Search Appearance > Taxonomies > Categories, set ""Show Categories in search results"" to No (this noindexes all 7 category archives in one setting) and untick ""Include in sitemap"".",P1,R4,
AS-009,Junk URLs: category archives,Category archive: apparel,https://www.albertscott.com/blog/category/apparel/,"Indexable category archive with only 1 post, listed in the sitemap","https://www.albertscott.com/blog/category/apparel/ returns HTTP 200 with no noindex meta tag, self canonical, and is one of the 105 URLs in /sitemap.xml (child sitemap /category-sitemap.xml). It holds 1 post. It exists only because WordPress auto-creates a page for every category used on a post; nobody wrote this as a page.","In All in One SEO > Search Appearance > Taxonomies > Categories, set ""Show Categories in search results"" to No (this noindexes all 7 category archives in one setting) and untick ""Include in sitemap"".",P1,R4,
AS-010,Junk URLs: category archives,Category archive: health-household,https://www.albertscott.com/blog/category/health-household/,"Indexable category archive with only 3 posts, listed in the sitemap","https://www.albertscott.com/blog/category/health-household/ returns HTTP 200 with no noindex meta tag, self canonical, and is one of the 105 URLs in /sitemap.xml (child sitemap /category-sitemap.xml). It holds 3 posts. It exists only because WordPress auto-creates a page for every category used on a post; nobody wrote this as a page.","In All in One SEO > Search Appearance > Taxonomies > Categories, set ""Show Categories in search results"" to No (this noindexes all 7 category archives in one setting) and untick ""Include in sitemap"".",P1,R4,
AS-011,Junk URLs: category archives,Category archive: beauty-personal-care,https://www.albertscott.com/blog/category/beauty-personal-care/,"Indexable category archive with only 1 post, listed in the sitemap","https://www.albertscott.com/blog/category/beauty-personal-care/ returns HTTP 200 with no noindex meta tag, self canonical, and is one of the 105 URLs in /sitemap.xml (child sitemap /category-sitemap.xml). It holds 1 post. It exists only because WordPress auto-creates a page for every category used on a post; nobody wrote this as a page.","In All in One SEO > Search Appearance > Taxonomies > Categories, set ""Show Categories in search results"" to No (this noindexes all 7 category archives in one setting) and untick ""Include in sitemap"".",P1,R4,
AS-012,Junk URLs: category archives,Category archive: amazon-agency,https://www.albertscott.com/blog/category/amazon-agency/,"Indexable category archive with only 1 post, listed in the sitemap","https://www.albertscott.com/blog/category/amazon-agency/ returns HTTP 200 with no noindex meta tag, self canonical, and is one of the 105 URLs in /sitemap.xml (child sitemap /category-sitemap.xml). It holds 1 post. It exists only because WordPress auto-creates a page for every category used on a post; nobody wrote this as a page.","In All in One SEO > Search Appearance > Taxonomies > Categories, set ""Show Categories in search results"" to No (this noindexes all 7 category archives in one setting) and untick ""Include in sitemap"".",P1,R4,
AS-013,Junk URLs: category archives,Category archive: amazon-advertising,https://www.albertscott.com/blog/category/amazon-advertising/,"Indexable category archive with only 3 posts, listed in the sitemap","https://www.albertscott.com/blog/category/amazon-advertising/ returns HTTP 200 with no noindex meta tag, self canonical, and is one of the 105 URLs in /sitemap.xml (child sitemap /category-sitemap.xml). It holds 3 posts. It exists only because WordPress auto-creates a page for every category used on a post; nobody wrote this as a page.","In All in One SEO > Search Appearance > Taxonomies > Categories, set ""Show Categories in search results"" to No (this noindexes all 7 category archives in one setting) and untick ""Include in sitemap"".",P1,R4,
AS-014,Junk URLs: tag archives,Tag archive: bags,https://www.albertscott.com/blog/tag/bags/,"Indexable tag archive with only 1 post, listed in the sitemap","https://www.albertscott.com/blog/tag/bags/ returns HTTP 200 with no noindex meta tag, self canonical, and is listed in /sitemap.xml (child sitemap /post_tag-sitemap.xml). It holds 1 post.","In All in One SEO > Search Appearance > Taxonomies > Tags, set ""Show Tags in search results"" to No and untick ""Include in sitemap"". Then delete the tag itself in WordPress (Posts > Tags) since it serves no purpose with one post.",P1,R4,
AS-015,Junk URLs: tag archives,Tag archive: subscribe-and-save,https://www.albertscott.com/blog/tag/subscribe-and-save/,"Indexable tag archive with only 1 post, listed in the sitemap","https://www.albertscott.com/blog/tag/subscribe-and-save/ returns HTTP 200 with no noindex meta tag, self canonical, and is listed in /sitemap.xml (child sitemap /post_tag-sitemap.xml). It holds 1 post.","In All in One SEO > Search Appearance > Taxonomies > Tags, set ""Show Tags in search results"" to No and untick ""Include in sitemap"". Then delete the tag itself in WordPress (Posts > Tags) since it serves no purpose with one post.",P1,R4,
AS-016,Junk URLs: project_category archives,Project category archive: apparel,https://www.albertscott.com/blog/project_category/apparel/,"Indexable taxonomy archive under the /blog/ prefix, listed in the sitemap","https://www.albertscott.com/blog/project_category/apparel/ returns HTTP 200, self canonical, no noindex, listed in /sitemap.xml (child sitemap /project_category-sitemap.xml, 10 URLs total). It sits under /blog/ even though it categorizes portfolio projects, not blog posts, which is confusing for both users and crawlers.","In All in One SEO > Search Appearance > Taxonomies > Project Categories, set ""Show in search results"" to No and untick ""Include in sitemap"".",P1,R4,
AS-017,Junk URLs: project_category archives,Project category archive: automotive,https://www.albertscott.com/blog/project_category/automotive/,"Indexable taxonomy archive under the /blog/ prefix, listed in the sitemap","https://www.albertscott.com/blog/project_category/automotive/ returns HTTP 200, self canonical, no noindex, listed in /sitemap.xml (child sitemap /project_category-sitemap.xml, 10 URLs total). It sits under /blog/ even though it categorizes portfolio projects, not blog posts, which is confusing for both users and crawlers.","In All in One SEO > Search Appearance > Taxonomies > Project Categories, set ""Show in search results"" to No and untick ""Include in sitemap"".",P1,R4,
AS-018,Junk URLs: project_category archives,Project category archive: beauty-cosmetics,https://www.albertscott.com/blog/project_category/beauty-cosmetics/,"Indexable taxonomy archive under the /blog/ prefix, listed in the sitemap","https://www.albertscott.com/blog/project_category/beauty-cosmetics/ returns HTTP 200, self canonical, no noindex, listed in /sitemap.xml (child sitemap /project_category-sitemap.xml, 10 URLs total). It sits under /blog/ even though it categorizes portfolio projects, not blog posts, which is confusing for both users and crawlers.","In All in One SEO > Search Appearance > Taxonomies > Project Categories, set ""Show in search results"" to No and untick ""Include in sitemap"".",P1,R4,
AS-019,Junk URLs: project_category archives,Project category archive: food,https://www.albertscott.com/blog/project_category/food/,"Indexable taxonomy archive under the /blog/ prefix, listed in the sitemap","https://www.albertscott.com/blog/project_category/food/ returns HTTP 200, self canonical, no noindex, listed in /sitemap.xml (child sitemap /project_category-sitemap.xml, 10 URLs total). It sits under /blog/ even though it categorizes portfolio projects, not blog posts, which is confusing for both users and crawlers.","In All in One SEO > Search Appearance > Taxonomies > Project Categories, set ""Show in search results"" to No and untick ""Include in sitemap"".",P1,R4,
AS-020,Junk URLs: project_category archives,Project category archive: furniture,https://www.albertscott.com/blog/project_category/furniture/,"Indexable taxonomy archive under the /blog/ prefix, listed in the sitemap","https://www.albertscott.com/blog/project_category/furniture/ returns HTTP 200, self canonical, no noindex, listed in /sitemap.xml (child sitemap /project_category-sitemap.xml, 10 URLs total). It sits under /blog/ even though it categorizes portfolio projects, not blog posts, which is confusing for both users and crawlers.","In All in One SEO > Search Appearance > Taxonomies > Project Categories, set ""Show in search results"" to No and untick ""Include in sitemap"".",P1,R4,
AS-021,Junk URLs: project_category archives,Project category archive: homewares,https://www.albertscott.com/blog/project_category/homewares/,"Indexable taxonomy archive under the /blog/ prefix, listed in the sitemap","https://www.albertscott.com/blog/project_category/homewares/ returns HTTP 200, self canonical, no noindex, listed in /sitemap.xml (child sitemap /project_category-sitemap.xml, 10 URLs total). It sits under /blog/ even though it categorizes portfolio projects, not blog posts, which is confusing for both users and crawlers.","In All in One SEO > Search Appearance > Taxonomies > Project Categories, set ""Show in search results"" to No and untick ""Include in sitemap"".",P1,R4,
AS-022,Junk URLs: project_category archives,Project category archive: outdoors,https://www.albertscott.com/blog/project_category/outdoors/,"Indexable taxonomy archive under the /blog/ prefix, listed in the sitemap","https://www.albertscott.com/blog/project_category/outdoors/ returns HTTP 200, self canonical, no noindex, listed in /sitemap.xml (child sitemap /project_category-sitemap.xml, 10 URLs total). It sits under /blog/ even though it categorizes portfolio projects, not blog posts, which is confusing for both users and crawlers.","In All in One SEO > Search Appearance > Taxonomies > Project Categories, set ""Show in search results"" to No and untick ""Include in sitemap"".",P1,R4,
AS-023,Junk URLs: project_category archives,Project category archive: pet,https://www.albertscott.com/blog/project_category/pet/,"Indexable taxonomy archive under the /blog/ prefix, listed in the sitemap","https://www.albertscott.com/blog/project_category/pet/ returns HTTP 200, self canonical, no noindex, listed in /sitemap.xml (child sitemap /project_category-sitemap.xml, 10 URLs total). It sits under /blog/ even though it categorizes portfolio projects, not blog posts, which is confusing for both users and crawlers.","In All in One SEO > Search Appearance > Taxonomies > Project Categories, set ""Show in search results"" to No and untick ""Include in sitemap"".",P1,R4,
AS-024,Junk URLs: project_category archives,Project category archive: tech-accessories,https://www.albertscott.com/blog/project_category/tech-accessories/,"Indexable taxonomy archive under the /blog/ prefix, listed in the sitemap","https://www.albertscott.com/blog/project_category/tech-accessories/ returns HTTP 200, self canonical, no noindex, listed in /sitemap.xml (child sitemap /project_category-sitemap.xml, 10 URLs total). It sits under /blog/ even though it categorizes portfolio projects, not blog posts, which is confusing for both users and crawlers.","In All in One SEO > Search Appearance > Taxonomies > Project Categories, set ""Show in search results"" to No and untick ""Include in sitemap"".",P1,R4,
AS-025,Junk URLs: project_category archives,Project category archive: vitamins-supplements,https://www.albertscott.com/blog/project_category/vitamins-supplements/,"Indexable taxonomy archive under the /blog/ prefix, listed in the sitemap","https://www.albertscott.com/blog/project_category/vitamins-supplements/ returns HTTP 200, self canonical, no noindex, listed in /sitemap.xml (child sitemap /project_category-sitemap.xml, 10 URLs total). It sits under /blog/ even though it categorizes portfolio projects, not blog posts, which is confusing for both users and crawlers.","In All in One SEO > Search Appearance > Taxonomies > Project Categories, set ""Show in search results"" to No and untick ""Include in sitemap"".",P1,R4,
AS-026,Junk URLs: archive,Project post-type archive,https://www.albertscott.com/project/,"Indexable archive page for all 23 portfolio projects, no meta description, listed in the sitemap","https://www.albertscott.com/project/ returns HTTP 200, title ""Projects - Albert Scott"", no meta description, 562 words, self canonical, listed in /sitemap.xml (child sitemap /post-archive-sitemap.xml).","Either 301 redirect /project/ to /listings-portfolio-gallery/ (recommended, since that page is the real portfolio hub), or keep it and write a proper title, meta description, and H1 if it is meant to be a second portfolio index.",P1,R4,
AS-027,Junk URLs: author archives,Author archive: 7121525_u8r6t1,https://www.albertscott.com/blog/author/7121525_u8r6t1/,Indexable author archive page,"https://www.albertscott.com/blog/author/7121525_u8r6t1/ returns HTTP 200, self canonical, no noindex. Confirmed via the site's read-only WordPress REST API (/wp-json/wp/v2/users), account id and slug ""7121525_u8r6t1"", display name ""7121525_u8r6t1"". Unknown/system account name; needs owner confirmation","In All in One SEO > Search Appearance > Archives > Author Archives, set ""Show Author Archives in search results"" to No. Separately, ask whoever manages WordPress users to confirm what the ""7121525_u8r6t1"" and ""Hashsalacop"" accounts are for; if unused, disable or delete them.",P1,R4,
AS-028,Junk URLs: author archives,Author archive: Albert Scott,https://www.albertscott.com/blog/author/albertllc/,Indexable author archive page,"https://www.albertscott.com/blog/author/albertllc/ returns HTTP 200, self canonical, no noindex. Confirmed via the site's read-only WordPress REST API (/wp-json/wp/v2/users), account id and slug ""albertllc"", display name ""Albert Scott"". Company account; used as the byline on most posts","In All in One SEO > Search Appearance > Archives > Author Archives, set ""Show Author Archives in search results"" to No. Separately, ask whoever manages WordPress users to confirm what the ""7121525_u8r6t1"" and ""Hashsalacop"" accounts are for; if unused, disable or delete them.",P1,R4,
AS-029,Junk URLs: author archives,Author archive: Hannah Kaufman,https://www.albertscott.com/blog/author/hannah-kaufman/,Indexable author archive page,"https://www.albertscott.com/blog/author/hannah-kaufman/ returns HTTP 200, self canonical, no noindex. Confirmed via the site's read-only WordPress REST API (/wp-json/wp/v2/users), account id and slug ""hannah-kaufman"", display name ""Hannah Kaufman"". Named person account","In All in One SEO > Search Appearance > Archives > Author Archives, set ""Show Author Archives in search results"" to No. Separately, ask whoever manages WordPress users to confirm what the ""7121525_u8r6t1"" and ""Hashsalacop"" accounts are for; if unused, disable or delete them.",P1,R4,
AS-030,Junk URLs: author archives,Author archive: Hashsalacop,https://www.albertscott.com/blog/author/hashsalacop/,Indexable author archive page,"https://www.albertscott.com/blog/author/hashsalacop/ returns HTTP 200, self canonical, no noindex. Confirmed via the site's read-only WordPress REST API (/wp-json/wp/v2/users), account id and slug ""hashsalacop"", display name ""Hashsalacop"". Unknown account name; needs owner confirmation","In All in One SEO > Search Appearance > Archives > Author Archives, set ""Show Author Archives in search results"" to No. Separately, ask whoever manages WordPress users to confirm what the ""7121525_u8r6t1"" and ""Hashsalacop"" accounts are for; if unused, disable or delete them.",P1,R4,
AS-031,Junk URLs: attachment pages,"1,075 media attachment pages (sample of 2 checked)",https://www.albertscott.com/wp-content/uploads/2026/08/0x0.webp,"Attachment pages redirect correctly, but only 2 of 1,075 were spot-checked","The WordPress REST API (/wp-json/wp/v2/media) reports 1,075 total media items, each of which gets its own WordPress ""attachment page"" URL by default. Two were checked directly: https://www.albertscott.com/0x0-4/ returns a 301 redirect to https://www.albertscott.com/wp-content/uploads/2026/08/0x0.webp, and https://www.albertscott.com/0x0-3/ returns a 301 redirect to https://www.albertscott.com/wp-content/uploads/2026/08/0x0-3.jpg. Both are handled correctly (redirected to the file, not left as separate indexable pages), but the other 1,073 were not individually checked.","No action needed on the 2 confirmed. In the monthly deep dive, spot-check a larger random sample (20 to 30) of attachment URLs from the Media Library to confirm the redirect setting covers all of them, since All in One SEO's ""Redirect Attachment URLs to Attachment File"" setting is what causes this and should apply site-wide once enabled.",P3,R4,
AS-032,Junk URLs: dead links,Dead URL: /marketing-management/,https://www.albertscott.com/marketing-management/,"404, but still returned by a live web search for site:albertscott.com","https://www.albertscott.com/marketing-management/ returns HTTP 404. It is linked from https://www.albertscott.com/test-modules/. A ""site:albertscott.com"" search still returned this URL with the title ""Marketing Management"" on 2026-09-03, meaning it is (or recently was) indexed.","Add a 301 redirect from https://www.albertscott.com/marketing-management/ to https://www.albertscott.com/marketing-devision/ (or its renamed slug, see the Marketing division page row below). Remove the dead link from /test-modules/, or delete that page entirely (see the Triage section).",P1,R5,
AS-033,Junk URLs: dead links,Dead URL: /privacy-policy-2/,https://www.albertscott.com/privacy-policy-2/,"404, linked from a test page","https://www.albertscott.com/privacy-policy-2/ returns HTTP 404, linked only from https://www.albertscott.com/test-modules/.","Add a 301 redirect from /privacy-policy-2/ to https://www.albertscott.com/privacy-policy/, or remove the link when /test-modules/ is deleted.",P1,R5,
AS-034,Junk URLs: missing hub,Missing page: /blog/,https://www.albertscott.com/blog/,"404, even though all 13 posts live under this path","https://www.albertscott.com/blog/ returns HTTP 404. All 13 blog posts (for example https://www.albertscott.com/blog/mastering-amazon-dsp/) use /blog/ as their URL prefix, but there is no index page at /blog/ itself. Once the category archives are noindexed (rows above), posts will have no page linking to all of them.","Either create a real blog index page at /blog/ that lists every article with a descriptive link, or add a 301 redirect from /blog/ to https://www.albertscott.com/newsroom/ and list the articles there instead.",P1,R19,
AS-035,Internal links to redirects,Homepage,https://www.albertscott.com/,"Links to /listing-division-2/, which 301s","On https://www.albertscott.com/, a link points at https://www.albertscott.com/listing-division-2/, which returns a 301 redirect to https://www.albertscott.com/listing-division/. Confirmed via a direct HTTP request to https://www.albertscott.com/listing-division-2/ on 2026-09-03.",Edit the link on https://www.albertscott.com/ to point directly at https://www.albertscott.com/listing-division/.,P1,R2,
AS-036,Internal links to redirects,Homepage,https://www.albertscott.com/,"Links to /marketing-division/, which 301s","On https://www.albertscott.com/, a link points at https://www.albertscott.com/marketing-division/, which returns a 301 redirect to https://www.albertscott.com/marketing-devision/. Confirmed via a direct HTTP request to https://www.albertscott.com/marketing-division/ on 2026-09-03.",Edit the link on https://www.albertscott.com/ to point directly at https://www.albertscott.com/marketing-devision/.,P1,R2,
AS-037,Internal links to redirects,Homepage,https://www.albertscott.com/,"Links to /logistics-division-2/, which 301s","On https://www.albertscott.com/, a link points at https://www.albertscott.com/logistics-division-2/, which returns a 301 redirect to https://www.albertscott.com/logistics-division/. Confirmed via a direct HTTP request to https://www.albertscott.com/logistics-division-2/ on 2026-09-03.",Edit the link on https://www.albertscott.com/ to point directly at https://www.albertscott.com/logistics-division/.,P1,R2,
AS-038,Internal links to redirects,Portfolio gallery page,https://www.albertscott.com/listings-portfolio-gallery/,"Links to /case-studies-2/, which 301s","On https://www.albertscott.com/listings-portfolio-gallery/, a link points at https://www.albertscott.com/case-studies-2/, which returns a 301 redirect to https://www.albertscott.com/case-studies/. Confirmed via a direct HTTP request to https://www.albertscott.com/case-studies-2/ on 2026-09-03.",Edit the link on https://www.albertscott.com/listings-portfolio-gallery/ to point directly at https://www.albertscott.com/case-studies/.,P1,R2,
AS-039,Internal links to redirects,Marketing division page,https://www.albertscott.com/marketing-devision/,"Links to /case-studies-2/, which 301s","On https://www.albertscott.com/marketing-devision/, a link points at https://www.albertscott.com/case-studies-2/, which returns a 301 redirect to https://www.albertscott.com/case-studies/. Confirmed via a direct HTTP request to https://www.albertscott.com/case-studies-2/ on 2026-09-03.",Edit the link on https://www.albertscott.com/marketing-devision/ to point directly at https://www.albertscott.com/case-studies/.,P1,R2,
AS-040,Internal links to redirects,Marketing division page (duplicate),https://www.albertscott.com/marketing-division-2/,"Links to /case-studies-2/, which 301s","On https://www.albertscott.com/marketing-division-2/, a link points at https://www.albertscott.com/case-studies-2/, which returns a 301 redirect to https://www.albertscott.com/case-studies/. Confirmed via a direct HTTP request to https://www.albertscott.com/case-studies-2/ on 2026-09-03.",Edit the link on https://www.albertscott.com/marketing-division-2/ to point directly at https://www.albertscott.com/case-studies/.,P1,R2,
AS-041,Homepage,Homepage,https://www.albertscott.com/,Title tag does not say what the page is,"The <title> tag reads ""Home - Albert Scott"". It contains no term a buyer would search for (no ""Amazon"", ""agency"", the service name, etc.), and the og:title tag copies this same text, so link previews are equally uninformative.","In All in One SEO, set the SEO Title for this page to: ""Full-Service Amazon Agency for Vendor and Seller Central Brands: Albert Scott"".",P1,R7,
AS-042,Homepage,Homepage,https://www.albertscott.com/,Customer testimonial quotes and names are marked up as headings,"On https://www.albertscott.com/, testimonial attribution lines are rendered as H2, H3 and H4 tags rather than plain text. On the homepage the same three names (""Martin Melis"", ""Charlie Vanichviroon"", ""Danielle King"") each appear three times as H4 because a carousel duplicates the DOM.","Change testimonial quote and attribution markup to <blockquote> and <p>/<cite>, not heading tags.",P2,R9,
AS-043,Homepage,Homepage,https://www.albertscott.com/,Images missing alt text,"https://www.albertscott.com/ has 236 of 236 images with an empty alt attribute (alt="""").",Open each image in the WordPress Media Library (or edit it directly in the page block) and add descriptive alt text.,P2,R10,
AS-044,Homepage,Homepage,https://www.albertscott.com/,Links to a redirecting URL,"https://www.albertscott.com/ contains a link to https://www.albertscott.com/marketing-division/, which returns HTTP 301 and redirects to https://www.albertscott.com/marketing-devision/.",Edit the link on https://www.albertscott.com/ to point at https://www.albertscott.com/marketing-devision/ directly.,P1,R2,
AS-045,Homepage,Homepage,https://www.albertscott.com/,Links to a redirecting URL,"https://www.albertscott.com/ contains a link to https://www.albertscott.com/logistics-division-2/, which returns HTTP 301 and redirects to /logistics-division/.",Edit the link on https://www.albertscott.com/ to point at /logistics-division/ directly.,P1,R2,
AS-046,Homepage,Homepage,https://www.albertscott.com/,Links to a redirecting URL,"https://www.albertscott.com/ contains a link to https://www.albertscott.com/case-studies-2/, which returns HTTP 301 and redirects to /case-studies/.",Edit the link on https://www.albertscott.com/ to point at /case-studies/ directly.,P1,R2,
AS-047,Homepage,Homepage,https://www.albertscott.com/,Links to a redirecting URL,"https://www.albertscott.com/ contains a link to https://www.albertscott.com/listing-division-2/, which returns HTTP 301 and redirects to /listing-division/.",Edit the link on https://www.albertscott.com/ to point at /listing-division/ directly.,P1,R2,
AS-048,About page,About page,https://www.albertscott.com/about-us/,Title tag does not say what the page is,"The <title> tag reads ""About Us - Albert Scott"". It contains no term a buyer would search for (no ""Amazon"", ""agency"", the service name, etc.), and the og:title tag copies this same text, so link previews are equally uninformative.","In All in One SEO, set the SEO Title for this page to: ""About Albert Scott, Amazon Agency in Inwood, New York"".",P1,R7,
AS-049,About page,About page,https://www.albertscott.com/about-us/,No H1 heading on the page,https://www.albertscott.com/about-us/ has zero H1 tags in its rendered HTML.,"Add an H1 to the page: for example ""About Albert Scott, Amazon Agency in Inwood, New York"".",P2,R9,
AS-050,About page,About page,https://www.albertscott.com/about-us/,Images missing alt text,"https://www.albertscott.com/about-us/ has 93 of 93 images with an empty alt attribute (alt="""").",Open each image in the WordPress Media Library (or edit it directly in the page block) and add descriptive alt text.,P2,R10,
AS-051,About page,About page,https://www.albertscott.com/about-us/,Body copy links to almost nothing else on the site,https://www.albertscott.com/about-us/ has only 2 link(s) in its body content beyond the shared nav and footer.,"Add contextual links from the body copy to related case studies, the relevant articles, and sibling division pages.",P2,R18,
AS-052,About page,About page,https://www.albertscott.com/about-us/,No visible call to action in the first mobile screen,"Rendered at 390x844, https://www.albertscott.com/about-us/ shows no button or form above the fold; the only CTA (""Contact"") is inside the collapsed hamburger menu. The homepage is the one page on the site where a CTA (""GET MY FREE AUDIT"") is visible without scrolling on mobile.","Add a visible button under the H1 (for example ""Book a Call"" or ""Get My Free Audit"") that renders in the first mobile screen without opening the nav menu.",P2,R20,
AS-053,About page,About page,https://www.albertscott.com/about-us/,Page scrolls horizontally on mobile (390px),"Rendered at 390x844, https://www.albertscott.com/about-us/ is wider than the viewport (document scrollWidth exceeds clientWidth).","Inspect the page at 390px width in Chrome DevTools, find the element wider than the screen (often a fixed-width image, table, or gallery row), and set it to max-width: 100%.",P2,R6,
AS-054,About page,About page,https://www.albertscott.com/about-us/,Page scrolls horizontally on desktop (1440px),"Rendered at 1440x900, https://www.albertscott.com/about-us/ is wider than the viewport.","Same diagnosis and fix as the mobile overflow row above, checked at 1440px width.",P2,R6,
AS-055,Listing division page,Listing division page,https://www.albertscott.com/listing-division/,A heading appears before the H1,"On https://www.albertscott.com/listing-division/, ""Albert Scott Divisions"" is rendered as an H3 tag and appears before the H1 ""Listing Division"" in the page source. This is the ""Albert Scott Divisions"" eyebrow label on division pages, or a similar label elsewhere.","Change ""Albert Scott Divisions"" from a heading tag to a styled <p> or <span>, so the H1 is the first heading on the page.",P2,R9,
AS-056,Listing division page,Listing division page,https://www.albertscott.com/listing-division/,Service page is shorter than it should be,"https://www.albertscott.com/listing-division/ has approximately 451 words. The best example on the site, https://www.albertscott.com/dsp/, has 1,396 words and a FAQ section.",Expand to at least 900 words using the /dsp/ page as the model.,P2,R11,
AS-057,Listing division page,Listing division page,https://www.albertscott.com/listing-division/,Images missing alt text,"https://www.albertscott.com/listing-division/ has 19 of 21 images with an empty alt attribute (alt="""").",Open each image in the WordPress Media Library (or edit it directly in the page block) and add descriptive alt text.,P2,R10,
AS-058,Listing division page,Listing division page,https://www.albertscott.com/listing-division/,Body copy links to almost nothing else on the site,https://www.albertscott.com/listing-division/ has only 2 link(s) in its body content beyond the shared nav and footer.,"Add contextual links from the body copy to related case studies, the relevant articles, and sibling division pages.",P2,R18,
AS-059,Listing division page,Listing division page,https://www.albertscott.com/listing-division/,No visible call to action in the first mobile screen,"Rendered at 390x844, https://www.albertscott.com/listing-division/ shows no button or form above the fold; the only CTA (""Contact"") is inside the collapsed hamburger menu. The homepage is the one page on the site where a CTA (""GET MY FREE AUDIT"") is visible without scrolling on mobile.","Add a visible button under the H1 (for example ""Book a Call"" or ""Get My Free Audit"") that renders in the first mobile screen without opening the nav menu.",P2,R20,
AS-060,Marketing division page,Marketing division page,https://www.albertscott.com/marketing-devision/,Title tag does not say what the page is,"The <title> tag reads ""Marketing Devision - Albert Scott"". It contains no term a buyer would search for (no ""Amazon"", ""agency"", the service name, etc.), and the og:title tag copies this same text, so link previews are equally uninformative.","In All in One SEO, set the SEO Title for this page to: ""Amazon Advertising Agency: Sponsored Ads and DSP Managed by Albert Scott"".",P1,R7,
AS-061,Marketing division page,Marketing division page,https://www.albertscott.com/marketing-devision/,"URL slug, title, and breadcrumb schema all misspell ""Division"" as ""Devision""","The live URL is https://www.albertscott.com/marketing-devision/ (note ""Devision""). The <title> tag is ""Marketing Devision - Albert Scott"". The AIOSEO BreadcrumbList schema on this page names the breadcrumb item ""Marketing Devision"". The correctly spelled https://www.albertscott.com/marketing-division/ exists only as a 301 redirect pointing at this misspelled URL.","In WordPress, edit the page slug from ""marketing-devision"" to ""marketing-division"" (WordPress will auto-create a redirect from the old slug). Then delete the now-unnecessary existing redirect rule that points /marketing-division/ at /marketing-devision/. Fix the SEO title at the same time (see the row above).",P1,R3,
AS-062,Marketing division page,Marketing division page,https://www.albertscott.com/marketing-devision/,No meta description,"View source on https://www.albertscott.com/marketing-devision/ and search for name=""description"": the tag is absent.","Write a 120 to 155 character meta description in All in One SEO for this specific page, stating what it offers and for whom.",P1,R8,
AS-063,Marketing division page,Marketing division page,https://www.albertscott.com/marketing-devision/,A heading appears before the H1,"On https://www.albertscott.com/marketing-devision/, ""Albert Scott Divisions"" is rendered as an H3 tag and appears before the H1 ""Marketing Division"" in the page source. This is the ""Albert Scott Divisions"" eyebrow label on division pages, or a similar label elsewhere.","Change ""Albert Scott Divisions"" from a heading tag to a styled <p> or <span>, so the H1 is the first heading on the page.",P2,R9,
AS-064,Marketing division page,Marketing division page,https://www.albertscott.com/marketing-devision/,H1 text carries no descriptive term,"The H1 on https://www.albertscott.com/marketing-devision/ is ""Marketing Division"", a slogan or label with no service name a buyer would search.","Rewrite the H1 to name the service and audience, keeping the current text as a subheading if it is valued as branding.",P2,R9,
AS-065,Marketing division page,Marketing division page,https://www.albertscott.com/marketing-devision/,Customer testimonial quotes and names are marked up as headings,"On https://www.albertscott.com/marketing-devision/, testimonial attribution lines are rendered as H2, H3 and H4 tags rather than plain text. On the homepage the same three names (""Martin Melis"", ""Charlie Vanichviroon"", ""Danielle King"") each appear three times as H4 because a carousel duplicates the DOM.","Change testimonial quote and attribution markup to <blockquote> and <p>/<cite>, not heading tags.",P2,R9,
AS-066,Marketing division page,Marketing division page,https://www.albertscott.com/marketing-devision/,Images missing alt text,"https://www.albertscott.com/marketing-devision/ has 42 of 44 images with an empty alt attribute (alt="""").",Open each image in the WordPress Media Library (or edit it directly in the page block) and add descriptive alt text.,P2,R10,
AS-067,Marketing division page,Marketing division page,https://www.albertscott.com/marketing-devision/,Links to a redirecting URL,"https://www.albertscott.com/marketing-devision/ contains a link to https://www.albertscott.com/case-studies-2/, which returns HTTP 301 and redirects to /case-studies/.",Edit the link on https://www.albertscott.com/marketing-devision/ to point at /case-studies/ directly.,P1,R2,
AS-068,Marketing division page,Marketing division page,https://www.albertscott.com/marketing-devision/,No visible call to action in the first mobile screen,"Rendered at 390x844, https://www.albertscott.com/marketing-devision/ shows no button or form above the fold; the only CTA (""Contact"") is inside the collapsed hamburger menu. The homepage is the one page on the site where a CTA (""GET MY FREE AUDIT"") is visible without scrolling on mobile.","Add a visible button under the H1 (for example ""Book a Call"" or ""Get My Free Audit"") that renders in the first mobile screen without opening the nav menu.",P2,R20,
AS-069,Retail division page,Retail division page,https://www.albertscott.com/retail-division/,A heading appears before the H1,"On https://www.albertscott.com/retail-division/, ""Albert Scott Divisions"" is rendered as an H3 tag and appears before the H1 ""Retail Division"" in the page source. This is the ""Albert Scott Divisions"" eyebrow label on division pages, or a similar label elsewhere.","Change ""Albert Scott Divisions"" from a heading tag to a styled <p> or <span>, so the H1 is the first heading on the page.",P2,R9,
AS-070,Retail division page,Retail division page,https://www.albertscott.com/retail-division/,Service page is shorter than it should be,"https://www.albertscott.com/retail-division/ has approximately 378 words. The best example on the site, https://www.albertscott.com/dsp/, has 1,396 words and a FAQ section.",Expand to at least 900 words using the /dsp/ page as the model.,P2,R11,
AS-071,Retail division page,Retail division page,https://www.albertscott.com/retail-division/,Images missing alt text,"https://www.albertscott.com/retail-division/ has 19 of 19 images with an empty alt attribute (alt="""").",Open each image in the WordPress Media Library (or edit it directly in the page block) and add descriptive alt text.,P2,R10,
AS-072,Retail division page,Retail division page,https://www.albertscott.com/retail-division/,Body copy links to almost nothing else on the site,https://www.albertscott.com/retail-division/ has only 1 link(s) in its body content beyond the shared nav and footer.,"Add contextual links from the body copy to related case studies, the relevant articles, and sibling division pages.",P2,R18,
AS-073,Retail division page,Retail division page,https://www.albertscott.com/retail-division/,No visible call to action in the first mobile screen,"Rendered at 390x844, https://www.albertscott.com/retail-division/ shows no button or form above the fold; the only CTA (""Contact"") is inside the collapsed hamburger menu. The homepage is the one page on the site where a CTA (""GET MY FREE AUDIT"") is visible without scrolling on mobile.","Add a visible button under the H1 (for example ""Book a Call"" or ""Get My Free Audit"") that renders in the first mobile screen without opening the nav menu.",P2,R20,
AS-074,Logistics division page,Logistics division page,https://www.albertscott.com/logistics-division/,A heading appears before the H1,"On https://www.albertscott.com/logistics-division/, ""Albert Scott Divisions"" is rendered as an H3 tag and appears before the H1 ""Logistics Division"" in the page source. This is the ""Albert Scott Divisions"" eyebrow label on division pages, or a similar label elsewhere.","Change ""Albert Scott Divisions"" from a heading tag to a styled <p> or <span>, so the H1 is the first heading on the page.",P2,R9,
AS-075,Logistics division page,Logistics division page,https://www.albertscott.com/logistics-division/,Thin body content,"https://www.albertscott.com/logistics-division/ has approximately 336 words of body copy (header, footer, nav, and cookie banner excluded from this count).","Expand this page to at least 900 words, following the structure already used on https://www.albertscott.com/dsp/ (definition, what is included, how it connects to the other divisions, results, FAQ).",P2,R11,
AS-076,Logistics division page,Logistics division page,https://www.albertscott.com/logistics-division/,Images missing alt text,"https://www.albertscott.com/logistics-division/ has 10 of 10 images with an empty alt attribute (alt="""").",Open each image in the WordPress Media Library (or edit it directly in the page block) and add descriptive alt text.,P2,R10,
AS-077,Logistics division page,Logistics division page,https://www.albertscott.com/logistics-division/,Body copy links to almost nothing else on the site,https://www.albertscott.com/logistics-division/ has only 1 link(s) in its body content beyond the shared nav and footer.,"Add contextual links from the body copy to related case studies, the relevant articles, and sibling division pages.",P2,R18,
AS-078,Logistics division page,Logistics division page,https://www.albertscott.com/logistics-division/,No visible call to action in the first mobile screen,"Rendered at 390x844, https://www.albertscott.com/logistics-division/ shows no button or form above the fold; the only CTA (""Contact"") is inside the collapsed hamburger menu. The homepage is the one page on the site where a CTA (""GET MY FREE AUDIT"") is visible without scrolling on mobile.","Add a visible button under the H1 (for example ""Book a Call"" or ""Get My Free Audit"") that renders in the first mobile screen without opening the nav menu.",P2,R20,
AS-079,DSP page,DSP page,https://www.albertscott.com/dsp/,Title tag does not say what the page is,"The <title> tag reads ""DSP - Albert Scott"". It contains no term a buyer would search for (no ""Amazon"", ""agency"", the service name, etc.), and the og:title tag copies this same text, so link previews are equally uninformative.","In All in One SEO, set the SEO Title for this page to: ""Amazon DSP Management Agency: Albert Scott"".",P1,R7,
AS-080,DSP page,DSP page,https://www.albertscott.com/dsp/,No meta description,"View source on https://www.albertscott.com/dsp/ and search for name=""description"": the tag is absent.","Write a 120 to 155 character meta description in All in One SEO for this specific page, stating what it offers and for whom.",P1,R8,
AS-081,DSP page,DSP page,https://www.albertscott.com/dsp/,Images missing alt text,"https://www.albertscott.com/dsp/ has 175 of 175 images with an empty alt attribute (alt="""").",Open each image in the WordPress Media Library (or edit it directly in the page block) and add descriptive alt text.,P2,R10,
AS-082,DSP page,DSP page,https://www.albertscott.com/dsp/,Almost no internal links point to this page,Only 1 link(s) from the other 85 crawled pages point at https://www.albertscott.com/dsp/. It is reachable mainly through the sitemap.,Add a link to https://www.albertscott.com/dsp/ from the homepage divisions section and from the case studies or articles most relevant to it.,P2,R18,
AS-083,DSP page,DSP page,https://www.albertscott.com/dsp/,Body copy links to almost nothing else on the site,https://www.albertscott.com/dsp/ has only 1 link(s) in its body content beyond the shared nav and footer.,"Add contextual links from the body copy to related case studies, the relevant articles, and sibling division pages.",P2,R18,
AS-084,DSP page,DSP page,https://www.albertscott.com/dsp/,No visible call to action in the first mobile screen,"Rendered at 390x844, https://www.albertscott.com/dsp/ shows no button or form above the fold; the only CTA (""Contact"") is inside the collapsed hamburger menu. The homepage is the one page on the site where a CTA (""GET MY FREE AUDIT"") is visible without scrolling on mobile.","Add a visible button under the H1 (for example ""Book a Call"" or ""Get My Free Audit"") that renders in the first mobile screen without opening the nav menu.",P2,R20,
AS-085,Case studies page,Case studies page,https://www.albertscott.com/case-studies/,Title tag does not say what the page is,"The <title> tag reads ""Case Studies - Albert Scott"". It contains no term a buyer would search for (no ""Amazon"", ""agency"", the service name, etc.), and the og:title tag copies this same text, so link previews are equally uninformative.","In All in One SEO, set the SEO Title for this page to: ""Amazon Growth Case Studies: Albert Scott"".",P1,R7,
AS-086,Case studies page,Case studies page,https://www.albertscott.com/case-studies/,Thin body content,"https://www.albertscott.com/case-studies/ has approximately 276 words of body copy (header, footer, nav, and cookie banner excluded from this count).","Expand this page to at least 900 words, following the structure already used on https://www.albertscott.com/dsp/ (definition, what is included, how it connects to the other divisions, results, FAQ).",P2,R11,
AS-087,Case studies page,Case studies page,https://www.albertscott.com/case-studies/,Images missing alt text,"https://www.albertscott.com/case-studies/ has 7 of 7 images with an empty alt attribute (alt="""").",Open each image in the WordPress Media Library (or edit it directly in the page block) and add descriptive alt text.,P2,R10,
AS-088,Case studies page,Case studies page,https://www.albertscott.com/case-studies/,No visible call to action in the first mobile screen,"Rendered at 390x844, https://www.albertscott.com/case-studies/ shows no button or form above the fold; the only CTA (""Contact"") is inside the collapsed hamburger menu. The homepage is the one page on the site where a CTA (""GET MY FREE AUDIT"") is visible without scrolling on mobile.","Add a visible button under the H1 (for example ""Book a Call"" or ""Get My Free Audit"") that renders in the first mobile screen without opening the nav menu.",P2,R20,
AS-089,Case study: BeYoutiful,Case study: BeYoutiful,https://www.albertscott.com/case-studies/beyoutiful/,Title tag does not say what the page is,"The <title> tag reads ""From $0 to $1M+ in Year 1 - Albert Scott"". It contains no term a buyer would search for (no ""Amazon"", ""agency"", the service name, etc.), and the og:title tag copies this same text, so link previews are equally uninformative.","In All in One SEO, set the SEO Title for this page to: ""[Service] for Amazon Brands: Albert Scott"".",P1,R7,
AS-090,Case study: BeYoutiful,Case study: BeYoutiful,https://www.albertscott.com/case-studies/beyoutiful/,No meta description,"View source on https://www.albertscott.com/case-studies/beyoutiful/ and search for name=""description"": the tag is absent.","Write a 120 to 155 character meta description in All in One SEO for this specific page, stating what it offers and for whom.",P1,R8,
AS-091,Case study: BeYoutiful,Case study: BeYoutiful,https://www.albertscott.com/case-studies/beyoutiful/,A heading appears before the H1,"On https://www.albertscott.com/case-studies/beyoutiful/, ""CASE STUDY: BEYOUTIFUL"" is rendered as an H4 tag and appears before the H1 ""From $0 to $1M+ in Year 1: Launching a New Skincare Brand on Amazon"" in the page source. This is the ""Albert Scott Divisions"" eyebrow label on division pages, or a similar label elsewhere.","Change ""CASE STUDY: BEYOUTIFUL"" from a heading tag to a styled <p> or <span>, so the H1 is the first heading on the page.",P2,R9,
AS-092,Case study: BeYoutiful,Case study: BeYoutiful,https://www.albertscott.com/case-studies/beyoutiful/,Images missing alt text,"https://www.albertscott.com/case-studies/beyoutiful/ has 10 of 13 images with an empty alt attribute (alt="""").",Open each image in the WordPress Media Library (or edit it directly in the page block) and add descriptive alt text.,P2,R10,
AS-093,Case study: BeYoutiful,Case study: BeYoutiful,https://www.albertscott.com/case-studies/beyoutiful/,Almost no internal links point to this page,Only 1 link(s) from the other 85 crawled pages point at https://www.albertscott.com/case-studies/beyoutiful/. It is reachable mainly through the sitemap.,Add a link to https://www.albertscott.com/case-studies/beyoutiful/ from the homepage divisions section and from the case studies or articles most relevant to it.,P2,R18,
AS-094,Case study: BeYoutiful,Case study: BeYoutiful,https://www.albertscott.com/case-studies/beyoutiful/,Body copy links to almost nothing else on the site,https://www.albertscott.com/case-studies/beyoutiful/ has only 2 link(s) in its body content beyond the shared nav and footer.,"Add contextual links from the body copy to related case studies, the relevant articles, and sibling division pages.",P2,R18,
AS-095,Case study: BeYoutiful,Case study: BeYoutiful,https://www.albertscott.com/case-studies/beyoutiful/,No visible call to action in the first mobile screen,"Rendered at 390x844, https://www.albertscott.com/case-studies/beyoutiful/ shows no button or form above the fold; the only CTA (""Contact"") is inside the collapsed hamburger menu. The homepage is the one page on the site where a CTA (""GET MY FREE AUDIT"") is visible without scrolling on mobile.","Add a visible button under the H1 (for example ""Book a Call"" or ""Get My Free Audit"") that renders in the first mobile screen without opening the nav menu.",P2,R20,
AS-096,Case study: Atlas Olive Oils,Case study: Atlas Olive Oils,https://www.albertscott.com/case-studies/atlas-olive-oils/,Title tag does not say what the page is,"The <title> tag reads ""Atlas Olive Oils - Albert Scott"". It contains no term a buyer would search for (no ""Amazon"", ""agency"", the service name, etc.), and the og:title tag copies this same text, so link previews are equally uninformative.","In All in One SEO, set the SEO Title for this page to: ""[Service] for Amazon Brands: Albert Scott"".",P1,R7,
AS-097,Case study: Atlas Olive Oils,Case study: Atlas Olive Oils,https://www.albertscott.com/case-studies/atlas-olive-oils/,No meta description,"View source on https://www.albertscott.com/case-studies/atlas-olive-oils/ and search for name=""description"": the tag is absent.","Write a 120 to 155 character meta description in All in One SEO for this specific page, stating what it offers and for whom.",P1,R8,
AS-098,Case study: Atlas Olive Oils,Case study: Atlas Olive Oils,https://www.albertscott.com/case-studies/atlas-olive-oils/,A heading appears before the H1,"On https://www.albertscott.com/case-studies/atlas-olive-oils/, ""Case Study: Atlas Olive Oils"" is rendered as an H4 tag and appears before the H1 ""Atlas Olive Oil: The Best Selling Olive Oil on Amazon"" in the page source. This is the ""Albert Scott Divisions"" eyebrow label on division pages, or a similar label elsewhere.","Change ""Case Study: Atlas Olive Oils"" from a heading tag to a styled <p> or <span>, so the H1 is the first heading on the page.",P2,R9,
AS-099,Case study: Atlas Olive Oils,Case study: Atlas Olive Oils,https://www.albertscott.com/case-studies/atlas-olive-oils/,Images missing alt text,"https://www.albertscott.com/case-studies/atlas-olive-oils/ has 11 of 13 images with an empty alt attribute (alt="""").",Open each image in the WordPress Media Library (or edit it directly in the page block) and add descriptive alt text.,P2,R10,
AS-100,Case study: Atlas Olive Oils,Case study: Atlas Olive Oils,https://www.albertscott.com/case-studies/atlas-olive-oils/,Almost no internal links point to this page,Only 1 link(s) from the other 85 crawled pages point at https://www.albertscott.com/case-studies/atlas-olive-oils/. It is reachable mainly through the sitemap.,Add a link to https://www.albertscott.com/case-studies/atlas-olive-oils/ from the homepage divisions section and from the case studies or articles most relevant to it.,P2,R18,
AS-101,Case study: Atlas Olive Oils,Case study: Atlas Olive Oils,https://www.albertscott.com/case-studies/atlas-olive-oils/,Body copy links to almost nothing else on the site,https://www.albertscott.com/case-studies/atlas-olive-oils/ has only 2 link(s) in its body content beyond the shared nav and footer.,"Add contextual links from the body copy to related case studies, the relevant articles, and sibling division pages.",P2,R18,
AS-102,Case study: Atlas Olive Oils,Case study: Atlas Olive Oils,https://www.albertscott.com/case-studies/atlas-olive-oils/,No visible call to action in the first mobile screen,"Rendered at 390x844, https://www.albertscott.com/case-studies/atlas-olive-oils/ shows no button or form above the fold; the only CTA (""Contact"") is inside the collapsed hamburger menu. The homepage is the one page on the site where a CTA (""GET MY FREE AUDIT"") is visible without scrolling on mobile.","Add a visible button under the H1 (for example ""Book a Call"" or ""Get My Free Audit"") that renders in the first mobile screen without opening the nav menu.",P2,R20,
AS-103,Case study: Mouthwatchers (noindexed),Case study: Mouthwatchers (noindexed),https://www.albertscott.com/case-studies/mouthwatchers/,A heading appears before the H1,"On https://www.albertscott.com/case-studies/mouthwatchers/, ""Case Study: Mouthwatchers"" is rendered as an H4 tag and appears before the H1 ""Mouthwatchers: Unlocking Growth in a Commodity Category"" in the page source. This is the ""Albert Scott Divisions"" eyebrow label on division pages, or a similar label elsewhere.","Change ""Case Study: Mouthwatchers"" from a heading tag to a styled <p> or <span>, so the H1 is the first heading on the page.",P2,R9,
AS-104,Case study: Mouthwatchers (noindexed),Case study: Mouthwatchers (noindexed),https://www.albertscott.com/case-studies/mouthwatchers/,H1 text carries no descriptive term,"The H1 on https://www.albertscott.com/case-studies/mouthwatchers/ is ""Mouthwatchers: Unlocking Growth in a Commodity Category"", a slogan or label with no service name a buyer would search.","Rewrite the H1 to name the service and audience, keeping the current text as a subheading if it is valued as branding.",P2,R9,
AS-105,Case study: Mouthwatchers (noindexed),Case study: Mouthwatchers (noindexed),https://www.albertscott.com/case-studies/mouthwatchers/,Images missing alt text,"https://www.albertscott.com/case-studies/mouthwatchers/ has 11 of 12 images with an empty alt attribute (alt="""").",Open each image in the WordPress Media Library (or edit it directly in the page block) and add descriptive alt text.,P2,R10,
AS-106,Case study: Mouthwatchers (noindexed),Case study: Mouthwatchers (noindexed),https://www.albertscott.com/case-studies/mouthwatchers/,Almost no internal links point to this page,Only 1 link(s) from the other 85 crawled pages point at https://www.albertscott.com/case-studies/mouthwatchers/. It is reachable mainly through the sitemap.,Add a link to https://www.albertscott.com/case-studies/mouthwatchers/ from the homepage divisions section and from the case studies or articles most relevant to it.,P2,R18,
AS-107,Case study: Mouthwatchers (noindexed),Case study: Mouthwatchers (noindexed),https://www.albertscott.com/case-studies/mouthwatchers/,Body copy links to almost nothing else on the site,https://www.albertscott.com/case-studies/mouthwatchers/ has only 2 link(s) in its body content beyond the shared nav and footer.,"Add contextual links from the body copy to related case studies, the relevant articles, and sibling division pages.",P2,R18,
AS-108,Case study: Mouthwatchers (noindexed),Case study: Mouthwatchers (noindexed),https://www.albertscott.com/case-studies/mouthwatchers/,Page is noindexed while a thinner duplicate is indexed,"https://www.albertscott.com/case-studies/mouthwatchers/ carries meta robots ""noindex, nofollow, max-snippet:-1, max-image-preview:large, max-video-preview:-1"" and is excluded from the sitemap, even though it has the fullest content and title of the three case studies (517 words, title ""Mouthwatchers Case Study | Amazon Growth & Strategy""). Meanwhile https://www.albertscott.com/blog/mouthwatchers/ (108 words) is indexed.","Merge https://www.albertscott.com/blog/mouthwatchers/ into https://www.albertscott.com/case-studies/mouthwatchers/ (301 the post here), then remove the noindex tag from https://www.albertscott.com/case-studies/mouthwatchers/ in All in One SEO.",P2,R12,
AS-109,Case study: Mouthwatchers (noindexed),Case study: Mouthwatchers (noindexed),https://www.albertscott.com/case-studies/mouthwatchers/,No visible call to action in the first mobile screen,"Rendered at 390x844, https://www.albertscott.com/case-studies/mouthwatchers/ shows no button or form above the fold; the only CTA (""Contact"") is inside the collapsed hamburger menu. The homepage is the one page on the site where a CTA (""GET MY FREE AUDIT"") is visible without scrolling on mobile.","Add a visible button under the H1 (for example ""Book a Call"" or ""Get My Free Audit"") that renders in the first mobile screen without opening the nav menu.",P2,R20,
AS-110,Portfolio gallery page,Portfolio gallery page,https://www.albertscott.com/listings-portfolio-gallery/,No H1 heading on the page,https://www.albertscott.com/listings-portfolio-gallery/ has zero H1 tags in its rendered HTML.,"Add an H1 to the page: for example ""Amazon Listing, A+ Content and Brand Store Portfolio"".",P2,R9,
AS-111,Portfolio gallery page,Portfolio gallery page,https://www.albertscott.com/listings-portfolio-gallery/,Thin body content,"https://www.albertscott.com/listings-portfolio-gallery/ has approximately 229 words of body copy (header, footer, nav, and cookie banner excluded from this count).","Expand this page to at least 900 words, following the structure already used on https://www.albertscott.com/dsp/ (definition, what is included, how it connects to the other divisions, results, FAQ).",P2,R11,
AS-112,Portfolio gallery page,Portfolio gallery page,https://www.albertscott.com/listings-portfolio-gallery/,Images missing alt text,"https://www.albertscott.com/listings-portfolio-gallery/ has 219 of 219 images with an empty alt attribute (alt="""").",Open each image in the WordPress Media Library (or edit it directly in the page block) and add descriptive alt text.,P2,R10,
AS-113,Portfolio gallery page,Portfolio gallery page,https://www.albertscott.com/listings-portfolio-gallery/,Links to a redirecting URL,"https://www.albertscott.com/listings-portfolio-gallery/ contains a link to https://www.albertscott.com/case-studies-2/, which returns HTTP 301 and redirects to /case-studies/.",Edit the link on https://www.albertscott.com/listings-portfolio-gallery/ to point at /case-studies/ directly.,P1,R2,
AS-114,Portfolio gallery page,Portfolio gallery page,https://www.albertscott.com/listings-portfolio-gallery/,No visible call to action in the first mobile screen,"Rendered at 390x844, https://www.albertscott.com/listings-portfolio-gallery/ shows no button or form above the fold; the only CTA (""Contact"") is inside the collapsed hamburger menu. The homepage is the one page on the site where a CTA (""GET MY FREE AUDIT"") is visible without scrolling on mobile.","Add a visible button under the H1 (for example ""Book a Call"" or ""Get My Free Audit"") that renders in the first mobile screen without opening the nav menu.",P2,R20,
AS-115,Portfolio gallery page,Portfolio gallery page,https://www.albertscott.com/listings-portfolio-gallery/,Page scrolls horizontally on mobile (390px),"Rendered at 390x844, https://www.albertscott.com/listings-portfolio-gallery/ is wider than the viewport (document scrollWidth exceeds clientWidth).","Inspect the page at 390px width in Chrome DevTools, find the element wider than the screen (often a fixed-width image, table, or gallery row), and set it to max-width: 100%.",P2,R6,
AS-116,Newsroom page,Newsroom page,https://www.albertscott.com/newsroom/,Title tag does not say what the page is,"The <title> tag reads ""Newsroom - Albert Scott"". It contains no term a buyer would search for (no ""Amazon"", ""agency"", the service name, etc.), and the og:title tag copies this same text, so link previews are equally uninformative.","In All in One SEO, set the SEO Title for this page to: ""Albert Scott in the News: Forbes and Press Coverage"".",P1,R7,
AS-117,Newsroom page,Newsroom page,https://www.albertscott.com/newsroom/,H1 text carries no descriptive term,"The H1 on https://www.albertscott.com/newsroom/ is ""Newsroom"", a slogan or label with no service name a buyer would search.","Rewrite the H1 to name the service and audience, keeping the current text as a subheading if it is valued as branding.",P2,R9,
AS-118,Newsroom page,Newsroom page,https://www.albertscott.com/newsroom/,Images missing alt text,"https://www.albertscott.com/newsroom/ has 5 of 5 images with an empty alt attribute (alt="""").",Open each image in the WordPress Media Library (or edit it directly in the page block) and add descriptive alt text.,P2,R10,
AS-119,Newsroom page,Newsroom page,https://www.albertscott.com/newsroom/,No visible call to action in the first mobile screen,"Rendered at 390x844, https://www.albertscott.com/newsroom/ shows no button or form above the fold; the only CTA (""Contact"") is inside the collapsed hamburger menu. The homepage is the one page on the site where a CTA (""GET MY FREE AUDIT"") is visible without scrolling on mobile.","Add a visible button under the H1 (for example ""Book a Call"" or ""Get My Free Audit"") that renders in the first mobile screen without opening the nav menu.",P2,R20,
AS-120,University page,University page,https://www.albertscott.com/albert-scott-university/,Title tag does not say what the page is,"The <title> tag reads ""Albert Scott University - Albert Scott"". It contains no term a buyer would search for (no ""Amazon"", ""agency"", the service name, etc.), and the og:title tag copies this same text, so link previews are equally uninformative.","In All in One SEO, set the SEO Title for this page to: ""Albert Scott University: Amazon Guides and Resources"".",P1,R7,
AS-121,University page,University page,https://www.albertscott.com/albert-scott-university/,H1 text carries no descriptive term,"The H1 on https://www.albertscott.com/albert-scott-university/ is ""Albert Scott University"", a slogan or label with no service name a buyer would search.","Rewrite the H1 to name the service and audience, keeping the current text as a subheading if it is valued as branding.",P2,R9,
AS-122,University page,University page,https://www.albertscott.com/albert-scott-university/,Thin body content,"https://www.albertscott.com/albert-scott-university/ has approximately 176 words of body copy (header, footer, nav, and cookie banner excluded from this count).","Expand this page to at least 900 words, following the structure already used on https://www.albertscott.com/dsp/ (definition, what is included, how it connects to the other divisions, results, FAQ).",P2,R11,
AS-123,University page,University page,https://www.albertscott.com/albert-scott-university/,Images missing alt text,"https://www.albertscott.com/albert-scott-university/ has 4 of 4 images with an empty alt attribute (alt="""").",Open each image in the WordPress Media Library (or edit it directly in the page block) and add descriptive alt text.,P2,R10,
AS-124,University page,University page,https://www.albertscott.com/albert-scott-university/,No visible call to action in the first mobile screen,"Rendered at 390x844, https://www.albertscott.com/albert-scott-university/ shows no button or form above the fold; the only CTA (""Contact"") is inside the collapsed hamburger menu. The homepage is the one page on the site where a CTA (""GET MY FREE AUDIT"") is visible without scrolling on mobile.","Add a visible button under the H1 (for example ""Book a Call"" or ""Get My Free Audit"") that renders in the first mobile screen without opening the nav menu.",P2,R20,
AS-125,Contact page,Contact page,https://www.albertscott.com/contact-us/,Title tag does not say what the page is,"The <title> tag reads ""Contact Us - Albert Scott"". It contains no term a buyer would search for (no ""Amazon"", ""agency"", the service name, etc.), and the og:title tag copies this same text, so link previews are equally uninformative.","In All in One SEO, set the SEO Title for this page to: ""Contact Albert Scott, Amazon Agency in New York"".",P1,R7,
AS-126,Contact page,Contact page,https://www.albertscott.com/contact-us/,H1 text carries no descriptive term,"The H1 on https://www.albertscott.com/contact-us/ is ""Get in Touch"", a slogan or label with no service name a buyer would search.","Rewrite the H1 to name the service and audience, keeping the current text as a subheading if it is valued as branding.",P2,R9,
AS-127,Contact page,Contact page,https://www.albertscott.com/contact-us/,Thin body content,"https://www.albertscott.com/contact-us/ has approximately 54 words of body copy (header, footer, nav, and cookie banner excluded from this count).","Expand this page to at least 900 words, following the structure already used on https://www.albertscott.com/dsp/ (definition, what is included, how it connects to the other divisions, results, FAQ).",P2,R11,
AS-128,Contact page,Contact page,https://www.albertscott.com/contact-us/,Images missing alt text,"https://www.albertscott.com/contact-us/ has 6 of 6 images with an empty alt attribute (alt="""").",Open each image in the WordPress Media Library (or edit it directly in the page block) and add descriptive alt text.,P2,R10,
AS-129,Contact page,Contact page,https://www.albertscott.com/contact-us/,Body copy links to almost nothing else on the site,https://www.albertscott.com/contact-us/ has only 1 link(s) in its body content beyond the shared nav and footer.,"Add contextual links from the body copy to related case studies, the relevant articles, and sibling division pages.",P2,R18,
AS-130,Contact page,Contact page,https://www.albertscott.com/contact-us/,No visible call to action in the first mobile screen,"Rendered at 390x844, https://www.albertscott.com/contact-us/ shows no button or form above the fold; the only CTA (""Contact"") is inside the collapsed hamburger menu. The homepage is the one page on the site where a CTA (""GET MY FREE AUDIT"") is visible without scrolling on mobile.","Add a visible button under the H1 (for example ""Book a Call"" or ""Get My Free Audit"") that renders in the first mobile screen without opening the nav menu.",P2,R20,
AS-131,Book a call page,Book a call page,https://www.albertscott.com/book-a-call/,Title tag does not say what the page is,"The <title> tag reads ""Book a Call - Albert Scott"". It contains no term a buyer would search for (no ""Amazon"", ""agency"", the service name, etc.), and the og:title tag copies this same text, so link previews are equally uninformative.","In All in One SEO, set the SEO Title for this page to: ""[Service] for Amazon Brands: Albert Scott"".",P1,R7,
AS-132,Book a call page,Book a call page,https://www.albertscott.com/book-a-call/,No meta description,"View source on https://www.albertscott.com/book-a-call/ and search for name=""description"": the tag is absent.","Write a 120 to 155 character meta description in All in One SEO for this specific page, stating what it offers and for whom.",P1,R8,
AS-133,Book a call page,Book a call page,https://www.albertscott.com/book-a-call/,No H1 heading on the page,https://www.albertscott.com/book-a-call/ has zero H1 tags in its rendered HTML.,"Add an H1 to the page: for example ""About Albert Scott"".",P2,R9,
AS-134,Book a call page,Book a call page,https://www.albertscott.com/book-a-call/,Thin body content,"https://www.albertscott.com/book-a-call/ has approximately 68 words of body copy (header, footer, nav, and cookie banner excluded from this count).","Expand this page to at least 900 words, following the structure already used on https://www.albertscott.com/dsp/ (definition, what is included, how it connects to the other divisions, results, FAQ).",P2,R11,
AS-135,Book a call page,Book a call page,https://www.albertscott.com/book-a-call/,Images missing alt text,"https://www.albertscott.com/book-a-call/ has 2 of 2 images with an empty alt attribute (alt="""").",Open each image in the WordPress Media Library (or edit it directly in the page block) and add descriptive alt text.,P2,R10,
AS-136,Book a call page,Book a call page,https://www.albertscott.com/book-a-call/,Almost no internal links point to this page,Only 0 link(s) from the other 85 crawled pages point at https://www.albertscott.com/book-a-call/. It is reachable mainly through the sitemap.,Add a link to https://www.albertscott.com/book-a-call/ from the homepage divisions section and from the case studies or articles most relevant to it.,P2,R18,
AS-137,Book a call page,Book a call page,https://www.albertscott.com/book-a-call/,Body copy links to almost nothing else on the site,https://www.albertscott.com/book-a-call/ has only 1 link(s) in its body content beyond the shared nav and footer.,"Add contextual links from the body copy to related case studies, the relevant articles, and sibling division pages.",P2,R18,
AS-138,Book a call page,Book a call page,https://www.albertscott.com/book-a-call/,No visible call to action in the first mobile screen,"Rendered at 390x844, https://www.albertscott.com/book-a-call/ shows no button or form above the fold; the only CTA (""Contact"") is inside the collapsed hamburger menu. The homepage is the one page on the site where a CTA (""GET MY FREE AUDIT"") is visible without scrolling on mobile.","Add a visible button under the H1 (for example ""Book a Call"" or ""Get My Free Audit"") that renders in the first mobile screen without opening the nav menu.",P2,R20,
AS-139,Location page,Location page,https://www.albertscott.com/our-location/,Title tag does not say what the page is,"The <title> tag reads ""Our Location - Albert Scott"". It contains no term a buyer would search for (no ""Amazon"", ""agency"", the service name, etc.), and the og:title tag copies this same text, so link previews are equally uninformative.","In All in One SEO, set the SEO Title for this page to: ""Amazon Agency in New York: Albert Scott, Inwood NY"".",P1,R7,
AS-140,Location page,Location page,https://www.albertscott.com/our-location/,No meta description,"View source on https://www.albertscott.com/our-location/ and search for name=""description"": the tag is absent.","Write a 120 to 155 character meta description in All in One SEO for this specific page, stating what it offers and for whom.",P1,R8,
AS-141,Location page,Location page,https://www.albertscott.com/our-location/,No H1 heading on the page,https://www.albertscott.com/our-location/ has zero H1 tags in its rendered HTML.,"Add an H1 to the page: for example ""Amazon Agency in New York"".",P2,R9,
AS-142,Location page,Location page,https://www.albertscott.com/our-location/,Thin body content,"https://www.albertscott.com/our-location/ has approximately 120 words of body copy (header, footer, nav, and cookie banner excluded from this count).","Expand this page to at least 900 words, following the structure already used on https://www.albertscott.com/dsp/ (definition, what is included, how it connects to the other divisions, results, FAQ).",P2,R11,
AS-143,Location page,Location page,https://www.albertscott.com/our-location/,Images missing alt text,"https://www.albertscott.com/our-location/ has 4 of 4 images with an empty alt attribute (alt="""").",Open each image in the WordPress Media Library (or edit it directly in the page block) and add descriptive alt text.,P2,R10,
AS-144,Location page,Location page,https://www.albertscott.com/our-location/,Almost no internal links point to this page,Only 0 link(s) from the other 85 crawled pages point at https://www.albertscott.com/our-location/. It is reachable mainly through the sitemap.,Add a link to https://www.albertscott.com/our-location/ from the homepage divisions section and from the case studies or articles most relevant to it.,P2,R18,
AS-145,Location page,Location page,https://www.albertscott.com/our-location/,Body copy links to almost nothing else on the site,https://www.albertscott.com/our-location/ has only 1 link(s) in its body content beyond the shared nav and footer.,"Add contextual links from the body copy to related case studies, the relevant articles, and sibling division pages.",P2,R18,
AS-146,Location page,Location page,https://www.albertscott.com/our-location/,No visible call to action in the first mobile screen,"Rendered at 390x844, https://www.albertscott.com/our-location/ shows no button or form above the fold; the only CTA (""Contact"") is inside the collapsed hamburger menu. The homepage is the one page on the site where a CTA (""GET MY FREE AUDIT"") is visible without scrolling on mobile.","Add a visible button under the H1 (for example ""Book a Call"" or ""Get My Free Audit"") that renders in the first mobile screen without opening the nav menu.",P2,R20,
AS-147,Homepage,Homepage,https://www.albertscott.com/,Company statistics are not present in the page HTML (JavaScript-only),"The five metrics under ""Metrics & Achievements"" (30+ Marketplace Experts, 90+ Client Retention, 10+ Years of Experience, 100M+ Managed Revenue, 50+ Clients) are Divi ""number counter"" modules. Confirmed by comparing the raw HTML (fetched directly, before any JavaScript runs) against the rendered page: the raw HTML contains only a data-number-value=""30+"" attribute with no visible number text; the number ""30+"" is written onto the page by JavaScript after the page loads, driven by that attribute. A crawler or AI system that reads the raw HTML (not the JavaScript-rendered page) sees no numbers at all here, even though a human visitor sees them clearly.","Replace the 5 Divi Number Counter modules in the ""Metrics & Achievements"" section with plain Text modules containing the same numbers and labels as static text, or add one sentence of plain text elsewhere on the page stating all 5 figures together (for example: ""30+ marketplace experts, 90%+ client retention, 10+ years of experience, $100M+ in managed revenue, 50+ clients.""). Either way the numbers must exist as literal text in the page HTML, not only as a data attribute read by JavaScript.",P1,new,
AS-148,Homepage,Homepage,https://www.albertscott.com/,"Homepage competes with older, still-live copies of itself","Three other indexable pages use homepage-style positioning: https://www.albertscott.com/home/ (title ""Albert Scott - A Full Service Amazon Agency"", 1,053 words, 6 H1 tags), https://www.albertscott.com/amazon-management-agency/ (title in all caps ""FULL SERVICE AMAZON GROWTH AGENCY"", 425 words), and https://www.albertscott.com/for-amazon-brands/ plus https://www.albertscott.com/for-amazon-brandsv2/ (205 and 208 words, near-duplicates of each other).","301 redirect https://www.albertscott.com/home/ to https://www.albertscott.com/. Decide whether https://www.albertscott.com/amazon-management-agency/ becomes a distinct ""Amazon account management"" page (see the growth plan) or also redirects to /. Noindex or redirect the two ""for-amazon-brands"" pages if they are not active ad landing pages.",P1,R1,
AS-149,Homepage,Homepage,https://www.albertscott.com/,The four engagement models are not written as one quotable paragraph,"The homepage explains Vendor Central, Seller Central, hybrid, and distributor engagement models, but the explanation is spread across several separate sections rather than stated together in one place. The one AI-search answer that named Albert Scott (for ""which Amazon agencies handle both Vendor Central and Seller Central"") quoted a third-party website's summary of this, not the homepage directly.","Add one short paragraph near the top of the homepage that states all four models together in a form that can be quoted whole, and repeat the same paragraph on https://www.albertscott.com/retail-division/.",P2,G2,
AS-150,Marketing division page,Marketing division page,https://www.albertscott.com/marketing-devision/,"A second, live ""Marketing Division"" page exists at a different URL","https://www.albertscott.com/marketing-division-2/ is a separate, indexable WordPress page with its own title (""Marketing Division - Albert Scott""), its own meta description, and 405 words of body copy covering the same topic as https://www.albertscott.com/marketing-devision/.","301 redirect https://www.albertscott.com/marketing-division-2/ to https://www.albertscott.com/marketing-devision/ (or its corrected slug, see the misspelling row above).",P1,R1,
AS-151,DSP page,DSP page,https://www.albertscott.com/dsp/,FAQ text exists on the page but has no FAQ schema markup,"https://www.albertscott.com/dsp/ contains a visible FAQ-style section in its body copy, but the page's JSON-LD has no FAQPage schema type, so the questions are not eligible for a rich result or an easy AI citation.","Add FAQPage schema for this page's existing questions and answers via All in One SEO's schema generator (Schema tab on the page edit screen, add an FAQ block).",P2,R16,
AS-152,Contact page,Contact page,https://www.albertscott.com/contact-us/,Three separate pages do the job of one contact page,"https://www.albertscott.com/contact-us/ (54 words, no H1), https://www.albertscott.com/book-a-call/ (68 words, no H1, 0 inbound links from any other crawled page), and https://www.albertscott.com/lets-talk/ (50 words) all serve the same purpose.","Keep https://www.albertscott.com/contact-us/ as the one contact page: add an H1 (""Contact Albert Scott""), expand to 150+ words, and include the address and phone number already present in the site's schema. 301 redirect https://www.albertscott.com/lets-talk/ to it. Either 301 redirect https://www.albertscott.com/book-a-call/ to it too, or keep it separate and noindexed if it holds a booking calendar embed that must stay on its own URL.",P2,R20,
AS-153,Location page,Location page,https://www.albertscott.com/our-location/,"Thin, orphaned page holding the site's only local-SEO facts","https://www.albertscott.com/our-location/ has 120 words, no H1, no meta description, and 0 inbound links from any other crawled page. It is the only page that states the Inwood, New York office and warehouse location (near JFK Airport), which is exactly what the query ""Amazon agency New York"" needs and which the site does not currently rank for.","Expand this page into a proper local page: add an H1 (""Amazon Agency in New York: Albert Scott""), 300 to 500 words describing the Inwood office and warehouse, the address and phone already in the site's schema, and add LocalBusiness schema. Link to it from the footer.",P2,G4,
AS-154,Newsroom page,Newsroom page,https://www.albertscott.com/newsroom/,Forbes press coverage is linked but not summarized or claimed in the title,"https://www.albertscott.com/newsroom/ links 5 Forbes Business Council articles by CEO David Greenblatt, but the page title (""Newsroom - Albert Scott"") does not mention Forbes or press coverage, and each link has no summary of what the article covers.","Retitle the page to something like ""Albert Scott in the News: Forbes and Press Coverage"" and add a two-line summary under each Forbes link describing what it covers, linking to the relevant division page where topical.",P3,G7,
AS-155,University page,University page,https://www.albertscott.com/albert-scott-university/,"A duplicate ""University"" page exists at a different URL","https://www.albertscott.com/university/ is a separate, indexable page with 148 words covering the same topic as https://www.albertscott.com/albert-scott-university/.",301 redirect https://www.albertscott.com/university/ to https://www.albertscott.com/albert-scott-university/.,P2,R1,
AS-156,Portfolio gallery page,Portfolio gallery page,https://www.albertscott.com/listings-portfolio-gallery/,"Gallery tiles link directly to image files, not to pages","On https://www.albertscott.com/listings-portfolio-gallery/, 52 of the body links point directly at raw .png/.jpg files under /wp-content/uploads/ (for example https://www.albertscott.com/wp-content/uploads/2026/03/RufusTeague-Sauce-AlbertScott.png) rather than at a project or case-study page, and none of the surrounding images have alt text.","Either link each gallery tile to its matching project page (see the Portfolio projects section below) instead of the raw image file, or add a caption and alt text to each tile if it is meant to stay a pure image gallery.",P2,R13,
AS-157,Case studies page,Case studies page,https://www.albertscott.com/case-studies/,"Page H1 is a generic label, not a description of the content","The H1 on https://www.albertscott.com/case-studies/ reads ""General Case Studies"". The page lists only 3 case studies, while 9 additional case studies exist only as linked PDFs from other pages (Atlas, Flipbelt, Mouthwatchers, Objet D'Art, Great Western, Nora, BeYoutiful, Human Beanz, Roll Comb).","Change the H1 to ""Amazon Growth Case Studies"" and add the 9 PDF-only case studies to this page as proper entries once they are converted to HTML pages (see the Portfolio projects / growth plan section).",P2,G6,
AS-158,Portfolio projects,Project: Superior Trading,https://www.albertscott.com/project/superior-trading/,Project page has almost no text and no image alt text,"https://www.albertscott.com/project/superior-trading/ has 10 words of body copy (typically ""Project Scope: [one line]""), no meta description, 10 of 10 images with empty alt text, and 2 inbound link(s) from other crawled pages (only the portfolio gallery tile).","Either write 150 to 300 words for this project (client, category, what Albert Scott built, which division led it) and add alt text to every image, or set this page to noindex and keep it purely as a gallery visual if writing content for all 23 is not a priority.",P2,R13,
AS-159,Portfolio projects,Project: Vianney,https://www.albertscott.com/project/vianney/,Project page has almost no text and no image alt text,"https://www.albertscott.com/project/vianney/ has 11 words of body copy (typically ""Project Scope: [one line]""), no meta description, 12 of 12 images with empty alt text, and 3 inbound link(s) from other crawled pages (only the portfolio gallery tile).","Either write 150 to 300 words for this project (client, category, what Albert Scott built, which division led it) and add alt text to every image, or set this page to noindex and keep it purely as a gallery visual if writing content for all 23 is not a priority.",P2,R13,
AS-160,Portfolio projects,Project: Verve Culture,https://www.albertscott.com/project/verve-culture/,Project page has almost no text and no image alt text,"https://www.albertscott.com/project/verve-culture/ has 14 words of body copy (typically ""Project Scope: [one line]""), no meta description, 12 of 12 images with empty alt text, and 3 inbound link(s) from other crawled pages (only the portfolio gallery tile).","Either write 150 to 300 words for this project (client, category, what Albert Scott built, which division led it) and add alt text to every image, or set this page to noindex and keep it purely as a gallery visual if writing content for all 23 is not a priority.",P2,R13,
AS-161,Portfolio projects,Project: The Matzo Project,https://www.albertscott.com/project/the-matzo-project/,Project page has almost no text and no image alt text,"https://www.albertscott.com/project/the-matzo-project/ has 13 words of body copy (typically ""Project Scope: [one line]""), no meta description, 11 of 11 images with empty alt text, and 3 inbound link(s) from other crawled pages (only the portfolio gallery tile).","Either write 150 to 300 words for this project (client, category, what Albert Scott built, which division led it) and add alt text to every image, or set this page to noindex and keep it purely as a gallery visual if writing content for all 23 is not a priority.",P2,R13,
AS-162,Portfolio projects,Project: Sunshine Nuts,https://www.albertscott.com/project/sunshine-nuts/,Project page has almost no text and no image alt text,"https://www.albertscott.com/project/sunshine-nuts/ has 12 words of body copy (typically ""Project Scope: [one line]""), no meta description, 11 of 11 images with empty alt text, and 3 inbound link(s) from other crawled pages (only the portfolio gallery tile).","Either write 150 to 300 words for this project (client, category, what Albert Scott built, which division led it) and add alt text to every image, or set this page to noindex and keep it purely as a gallery visual if writing content for all 23 is not a priority.",P2,R13,
AS-163,Portfolio projects,Project: Snail Care,https://www.albertscott.com/project/snail-care/,Project page has almost no text and no image alt text,"https://www.albertscott.com/project/snail-care/ has 14 words of body copy (typically ""Project Scope: [one line]""), no meta description, 12 of 12 images with empty alt text, and 3 inbound link(s) from other crawled pages (only the portfolio gallery tile).","Either write 150 to 300 words for this project (client, category, what Albert Scott built, which division led it) and add alt text to every image, or set this page to noindex and keep it purely as a gallery visual if writing content for all 23 is not a priority.",P2,R13,
AS-164,Portfolio projects,Project: Rufus Teague,https://www.albertscott.com/project/rufus-teague/,Project page has almost no text and no image alt text,"https://www.albertscott.com/project/rufus-teague/ has 12 words of body copy (typically ""Project Scope: [one line]""), no meta description, 11 of 11 images with empty alt text, and 3 inbound link(s) from other crawled pages (only the portfolio gallery tile).","Either write 150 to 300 words for this project (client, category, what Albert Scott built, which division led it) and add alt text to every image, or set this page to noindex and keep it purely as a gallery visual if writing content for all 23 is not a priority.",P2,R13,
AS-165,Portfolio projects,Project: Renew RX,https://www.albertscott.com/project/renew-rx/,Project page has almost no text and no image alt text,"https://www.albertscott.com/project/renew-rx/ has 14 words of body copy (typically ""Project Scope: [one line]""), no meta description, 12 of 12 images with empty alt text, and 3 inbound link(s) from other crawled pages (only the portfolio gallery tile).","Either write 150 to 300 words for this project (client, category, what Albert Scott built, which division led it) and add alt text to every image, or set this page to noindex and keep it purely as a gallery visual if writing content for all 23 is not a priority.",P2,R13,
AS-166,Portfolio projects,Project: Simple Solution,https://www.albertscott.com/project/simple-solution/,Project page has almost no text and no image alt text,"https://www.albertscott.com/project/simple-solution/ has 13 words of body copy (typically ""Project Scope: [one line]""), no meta description, 12 of 12 images with empty alt text, and 3 inbound link(s) from other crawled pages (only the portfolio gallery tile).","Either write 150 to 300 words for this project (client, category, what Albert Scott built, which division led it) and add alt text to every image, or set this page to noindex and keep it purely as a gallery visual if writing content for all 23 is not a priority.",P2,R13,
AS-167,Portfolio projects,Project: OUT!,https://www.albertscott.com/project/out/,Project page has almost no text and no image alt text,"https://www.albertscott.com/project/out/ has 12 words of body copy (typically ""Project Scope: [one line]""), no meta description, 12 of 12 images with empty alt text, and 3 inbound link(s) from other crawled pages (only the portfolio gallery tile).","Either write 150 to 300 words for this project (client, category, what Albert Scott built, which division led it) and add alt text to every image, or set this page to noindex and keep it purely as a gallery visual if writing content for all 23 is not a priority.",P2,R13,
AS-168,Portfolio projects,"Project: National Public Seatinf (slug misspells ""seating"")",https://www.albertscott.com/project/national-public-seatinf/,Project page has almost no text and no image alt text,"https://www.albertscott.com/project/national-public-seatinf/ has 13 words of body copy (typically ""Project Scope: [one line]""), no meta description, 10 of 10 images with empty alt text, and 3 inbound link(s) from other crawled pages (only the portfolio gallery tile).","Either write 150 to 300 words for this project (client, category, what Albert Scott built, which division led it) and add alt text to every image, or set this page to noindex and keep it purely as a gallery visual if writing content for all 23 is not a priority.",P2,R13,
AS-169,Portfolio projects,Project: Nora,https://www.albertscott.com/project/nora/,Project page has almost no text and no image alt text,"https://www.albertscott.com/project/nora/ has 13 words of body copy (typically ""Project Scope: [one line]""), no meta description, 11 of 11 images with empty alt text, and 3 inbound link(s) from other crawled pages (only the portfolio gallery tile).","Either write 150 to 300 words for this project (client, category, what Albert Scott built, which division led it) and add alt text to every image, or set this page to noindex and keep it purely as a gallery visual if writing content for all 23 is not a priority.",P2,R13,
AS-170,Portfolio projects,Project: Kagi,https://www.albertscott.com/project/kagi/,Project page has almost no text and no image alt text,"https://www.albertscott.com/project/kagi/ has 12 words of body copy (typically ""Project Scope: [one line]""), no meta description, 13 of 13 images with empty alt text, and 3 inbound link(s) from other crawled pages (only the portfolio gallery tile).","Either write 150 to 300 words for this project (client, category, what Albert Scott built, which division led it) and add alt text to every image, or set this page to noindex and keep it purely as a gallery visual if writing content for all 23 is not a priority.",P2,R13,
AS-171,Portfolio projects,Project: It's Just Smart,https://www.albertscott.com/project/its-just-smart/,Project page has almost no text and no image alt text,"https://www.albertscott.com/project/its-just-smart/ has 14 words of body copy (typically ""Project Scope: [one line]""), no meta description, 12 of 12 images with empty alt text, and 2 inbound link(s) from other crawled pages (only the portfolio gallery tile).","Either write 150 to 300 words for this project (client, category, what Albert Scott built, which division led it) and add alt text to every image, or set this page to noindex and keep it purely as a gallery visual if writing content for all 23 is not a priority.",P2,R13,
AS-172,Portfolio projects,Project: Magmod,https://www.albertscott.com/project/magmod/,Project page has almost no text and no image alt text,"https://www.albertscott.com/project/magmod/ has 12 words of body copy (typically ""Project Scope: [one line]""), no meta description, 12 of 12 images with empty alt text, and 3 inbound link(s) from other crawled pages (only the portfolio gallery tile).","Either write 150 to 300 words for this project (client, category, what Albert Scott built, which division led it) and add alt text to every image, or set this page to noindex and keep it purely as a gallery visual if writing content for all 23 is not a priority.",P2,R13,
AS-173,Portfolio projects,Project: HYP,https://www.albertscott.com/project/hyp/,Project page has almost no text and no image alt text,"https://www.albertscott.com/project/hyp/ has 11 words of body copy (typically ""Project Scope: [one line]""), no meta description, 12 of 12 images with empty alt text, and 3 inbound link(s) from other crawled pages (only the portfolio gallery tile).","Either write 150 to 300 words for this project (client, category, what Albert Scott built, which division led it) and add alt text to every image, or set this page to noindex and keep it purely as a gallery visual if writing content for all 23 is not a priority.",P2,R13,
AS-174,Portfolio projects,Project: Human Beanz,https://www.albertscott.com/project/human-beanz/,Project page has almost no text and no image alt text,"https://www.albertscott.com/project/human-beanz/ has 14 words of body copy (typically ""Project Scope: [one line]""), no meta description, 13 of 13 images with empty alt text, and 3 inbound link(s) from other crawled pages (only the portfolio gallery tile).","Either write 150 to 300 words for this project (client, category, what Albert Scott built, which division led it) and add alt text to every image, or set this page to noindex and keep it purely as a gallery visual if writing content for all 23 is not a priority.",P2,R13,
AS-175,Portfolio projects,Project: Healthy Heist,https://www.albertscott.com/project/healthy-heist/,Project page has almost no text and no image alt text,"https://www.albertscott.com/project/healthy-heist/ has 14 words of body copy (typically ""Project Scope: [one line]""), no meta description, 12 of 12 images with empty alt text, and 3 inbound link(s) from other crawled pages (only the portfolio gallery tile).","Either write 150 to 300 words for this project (client, category, what Albert Scott built, which division led it) and add alt text to every image, or set this page to noindex and keep it purely as a gallery visual if writing content for all 23 is not a priority.",P2,R13,
AS-176,Portfolio projects,Project: Mannol,https://www.albertscott.com/project/mannol/,Project page has almost no text and no image alt text,"https://www.albertscott.com/project/mannol/ has 11 words of body copy (typically ""Project Scope: [one line]""), no meta description, 11 of 11 images with empty alt text, and 3 inbound link(s) from other crawled pages (only the portfolio gallery tile).","Either write 150 to 300 words for this project (client, category, what Albert Scott built, which division led it) and add alt text to every image, or set this page to noindex and keep it purely as a gallery visual if writing content for all 23 is not a priority.",P2,R13,
AS-177,Portfolio projects,Project: Guylian,https://www.albertscott.com/project/guylian/,Project page has almost no text and no image alt text,"https://www.albertscott.com/project/guylian/ has 12 words of body copy (typically ""Project Scope: [one line]""), no meta description, 12 of 12 images with empty alt text, and 3 inbound link(s) from other crawled pages (only the portfolio gallery tile).","Either write 150 to 300 words for this project (client, category, what Albert Scott built, which division led it) and add alt text to every image, or set this page to noindex and keep it purely as a gallery visual if writing content for all 23 is not a priority.",P2,R13,
AS-178,Portfolio projects,Project: Great Western Foods,https://www.albertscott.com/project/great-western-foods/,Project page has almost no text and no image alt text,"https://www.albertscott.com/project/great-western-foods/ has 14 words of body copy (typically ""Project Scope: [one line]""), no meta description, 11 of 11 images with empty alt text, and 3 inbound link(s) from other crawled pages (only the portfolio gallery tile).","Either write 150 to 300 words for this project (client, category, what Albert Scott built, which division led it) and add alt text to every image, or set this page to noindex and keep it purely as a gallery visual if writing content for all 23 is not a priority.",P2,R13,
AS-179,Portfolio projects,Project: Bluestem Botanicals,https://www.albertscott.com/project/3835/,Project page has almost no text and no image alt text,"https://www.albertscott.com/project/3835/ has 13 words of body copy (typically ""Project Scope: [one line]""), no meta description, 12 of 12 images with empty alt text, and 3 inbound link(s) from other crawled pages (only the portfolio gallery tile).","Either write 150 to 300 words for this project (client, category, what Albert Scott built, which division led it) and add alt text to every image, or set this page to noindex and keep it purely as a gallery visual if writing content for all 23 is not a priority.",P2,R13,
AS-180,Portfolio projects,Project: Blue Chill,https://www.albertscott.com/project/blue-chill/,Project page has almost no text and no image alt text,"https://www.albertscott.com/project/blue-chill/ has 10 words of body copy (typically ""Project Scope: [one line]""), no meta description, 12 of 12 images with empty alt text, and 2 inbound link(s) from other crawled pages (only the portfolio gallery tile).","Either write 150 to 300 words for this project (client, category, what Albert Scott built, which division led it) and add alt text to every image, or set this page to noindex and keep it purely as a gallery visual if writing content for all 23 is not a priority.",P2,R13,
AS-181,Portfolio projects,Project: National Public Seatinf,https://www.albertscott.com/project/national-public-seatinf/,URL slug contains a typo,"The slug reads ""national-public-seatinf"" instead of ""seating"".","Rename the slug to ""national-public-seating"" in WordPress (it will auto-create a redirect from the old slug); update the internal link from the portfolio gallery to the new slug.",P3,R13,
AS-182,Blog posts,Post: Mouthwatchers,https://www.albertscott.com/blog/mouthwatchers/,This post duplicates an existing case study for the same brand,"https://www.albertscott.com/blog/mouthwatchers/ (108 words) covers the same brand as https://www.albertscott.com/case-studies/mouthwatchers/ (517 words, currently noindexed).","301 redirect this post to https://www.albertscott.com/case-studies/mouthwatchers/, then remove the noindex tag from that case study page (see the Case study: Mouthwatchers row above).",P2,R12,
AS-183,Blog posts,Post: Atlas Olive Oil Spray,https://www.albertscott.com/blog/atlas-olive-oil-spray/,This post likely duplicates an existing case study for the same brand,"https://www.albertscott.com/blog/atlas-olive-oil-spray/ (70 words) covers Atlas's Extra Virgin Olive Oil; https://www.albertscott.com/case-studies/atlas-olive-oils/ (555 words) covers the same brand, Atlas Olive Oils. These may be the same product line or a related one; confirm before merging.","Confirm with the site owner whether these describe the same product line. If so, 301 redirect the post to the case study page. If the spray is a genuinely separate product not covered by the case study, keep the post but expand it well past 70 words and add a meta description.",P2,R12,
AS-184,Blog posts,Post: Tabanero,https://www.albertscott.com/blog/tabanero/,Standalone thin post with no case study or project counterpart,"https://www.albertscott.com/blog/tabanero/ has 119 words describing a storefront or listing design project for Tabanero. Checked against the full list of 23 portfolio projects and the 3 case study pages: no page on the site covers this brand elsewhere, so this is not a duplicate, it is simply thin (all 6 of these posts run 61 to 139 words with no meta description).","Either expand to at least 300 words (what was built, the division involved, the result) and add a meta description, or fold it into a new ""portfolio"" entry alongside the 23 /project/ pages rather than leaving it as a separate thin post type.",P2,R13,
AS-185,Blog posts,Post: YumVs,https://www.albertscott.com/blog/yumvs/,Standalone thin post with no case study or project counterpart,"https://www.albertscott.com/blog/yumvs/ has 93 words describing a storefront or listing design project for YumVs. Checked against the full list of 23 portfolio projects and the 3 case study pages: no page on the site covers this brand elsewhere, so this is not a duplicate, it is simply thin (all 6 of these posts run 61 to 139 words with no meta description).","Either expand to at least 300 words (what was built, the division involved, the result) and add a meta description, or fold it into a new ""portfolio"" entry alongside the 23 /project/ pages rather than leaving it as a separate thin post type.",P2,R13,
AS-186,Blog posts,Post: Objet D'Art,https://www.albertscott.com/blog/objet-dart/,Standalone thin post with no case study or project counterpart,"https://www.albertscott.com/blog/objet-dart/ has 61 words describing a storefront or listing design project for Objet D'Art. Checked against the full list of 23 portfolio projects and the 3 case study pages: no page on the site covers this brand elsewhere, so this is not a duplicate, it is simply thin (all 6 of these posts run 61 to 139 words with no meta description).","Either expand to at least 300 words (what was built, the division involved, the result) and add a meta description, or fold it into a new ""portfolio"" entry alongside the 23 /project/ pages rather than leaving it as a separate thin post type.",P2,R13,
AS-187,Blog posts,Post: Rae Dunn,https://www.albertscott.com/blog/rae-dunn/,Standalone thin post with no case study or project counterpart,"https://www.albertscott.com/blog/rae-dunn/ has 65 words describing a storefront or listing design project for Rae Dunn. Checked against the full list of 23 portfolio projects and the 3 case study pages: no page on the site covers this brand elsewhere, so this is not a duplicate, it is simply thin (all 6 of these posts run 61 to 139 words with no meta description).","Either expand to at least 300 words (what was built, the division involved, the result) and add a meta description, or fold it into a new ""portfolio"" entry alongside the 23 /project/ pages rather than leaving it as a separate thin post type.",P2,R13,
AS-188,Blog posts,Post: Jose Gourmet,https://www.albertscott.com/blog/jose-gourmet/,Standalone thin post with no case study or project counterpart,"https://www.albertscott.com/blog/jose-gourmet/ has 139 words describing a storefront or listing design project for Jose Gourmet. Checked against the full list of 23 portfolio projects and the 3 case study pages: no page on the site covers this brand elsewhere, so this is not a duplicate, it is simply thin (all 6 of these posts run 61 to 139 words with no meta description).","Either expand to at least 300 words (what was built, the division involved, the result) and add a meta description, or fold it into a new ""portfolio"" entry alongside the 23 /project/ pages rather than leaving it as a separate thin post type.",P2,R13,
AS-189,Blog posts,Post: '73 Originals,https://www.albertscott.com/blog/73-originals/,Standalone thin post with no case study or project counterpart,"https://www.albertscott.com/blog/73-originals/ has 123 words describing a storefront or listing design project for '73 Originals. Checked against the full list of 23 portfolio projects and the 3 case study pages: no page on the site covers this brand elsewhere, so this is not a duplicate, it is simply thin (all 6 of these posts run 61 to 139 words with no meta description).","Either expand to at least 300 words (what was built, the division involved, the result) and add a meta description, or fold it into a new ""portfolio"" entry alongside the 23 /project/ pages rather than leaving it as a separate thin post type.",P2,R13,
AS-190,"Triage: legacy, test, and duplicate pages",Legacy/test page: /home/,https://www.albertscott.com/home/,Old homepage still live and indexable,"Title ""Albert Scott - A Full Service Amazon Agency"", 1,053 words, 6 H1 tags. Competes directly with the real homepage.",301 redirect to https://www.albertscott.com/,P2,R1,
AS-191,"Triage: legacy, test, and duplicate pages",Legacy/test page: /amazon-management-agency/,https://www.albertscott.com/amazon-management-agency/,Legacy landing page with an all-caps title,"Title ""FULL SERVICE AMAZON GROWTH AGENCY"", 425 words, no H1, placeholder-style body text, still indexed (returned by a site: search).","Rebuild as a distinct ""Amazon account management"" page (see growth plan G2), or 301 redirect to https://www.albertscott.com/",P2,R1,
AS-192,"Triage: legacy, test, and duplicate pages",Legacy/test page: /for-amazon-brands/,https://www.albertscott.com/for-amazon-brands/,"Ad landing page, indexable, no inbound links","205 words, appears to be built for a paid ad campaign.",Noindex if still used for active ads; otherwise 301 redirect to https://www.albertscott.com/,P2,R1,
AS-193,"Triage: legacy, test, and duplicate pages",Legacy/test page: /for-amazon-brandsv2/,https://www.albertscott.com/for-amazon-brandsv2/,Duplicate of /for-amazon-brands/,"208 words, near-identical to /for-amazon-brands/, no inbound links.",Noindex if still used for active ads; otherwise 301 redirect to https://www.albertscott.com/,P2,R1,
AS-194,"Triage: legacy, test, and duplicate pages",Legacy/test page: /amazon-growth-audit/,https://www.albertscott.com/amazon-growth-audit/,"Ad form landing page, title ""Form Ads""",363 words.,Noindex if still an active ad landing page; otherwise 301 redirect to https://www.albertscott.com/,P2,R1,
AS-195,"Triage: legacy, test, and duplicate pages",Legacy/test page: /amazon-growth-audit-v2/,https://www.albertscott.com/amazon-growth-audit-v2/,"Near-empty duplicate, title ""Form Ads v2""",0 words of body copy captured.,Delete (410) or noindex; this is a leftover test version,P2,R1,
AS-196,"Triage: legacy, test, and duplicate pages",Legacy/test page: /form-ads-test/,https://www.albertscott.com/form-ads-test/,"Test page, title says ""TEST""","4 words of body copy, title ""Form Ads - TEST"".",Delete (410),P2,R1,
AS-197,"Triage: legacy, test, and duplicate pages",Legacy/test page: /services/,https://www.albertscott.com/services/,Legacy services page from 2022,"312 words. Meta description contains raw ""[vc_row css_animation=..."" shortcode text.",301 redirect to https://www.albertscott.com/,P2,R1,
AS-198,"Triage: legacy, test, and duplicate pages",Legacy/test page: /services-2/,https://www.albertscott.com/services-2/,Duplicate of /services/,"178 words, same title ""Services"" as /services/.",301 redirect to https://www.albertscott.com/,P2,R1,
AS-199,"Triage: legacy, test, and duplicate pages",Legacy/test page: /our-service/,https://www.albertscott.com/our-service/,Legacy page from 2019,"388 words. Meta description contains raw ""[vc_row css_animation=..."" shortcode text.",301 redirect to https://www.albertscott.com/,P2,R1,
AS-200,"Triage: legacy, test, and duplicate pages",Legacy/test page: /additional-services/,https://www.albertscott.com/additional-services/,Legacy page from 2019,Shortcode leak in body text.,301 redirect to https://www.albertscott.com/,P2,R1,
AS-201,"Triage: legacy, test, and duplicate pages",Legacy/test page: /overview/,https://www.albertscott.com/overview/,"Legacy page from 2019, title in all caps (""OVERVIEW"")",Shortcode leak in body text; overflows the viewport at both 390px and 1440px.,301 redirect to https://www.albertscott.com/,P2,R1,
AS-202,"Triage: legacy, test, and duplicate pages",Legacy/test page: /marketing-division-2/,https://www.albertscott.com/marketing-division-2/,Duplicate marketing division page,"405 words, own meta description. Already listed above under Marketing division page.",301 redirect to https://www.albertscott.com/marketing-devision/,P2,R1,
AS-203,"Triage: legacy, test, and duplicate pages",Legacy/test page: /retail-management/,https://www.albertscott.com/retail-management/,Duplicate of the Retail division page,"125 words, 1 inbound link.",301 redirect to https://www.albertscott.com/retail-division/,P2,R1,
AS-204,"Triage: legacy, test, and duplicate pages",Legacy/test page: /university/,https://www.albertscott.com/university/,Duplicate University page,148 words. Already listed above under University page.,301 redirect to https://www.albertscott.com/albert-scott-university/,P2,R1,
AS-205,"Triage: legacy, test, and duplicate pages",Legacy/test page: /portfolio/,https://www.albertscott.com/portfolio/,Legacy portfolio page,70 words.,301 redirect to https://www.albertscott.com/listings-portfolio-gallery/,P2,R1,
AS-206,"Triage: legacy, test, and duplicate pages",Legacy/test page: /recent-success/,https://www.albertscott.com/recent-success/,Legacy page from 2019,Shortcode leak in body text.,301 redirect to https://www.albertscott.com/listings-portfolio-gallery/,P2,R1,
AS-207,"Triage: legacy, test, and duplicate pages",Legacy/test page: /videos/,https://www.albertscott.com/videos/,Legacy page from 2019,Shortcode leak in body text; overflows the viewport at 390px.,301 redirect to https://www.albertscott.com/listings-portfolio-gallery/,P2,R1,
AS-208,"Triage: legacy, test, and duplicate pages",Legacy/test page: /our-story/,https://www.albertscott.com/our-story/,"Legacy page from 2019, holds the founding story","Shortcode leak in body text. This page has the company's founding story, which /about-us/ currently lacks.","Copy the founding story content into https://www.albertscott.com/about-us/ before redirecting, then 301 redirect this page to /about-us/",P2,R1,
AS-209,"Triage: legacy, test, and duplicate pages",Legacy/test page: /our-team/,https://www.albertscott.com/our-team/,Legacy page from 2018,Shortcode leak in body text; overflows the viewport at 390px.,301 redirect to https://www.albertscott.com/about-us/,P2,R1,
AS-210,"Triage: legacy, test, and duplicate pages",Legacy/test page: /our-management/,https://www.albertscott.com/our-management/,Legacy page from 2020,Shortcode leak in body text.,301 redirect to https://www.albertscott.com/about-us/,P2,R1,
AS-211,"Triage: legacy, test, and duplicate pages",Legacy/test page: /our-world-wide-team/,https://www.albertscott.com/our-world-wide-team/,Legacy page from 2019,Shortcode leak in body text.,301 redirect to https://www.albertscott.com/about-us/,P2,R1,
AS-212,"Triage: legacy, test, and duplicate pages",Legacy/test page: /niftyone-custom-portal/,https://www.albertscott.com/niftyone-custom-portal/,"Legacy page from 2019, unrelated internal tool name",Shortcode leak in body text.,301 redirect to https://www.albertscott.com/about-us/,P2,R1,
AS-213,"Triage: legacy, test, and duplicate pages",Legacy/test page: /clients/,https://www.albertscott.com/clients/,"Legacy clients page, still indexed",Returned by a site: search on 2026-09-03; a logo wall with no alt text on any logo.,"301 redirect to https://www.albertscott.com/case-studies/, or rebuild with alt text on every client logo",P2,R1,
AS-214,"Triage: legacy, test, and duplicate pages",Legacy/test page: /lets-talk/,https://www.albertscott.com/lets-talk/,Duplicate contact page,50 words. Already listed above under Contact page.,301 redirect to https://www.albertscott.com/contact-us/,P2,R1,
AS-215,"Triage: legacy, test, and duplicate pages",Legacy/test page: /book-a-call/,https://www.albertscott.com/book-a-call/,"Duplicate contact page, orphaned","68 words, no H1, 0 inbound links from any other crawled page. Already listed above under Contact page.","301 redirect to https://www.albertscott.com/contact-us/, or keep separate and noindexed if a booking calendar embed needs its own URL",P2,R1,
AS-216,"Triage: legacy, test, and duplicate pages",Legacy/test page: /thankyou/,https://www.albertscott.com/thankyou/,Duplicate thank-you page,102 words. Same title pattern as /thank-you/.,301 redirect to https://www.albertscott.com/thank-you/,P2,R1,
AS-217,"Triage: legacy, test, and duplicate pages",Legacy/test page: /thank-you/,https://www.albertscott.com/thank-you/,"Second thank-you page, both indexable",180 words.,Keep this one as the canonical thank-you page but set it to noindex (thank-you pages should not appear in search),P2,R1,
AS-218,"Triage: legacy, test, and duplicate pages",Legacy/test page: /test-page/,https://www.albertscott.com/test-page/,"Test page, live and indexable","290 words, title ""test page"".",Delete (410),P2,R1,
AS-219,"Triage: legacy, test, and duplicate pages",Legacy/test page: /test-modules/,https://www.albertscott.com/test-modules/,Test page linking two dead URLs,"Links to /marketing-management/ and /privacy-policy-2/, both 404 (see the Junk URLs section above).",Delete (410),P2,R1,
AS-220,"Triage: legacy, test, and duplicate pages",Legacy/test page: /hero/,https://www.albertscott.com/hero/,Design fragment page,40 words.,Delete (410),P2,R1,
AS-221,"Triage: legacy, test, and duplicate pages",Legacy/test page: /sample-page/,https://www.albertscott.com/sample-page/,"The WordPress default ""Sample Page"", still live","335 words, the placeholder text WordPress installs by default, indexable.",Delete (410),P2,R1,
AS-222,Copy style,See URL,https://www.albertscott.com/blog/mastering-amazon-dsp/,9 em dash(es) in body copy,https://www.albertscott.com/blog/mastering-amazon-dsp/ contains 9 em dash character(s) in its visible body text. House style for this site is no em dashes.,"Replace each em dash with a comma, period, or colon when this page is next edited.",P3,R14,
AS-223,Copy style,See URL,https://www.albertscott.com/blog/subscribe-and-save-strategies/,3 em dash(es) in body copy,https://www.albertscott.com/blog/subscribe-and-save-strategies/ contains 3 em dash character(s) in its visible body text. House style for this site is no em dashes.,"Replace each em dash with a comma, period, or colon when this page is next edited.",P3,R14,
AS-224,Copy style,See URL,https://www.albertscott.com/blog/streamlining-logistics-for-scalable-amazon-success/,20 em dash(es) in body copy,https://www.albertscott.com/blog/streamlining-logistics-for-scalable-amazon-success/ contains 20 em dash character(s) in its visible body text. House style for this site is no em dashes.,"Replace each em dash with a comma, period, or colon when this page is next edited.",P3,R14,
AS-225,Copy style,See URL,https://www.albertscott.com/,4 em dash(es) in body copy,https://www.albertscott.com/ contains 4 em dash character(s) in its visible body text. House style for this site is no em dashes.,"Replace each em dash with a comma, period, or colon when this page is next edited.",P3,R14,
AS-226,Copy style,See URL,https://www.albertscott.com/newsroom/,2 em dash(es) in body copy,https://www.albertscott.com/newsroom/ contains 2 em dash character(s) in its visible body text. House style for this site is no em dashes.,"Replace each em dash with a comma, period, or colon when this page is next edited.",P3,R14,
AS-227,Copy style,See URL,https://www.albertscott.com/case-studies/atlas-olive-oils/,5 em dash(es) in body copy,https://www.albertscott.com/case-studies/atlas-olive-oils/ contains 5 em dash character(s) in its visible body text. House style for this site is no em dashes.,"Replace each em dash with a comma, period, or colon when this page is next edited.",P3,R14,
AS-228,Copy style,See URL,https://www.albertscott.com/case-studies/beyoutiful/,3 em dash(es) in body copy,https://www.albertscott.com/case-studies/beyoutiful/ contains 3 em dash character(s) in its visible body text. House style for this site is no em dashes.,"Replace each em dash with a comma, period, or colon when this page is next edited.",P3,R14,
AS-229,Copy style,See URL,https://www.albertscott.com/about-us/,7 em dash(es) in body copy,https://www.albertscott.com/about-us/ contains 7 em dash character(s) in its visible body text. House style for this site is no em dashes.,"Replace each em dash with a comma, period, or colon when this page is next edited.",P3,R14,
AS-230,Copy style,See URL,https://www.albertscott.com/marketing-division-2/,1 em dash(es) in body copy,https://www.albertscott.com/marketing-division-2/ contains 1 em dash character(s) in its visible body text. House style for this site is no em dashes.,"Replace each em dash with a comma, period, or colon when this page is next edited.",P3,R14,
AS-231,Copy style,See URL,https://www.albertscott.com/marketing-devision/,3 em dash(es) in body copy,https://www.albertscott.com/marketing-devision/ contains 3 em dash character(s) in its visible body text. House style for this site is no em dashes.,"Replace each em dash with a comma, period, or colon when this page is next edited.",P3,R14,
AS-232,Copy style,See URL,https://www.albertscott.com/retail-division/,1 em dash(es) in body copy,https://www.albertscott.com/retail-division/ contains 1 em dash character(s) in its visible body text. House style for this site is no em dashes.,"Replace each em dash with a comma, period, or colon when this page is next edited.",P3,R14,
AS-233,Copy style,See URL,https://www.albertscott.com/listing-division/,6 em dash(es) in body copy,https://www.albertscott.com/listing-division/ contains 6 em dash character(s) in its visible body text. House style for this site is no em dashes.,"Replace each em dash with a comma, period, or colon when this page is next edited.",P3,R14,
AS-234,Copy style,See URL,https://www.albertscott.com/case-studies/,2 em dash(es) in body copy,https://www.albertscott.com/case-studies/ contains 2 em dash character(s) in its visible body text. House style for this site is no em dashes.,"Replace each em dash with a comma, period, or colon when this page is next edited.",P3,R14,
AS-235,Copy style,See URL,https://www.albertscott.com/dsp/,6 em dash(es) in body copy,https://www.albertscott.com/dsp/ contains 6 em dash character(s) in its visible body text. House style for this site is no em dashes.,"Replace each em dash with a comma, period, or colon when this page is next edited.",P3,R14,
AS-236,Copy style,See URL,https://www.albertscott.com/retail-management/,1 em dash(es) in body copy,https://www.albertscott.com/retail-management/ contains 1 em dash character(s) in its visible body text. House style for this site is no em dashes.,"Replace each em dash with a comma, period, or colon when this page is next edited.",P3,R14,
AS-237,Copy style,See URL,https://www.albertscott.com/clients/,4 em dash(es) in body copy,https://www.albertscott.com/clients/ contains 4 em dash character(s) in its visible body text. House style for this site is no em dashes.,"Replace each em dash with a comma, period, or colon when this page is next edited.",P3,R14,
AS-238,Copy style,See URL,https://www.albertscott.com/videos/,1 em dash(es) in body copy,https://www.albertscott.com/videos/ contains 1 em dash character(s) in its visible body text. House style for this site is no em dashes.,"Replace each em dash with a comma, period, or colon when this page is next edited.",P3,R14,
AS-239,Copy style,See URL,https://www.albertscott.com/case-studies/mouthwatchers/,5 em dash(es) in body copy,https://www.albertscott.com/case-studies/mouthwatchers/ contains 5 em dash character(s) in its visible body text. House style for this site is no em dashes.,"Replace each em dash with a comma, period, or colon when this page is next edited.",P3,R14,
